// 4.25.0 0x28fcb626 D2 AY R1 FARGB8888 U888 N0 SExtFlashSection
// Generated by imageconverter. Please, do not edit!

#include <touchgfx/hal/Config.hpp>

LOCATION_PRAGMA_32("ExtFlashSection")
KEEP extern const unsigned char image_alternate_theme_images_widgets_button_regular_height_50_large_round_pressed[] LOCATION_ATTRIBUTE_32("ExtFlashSection") = { // 370x50 ARGB8888 pixels.
    0x00, 0x00, 0x00, 0x00, 0x00, 0x00, 0x00, 0x00, 0x00, 0x00, 0x00, 0x00,
    0x00, 0x00, 0x00, 0x00, 0x00, 0x00, 0x00, 0x00, 0x00, 0x00, 0x00, 0x00,
    0x00, 0x00, 0x00, 0x00, 0x00, 0x00, 0x00, 0x00, 0x00, 0x00, 0x00, 0x00,
    0x00, 0x00, 0x00, 0x00, 0x00, 0x00, 0x00, 0x00, 0x00, 0x00, 0x00, 0x00,
    0x00, 0x00, 0x00, 0x00, 0x00, 0x00, 0x00, 0x00, 0x00, 0x00, 0x00, 0x00,
    0x00, 0x00, 0x00, 0x00, 0x00, 0x00, 0x00, 0x00, 0x00, 0x00, 0x00, 0x00,
    0x73, 0x63, 0x4a, 0x1f, 0x71, 0x61, 0x46, 0x5f, 0x6d, 0x5d, 0x42, 0x8f,
    0x6b, 0x5a, 0x40, 0xcf, 0x69, 0x58, 0x3d, 0xdf, 0x66, 0x55, 0x3b, 0xef,
    0x63, 0x52, 0x39, 0xff, 0x5f, 0x4f, 0x37, 0xff, 0x5c, 0x4c, 0x34, 0xff,
    0x58, 0x49, 0x32, 0xdf, 0x53, 0x44, 0x31, 0xbf, 0x50, 0x42, 0x2e, 0x8f,
    0x50, 0x43, 0x30, 0x5f, 0x50, 0x48, 0x30, 0x20, 0x00, 0x00, 0x00, 0x00,
    0x00, 0x00, 0x00, 0x00, 0x00, 0x00, 0x00, 0x00, 0x00, 0x00, 0x00, 0x00,
    0x00, 0x00, 0x00, 0x00, 0x00, 0x00, 0x00, 0x00, 0x00, 0x00, 0x00, 0x00,
    0x00, 0x00, 0x00, 0x00, 0x00, 0x00, 0x00, 0x00, 0x00, 0x00, 0x00, 0x00,
    0x00, 0x00, 0x00, 0x00, 0x00, 0x00, 0x00, 0x00, 0x00, 0x00, 0x00, 0x00,
    0x00, 0x00, 0x00, 0x00, 0x00, 0x00, 0x00, 0x00, 0x00, 0x00, 0x00, 0x00,
    0x00, 0x00, 0x00, 0x00, 0x00, 0x00, 0x00, 0x00, 0x00, 0x00, 0x00, 0x00,
    0x00, 0x00, 0x00, 0x00, 0x00, 0x00, 0x00, 0x00, 0x00, 0x00, 0x00, 0x00,
    0x00, 0x00, 0x00, 0x00, 0x00, 0x00, 0x00, 0x00, 0x00, 0x00, 0x00, 0x00,
    0x00, 0x00, 0x00, 0x00, 0x00, 0x00, 0x00, 0x00, 0x00, 0x00, 0x00, 0x00,
    0x00, 0x00, 0x00, 0x00, 0x00, 0x00, 0x00, 0x00, 0x00, 0x00, 0x00, 0x00,
    0x00, 0x00, 0x00, 0x00, 0x00, 0x00, 0x00, 0x00, 0x70, 0x60, 0x40, 0x10,
    0x70, 0x62, 0x48, 0x7f, 0x6d, 0x5d, 0x43, 0xdf, 0x68, 0x57, 0x3d, 0xff,
    0x63, 0x52, 0x37, 0xff, 0x60, 0x4d, 0x32, 0xff, 0x5d, 0x4b, 0x2e, 0xff,
    0x5b, 0x48, 0x2c, 0xff, 0x5b, 0x48, 0x2b, 0xff, 0x59, 0x47, 0x2a, 0xff,
    0x59, 0x46, 0x2a, 0xff, 0x59, 0x46, 0x2a, 0xff, 0x59, 0x47, 0x2a, 0xff,
    0x5a, 0x48, 0x2b, 0xff, 0x58, 0x46, 0x2a, 0xff, 0x53, 0x43, 0x2a, 0xff,
    0x4b, 0x3d, 0x29, 0xff, 0x4a, 0x3e, 0x2a, 0xdf, 0x4e, 0x40, 0x2d, 0x8f,
    0x50, 0x40, 0x30, 0x20, 0x00, 0x00, 0x00, 0x00, 0x00, 0x00, 0x00, 0x00,
    0x00, 0x00, 0x00, 0x00, 0x00, 0x00, 0x00, 0x00, 0x00, 0x00, 0x00, 0x00,
    0x00, 0x00, 0x00, 0x00, 0x00, 0x00, 0x00, 0x00, 0x00, 0x00, 0x00, 0x00,
    0x00, 0x00, 0x00, 0x00, 0x00, 0x00, 0x00, 0x00, 0x00, 0x00, 0x00, 0x00,
    0x00, 0x00, 0x00, 0x00, 0x00, 0x00, 0x00, 0x00, 0x00, 0x00, 0x00, 0x00,
    0x00, 0x00, 0x00, 0x00, 0x00, 0x00, 0x00, 0x00, 0x00, 0x00, 0x00, 0x00,
    0x00, 0x00, 0x00, 0x00, 0x00, 0x00, 0x00, 0x00, 0x00, 0x00, 0x00, 0x00,
    0x00, 0x00, 0x00, 0x00, 0x00, 0x00, 0x00, 0x00, 0x00, 0x00, 0x00, 0x00,
    0x00, 0x00, 0x00, 0x00, 0x00, 0x00, 0x00, 0x00, 0x00, 0x00, 0x00, 0x00,
    0x00, 0x00, 0x00, 0x00, 0x00, 0x00, 0x00, 0x00, 0x77, 0x64, 0x4c, 0x40,
    0x71, 0x61, 0x49, 0xbf, 0x6c, 0x5b, 0x41, 0xff, 0x63, 0x52, 0x38, 0xff,
    0x5e, 0x4c, 0x30, 0xff, 0x5b, 0x48, 0x2b, 0xff, 0x59, 0x46, 0x2a, 0xff,
    0x57, 0x44, 0x28, 0xff, 0x57, 0x44, 0x27, 0xff, 0x57, 0x44, 0x27, 0xff,
    0x57, 0x44, 0x27, 0xff, 0x57, 0x44, 0x27, 0xff, 0x57, 0x44, 0x27, 0xff,
    0x57, 0x44, 0x27, 0xff, 0x57, 0x44, 0x27, 0xff, 0x57, 0x44, 0x27, 0xff,
    0x57, 0x44, 0x27, 0xff, 0x57, 0x44, 0x27, 0xff, 0x58, 0x45, 0x28, 0xff,
    0x4f, 0x3f, 0x25, 0xff, 0x46, 0x38, 0x22, 0xff, 0x47, 0x3a, 0x26, 0xff,
    0x4a, 0x3d, 0x28, 0x9f, 0x48, 0x40, 0x28, 0x20, 0x00, 0x00, 0x00, 0x00,
    0x00, 0x00, 0x00, 0x00, 0x00, 0x00, 0x00, 0x00, 0x00, 0x00, 0x00, 0x00,
    0x00, 0x00, 0x00, 0x00, 0x00, 0x00, 0x00, 0x00, 0x00, 0x00, 0x00, 0x00,
    0x00, 0x00, 0x00, 0x00, 0x00, 0x00, 0x00, 0x00, 0x00, 0x00, 0x00, 0x00,
    0x00, 0x00, 0x00, 0x00, 0x00, 0x00, 0x00, 0x00, 0x00, 0x00, 0x00, 0x00,
    0x00, 0x00, 0x00, 0x00, 0x00, 0x00, 0x00, 0x00, 0x00, 0x00, 0x00, 0x00,
    0x00, 0x00, 0x00, 0x00, 0x00, 0x00, 0x00, 0x00, 0x00, 0x00, 0x00, 0x00,
    0x00, 0x00, 0x00, 0x00, 0x00, 0x00, 0x00, 0x00, 0x00, 0x00, 0x00, 0x00,
    0x00, 0x00, 0x00, 0x00, 0x00, 0x00, 0x00, 0x00, 0x77, 0x68, 0x50, 0x20,
    0x73, 0x63, 0x4d, 0xaf, 0x6c, 0x5c, 0x42, 0xff, 0x62, 0x51, 0x37, 0xff,
    0x5d, 0x4a, 0x2e, 0xff, 0x59, 0x46, 0x2a, 0xff, 0x57, 0x44, 0x28, 0xff,
    0x57, 0x44, 0x27, 0xff, 0x57, 0x44, 0x27, 0xff, 0x57, 0x44, 0x27, 0xff,
    0x57, 0x44, 0x27, 0xff, 0x57, 0x44, 0x27, 0xff, 0x57, 0x44, 0x27, 0xff,
    0x57, 0x44, 0x27, 0xff, 0x57, 0x44, 0x27, 0xff, 0x57, 0x44, 0x27, 0xff,
    0x57, 0x44, 0x27, 0xff, 0x57, 0x44, 0x27, 0xff, 0x57, 0x44, 0x27, 0xff,
    0x57, 0x44, 0x27, 0xff, 0x57, 0x44, 0x27, 0xff, 0x57, 0x44, 0x27, 0xff,
    0x57, 0x44, 0x27, 0xff, 0x4e, 0x3d, 0x23, 0xff, 0x44, 0x36, 0x20, 0xff,
    0x45, 0x38, 0x23, 0xff, 0x48, 0x3b, 0x28, 0x9f, 0x48, 0x40, 0x28, 0x20,
    0x00, 0x00, 0x00, 0x00, 0x00, 0x00, 0x00, 0x00, 0x00, 0x00, 0x00, 0x00,
    0x00, 0x00, 0x00, 0x00, 0x00, 0x00, 0x00, 0x00, 0x00, 0x00, 0x00, 0x00,
    0x00, 0x00, 0x00, 0x00, 0x00, 0x00, 0x00, 0x00, 0x00, 0x00, 0x00, 0x00,
    0x00, 0x00, 0x00, 0x00, 0x00, 0x00, 0x00, 0x00, 0x00, 0x00, 0x00, 0x00,
    0x00, 0x00, 0x00, 0x00, 0x00, 0x00, 0x00, 0x00, 0x00, 0x00, 0x00, 0x00,
    0x00, 0x00, 0x00, 0x00, 0x00, 0x00, 0x00, 0x00, 0x00, 0x00, 0x00, 0x00,
    0x00, 0x00, 0x00, 0x00, 0x00, 0x00, 0x00, 0x00, 0x00, 0x00, 0x00, 0x00,
    0x76, 0x66, 0x50, 0x70, 0x70, 0x60, 0x46, 0xef, 0x66, 0x55, 0x3a, 0xff,
    0x5d, 0x4b, 0x2f, 0xff, 0x59, 0x46, 0x2a, 0xff, 0x57, 0x44, 0x27, 0xff,
    0x57, 0x44, 0x27, 0xff, 0x57, 0x44, 0x27, 0xff, 0x57, 0x44, 0x27, 0xff,
    0x57, 0x44, 0x27, 0xff, 0x57, 0x44, 0x27, 0xff, 0x57, 0x44, 0x27, 0xff,
    0x57, 0x44, 0x27, 0xff, 0x57, 0x44, 0x27, 0xff, 0x57, 0x44, 0x27, 0xff,
    0x57, 0x44, 0x27, 0xff, 0x57, 0x44, 0x27, 0xff, 0x57, 0x44, 0x27, 0xff,
    0x57, 0x44, 0x27, 0xff, 0x57, 0x44, 0x27, 0xff, 0x57, 0x44, 0x27, 0xff,
    0x57, 0x44, 0x27, 0xff, 0x57, 0x44, 0x27, 0xff, 0x57, 0x44, 0x27, 0xff,
    0x57, 0x44, 0x27, 0xff, 0x54, 0x41, 0x25, 0xff, 0x48, 0x38, 0x21, 0xff,
    0x41, 0x33, 0x1f, 0xff, 0x45, 0x38, 0x23, 0xdf, 0x48, 0x3e, 0x28, 0x5f,
    0x00, 0x00, 0x00, 0x00, 0x00, 0x00, 0x00, 0x00, 0x00, 0x00, 0x00, 0x00,
    0x00, 0x00, 0x00, 0x00, 0x00, 0x00, 0x00, 0x00, 0x00, 0x00, 0x00, 0x00,
    0x00, 0x00, 0x00, 0x00, 0x00, 0x00, 0x00, 0x00, 0x00, 0x00, 0x00, 0x00,
    0x00, 0x00, 0x00, 0x00, 0x00, 0x00, 0x00, 0x00, 0x00, 0x00, 0x00, 0x00,
    0x00, 0x00, 0x00, 0x00, 0x00, 0x00, 0x00, 0x00, 0x00, 0x00, 0x00, 0x00,
    0x00, 0x00, 0x00, 0x00, 0x00, 0x00, 0x00, 0x00, 0x00, 0x00, 0x00, 0x00,
    0x00, 0x00, 0x00, 0x00, 0x76, 0x66, 0x4e, 0x8f, 0x6d, 0x5d, 0x43, 0xff,
    0x62, 0x50, 0x35, 0xff, 0x5b, 0x48, 0x2c, 0xff, 0x57, 0x44, 0x28, 0xff,
    0x57, 0x44, 0x27, 0xff, 0x57, 0x44, 0x27, 0xff, 0x57, 0x44, 0x27, 0xff,
    0x57, 0x44, 0x27, 0xff, 0x57, 0x44, 0x27, 0xff, 0x57, 0x44, 0x27, 0xff,
    0x57, 0x44, 0x27, 0xff, 0x57, 0x44, 0x27, 0xff, 0x57, 0x44, 0x27, 0xff,
    0x57, 0x44, 0x27, 0xff, 0x57, 0x44, 0x27, 0xff, 0x57, 0x44, 0x27, 0xff,
    0x57, 0x44, 0x27, 0xff, 0x57, 0x44, 0x27, 0xff, 0x57, 0x44, 0x27, 0xff,
    0x57, 0x44, 0x27, 0xff, 0x57, 0x44, 0x27, 0xff, 0x57, 0x44, 0x27, 0xff,
    0x57, 0x44, 0x27, 0xff, 0x57, 0x44, 0x27, 0xff, 0x57, 0x44, 0x27, 0xff,
    0x57, 0x44, 0x27, 0xff, 0x57, 0x44, 0x27, 0xff, 0x4c, 0x3b, 0x22, 0xff,
    0x40, 0x32, 0x1d, 0xff, 0x43, 0x36, 0x21, 0xff, 0x47, 0x39, 0x25, 0x8f,
    0x00, 0x00, 0x00, 0x00, 0x00, 0x00, 0x00, 0x00, 0x00, 0x00, 0x00, 0x00,
    0x00, 0x00, 0x00, 0x00, 0x00, 0x00, 0x00, 0x00, 0x00, 0x00, 0x00, 0x00,
    0x00, 0x00, 0x00, 0x00, 0x00, 0x00, 0x00, 0x00, 0x00, 0x00, 0x00, 0x00,
    0x00, 0x00, 0x00, 0x00, 0x00, 0x00, 0x00, 0x00, 0x00, 0x00, 0x00, 0x00,
    0x00, 0x00, 0x00, 0x00, 0x00, 0x00, 0x00, 0x00, 0x00, 0x00, 0x00, 0x00,
    0x00, 0x00, 0x00, 0x00, 0x70, 0x70, 0x50, 0x10, 0x75, 0x66, 0x4f, 0xcf,
    0x6a, 0x5a, 0x40, 0xff, 0x5f, 0x4d, 0x31, 0xff, 0x59, 0x47, 0x2a, 0xff,
    0x57, 0x44, 0x27, 0xff, 0x57, 0x44, 0x27, 0xff, 0x57, 0x44, 0x27, 0xff,
    0x57, 0x44, 0x27, 0xff, 0x57, 0x44, 0x27, 0xff, 0x57, 0x44, 0x27, 0xff,
    0x57, 0x44, 0x27, 0xff, 0x57, 0x44, 0x27, 0xff, 0x57, 0x44, 0x27, 0xff,
    0x57, 0x44, 0x27, 0xff, 0x57, 0x44, 0x27, 0xff, 0x57, 0x44, 0x27, 0xff,
    0x57, 0x44, 0x27, 0xff, 0x57, 0x44, 0x27, 0xff, 0x57, 0x44, 0x27, 0xff,
    0x57, 0x44, 0x27, 0xff, 0x57, 0x44, 0x27, 0xff, 0x57, 0x44, 0x27, 0xff,
    0x57, 0x44, 0x27, 0xff, 0x57, 0x44, 0x27, 0xff, 0x57, 0x44, 0x27, 0xff,
    0x57, 0x44, 0x27, 0xff, 0x57, 0x44, 0x27, 0xff, 0x57, 0x44, 0x27, 0xff,
    0x57, 0x44, 0x27, 0xff, 0x57, 0x44, 0x27, 0xff, 0x52, 0x40, 0x25, 0xff,
    0x41, 0x32, 0x1d, 0xff, 0x42, 0x34, 0x1f, 0xff, 0x47, 0x39, 0x25, 0xcf,
    0x40, 0x40, 0x20, 0x10, 0x00, 0x00, 0x00, 0x00, 0x00, 0x00, 0x00, 0x00,
    0x00, 0x00, 0x00, 0x00, 0x00, 0x00, 0x00, 0x00, 0x00, 0x00, 0x00, 0x00,
    0x00, 0x00, 0x00, 0x00, 0x00, 0x00, 0x00, 0x00, 0x00, 0x00, 0x00, 0x00,
    0x00, 0x00, 0x00, 0x00, 0x00, 0x00, 0x00, 0x00, 0x00, 0x00, 0x00, 0x00,
    0x00, 0x00, 0x00, 0x00, 0x00, 0x00, 0x00, 0x00, 0x70, 0x70, 0x50, 0x10,
    0x76, 0x66, 0x4f, 0xcf, 0x69, 0x59, 0x40, 0xff, 0x5e, 0x4c, 0x30, 0xff,
    0x59, 0x46, 0x29, 0xff, 0x57, 0x44, 0x27, 0xff, 0x57, 0x44, 0x27, 0xff,
    0x57, 0x44, 0x27, 0xff, 0x57, 0x44, 0x27, 0xff, 0x57, 0x44, 0x27, 0xff,
    0x57, 0x44, 0x27, 0xff, 0x57, 0x44, 0x27, 0xff, 0x57, 0x44, 0x27, 0xff,
    0x57, 0x44, 0x27, 0xff, 0x57, 0x44, 0x27, 0xff, 0x57, 0x44, 0x27, 0xff,
    0x57, 0x44, 0x27, 0xff, 0x57, 0x44, 0x27, 0xff, 0x57, 0x44, 0x27, 0xff,
    0x57, 0x44, 0x27, 0xff, 0x57, 0x44, 0x27, 0xff, 0x57, 0x44, 0x27, 0xff,
    0x57, 0x44, 0x27, 0xff, 0x57, 0x44, 0x27, 0xff, 0x57, 0x44, 0x27, 0xff,
    0x57, 0x44, 0x27, 0xff, 0x57, 0x44, 0x27, 0xff, 0x57, 0x44, 0x27, 0xff,
    0x57, 0x44, 0x27, 0xff, 0x57, 0x44, 0x27, 0xff, 0x57, 0x44, 0x27, 0xff,
    0x57, 0x44, 0x27, 0xff, 0x57, 0x44, 0x27, 0xff, 0x52, 0x40, 0x25, 0xff,
    0x40, 0x32, 0x1d, 0xff, 0x41, 0x33, 0x1e, 0xff, 0x46, 0x37, 0x22, 0xcf,
    0x40, 0x40, 0x20, 0x10, 0x00, 0x00, 0x00, 0x00, 0x00, 0x00, 0x00, 0x00,
    0x00, 0x00, 0x00, 0x00, 0x00, 0x00, 0x00, 0x00, 0x00, 0x00, 0x00, 0x00,
    0x00, 0x00, 0x00, 0x00, 0x00, 0x00, 0x00, 0x00, 0x00, 0x00, 0x00, 0x00,
    0x00, 0x00, 0x00, 0x00, 0x00, 0x00, 0x00, 0x00, 0x00, 0x00, 0x00, 0x00,
    0x00, 0x00, 0x00, 0x00, 0x77, 0x69, 0x51, 0xcf, 0x6a, 0x5a, 0x40, 0xff,
    0x5e, 0x4c, 0x30, 0xff, 0x58, 0x45, 0x29, 0xff, 0x57, 0x44, 0x27, 0xff,
    0x57, 0x44, 0x27, 0xff, 0x57, 0x44, 0x27, 0xff, 0x57, 0x44, 0x27, 0xff,
    0x57, 0x44, 0x27, 0xff, 0x57, 0x44, 0x27, 0xff, 0x57, 0x44, 0x27, 0xff,
    0x57, 0x44, 0x27, 0xff, 0x57, 0x44, 0x27, 0xff, 0x57, 0x44, 0x27, 0xff,
    0x57, 0x44, 0x27, 0xff, 0x57, 0x44, 0x27, 0xff, 0x57, 0x44, 0x27, 0xff,
    0x57, 0x44, 0x27, 0xff, 0x57, 0x44, 0x27, 0xff, 0x57, 0x44, 0x27, 0xff,
    0x57, 0x44, 0x27, 0xff, 0x57, 0x44, 0x27, 0xff, 0x57, 0x44, 0x27, 0xff,
    0x57, 0x44, 0x27, 0xff, 0x57, 0x44, 0x27, 0xff, 0x57, 0x44, 0x27, 0xff,
    0x57, 0x44, 0x27, 0xff, 0x57, 0x44, 0x27, 0xff, 0x57, 0x44, 0x27, 0xff,
    0x57, 0x44, 0x27, 0xff, 0x57, 0x44, 0x27, 0xff, 0x57, 0x44, 0x27, 0xff,
    0x57, 0x44, 0x27, 0xff, 0x57, 0x44, 0x27, 0xff, 0x52, 0x40, 0x25, 0xff,
    0x3f, 0x31, 0x1c, 0xff, 0x41, 0x33, 0x1e, 0xff, 0x46, 0x37, 0x24, 0xcf,
    0x00, 0x00, 0x00, 0x00, 0x00, 0x00, 0x00, 0x00, 0x00, 0x00, 0x00, 0x00,
    0x00, 0x00, 0x00, 0x00, 0x00, 0x00, 0x00, 0x00, 0x00, 0x00, 0x00, 0x00,
    0x00, 0x00, 0x00, 0x00, 0x00, 0x00, 0x00, 0x00, 0x00, 0x00, 0x00, 0x00,
    0x00, 0x00, 0x00, 0x00, 0x00, 0x00, 0x00, 0x00, 0x79, 0x6b, 0x52, 0x8f,
    0x6d, 0x5c, 0x44, 0xff, 0x5f, 0x4d, 0x31, 0xff, 0x58, 0x46, 0x29, 0xff,
    0x57, 0x44, 0x27, 0xff, 0x57, 0x44, 0x27, 0xff, 0x57, 0x44, 0x27, 0xff,
    0x57, 0x44, 0x27, 0xff, 0x57, 0x44, 0x27, 0xff, 0x57, 0x44, 0x27, 0xff,
    0x57, 0x44, 0x27, 0xff, 0x57, 0x44, 0x27, 0xff, 0x57, 0x44, 0x27, 0xff,
    0x57, 0x44, 0x27, 0xff, 0x57, 0x44, 0x27, 0xff, 0x57, 0x44, 0x27, 0xff,
    0x57, 0x44, 0x27, 0xff, 0x57, 0x44, 0x27, 0xff, 0x57, 0x44, 0x27, 0xff,
    0x57, 0x44, 0x27, 0xff, 0x57, 0x44, 0x27, 0xff, 0x57, 0x44, 0x27, 0xff,
    0x57, 0x44, 0x27, 0xff, 0x57, 0x44, 0x27, 0xff, 0x57, 0x44, 0x27, 0xff,
    0x57, 0x44, 0x27, 0xff, 0x57, 0x44, 0x27, 0xff, 0x57, 0x44, 0x27, 0xff,
    0x57, 0x44, 0x27, 0xff, 0x57, 0x44, 0x27, 0xff, 0x57, 0x44, 0x27, 0xff,
    0x57, 0x44, 0x27, 0xff, 0x57, 0x44, 0x27, 0xff, 0x57, 0x44, 0x27, 0xff,
    0x57, 0x44, 0x27, 0xff, 0x57, 0x44, 0x27, 0xff, 0x4c, 0x3b, 0x22, 0xff,
    0x3f, 0x31, 0x1c, 0xff, 0x41, 0x33, 0x1e, 0xff, 0x46, 0x37, 0x22, 0x8f,
    0x00, 0x00, 0x00, 0x00, 0x00, 0x00, 0x00, 0x00, 0x00, 0x00, 0x00, 0x00,
    0x00, 0x00, 0x00, 0x00, 0x00, 0x00, 0x00, 0x00, 0x00, 0x00, 0x00, 0x00,
    0x00, 0x00, 0x00, 0x00, 0x00, 0x00, 0x00, 0x00, 0x00, 0x00, 0x00, 0x00,
    0x7b, 0x6b, 0x56, 0x5f, 0x70, 0x61, 0x49, 0xff, 0x62, 0x50, 0x35, 0xff,
    0x59, 0x47, 0x2a, 0xff, 0x57, 0x44, 0x27, 0xff, 0x57, 0x44, 0x27, 0xff,
    0x57, 0x44, 0x27, 0xff, 0x57, 0x44, 0x27, 0xff, 0x57, 0x44, 0x27, 0xff,
    0x57, 0x44, 0x27, 0xff, 0x57, 0x44, 0x27, 0xff, 0x57, 0x44, 0x27, 0xff,
    0x57, 0x44, 0x27, 0xff, 0x57, 0x44, 0x27, 0xff, 0x57, 0x44, 0x27, 0xff,
    0x57, 0x44, 0x27, 0xff, 0x57, 0x44, 0x27, 0xff, 0x57, 0x44, 0x27, 0xff,
    0x57, 0x44, 0x27, 0xff, 0x57, 0x44, 0x27, 0xff, 0x57, 0x44, 0x27, 0xff,
    0x57, 0x44, 0x27, 0xff, 0x57, 0x44, 0x27, 0xff, 0x57, 0x44, 0x27, 0xff,
    0x57, 0x44, 0x27, 0xff, 0x57, 0x44, 0x27, 0xff, 0x57, 0x44, 0x27, 0xff,
    0x57, 0x44, 0x27, 0xff, 0x57, 0x44, 0x27, 0xff, 0x57, 0x44, 0x27, 0xff,
    0x57, 0x44, 0x27, 0xff, 0x57, 0x44, 0x27, 0xff, 0x57, 0x44, 0x27, 0xff,
    0x57, 0x44, 0x27, 0xff, 0x57, 0x44, 0x27, 0xff, 0x57, 0x44, 0x27, 0xff,
    0x57, 0x44, 0x27, 0xff, 0x57, 0x44, 0x27, 0xff, 0x49, 0x39, 0x20, 0xff,
    0x40, 0x31, 0x1c, 0xff, 0x42, 0x34, 0x1f, 0xff, 0x45, 0x39, 0x25, 0x6f,
    0x00, 0x00, 0x00, 0x00, 0x00, 0x00, 0x00, 0x00, 0x00, 0x00, 0x00, 0x00,
    0x00, 0x00, 0x00, 0x00, 0x00, 0x00, 0x00, 0x00, 0x00, 0x00, 0x00, 0x00,
    0x00, 0x00, 0x00, 0x00, 0x7f, 0x68, 0x58, 0x20, 0x75, 0x66, 0x4e, 0xdf,
    0x65, 0x54, 0x3a, 0xff, 0x5b, 0x48, 0x2c, 0xff, 0x57, 0x44, 0x27, 0xff,
    0x57, 0x44, 0x27, 0xff, 0x57, 0x44, 0x27, 0xff, 0x57, 0x44, 0x27, 0xff,
    0x57, 0x44, 0x27, 0xff, 0x57, 0x44, 0x27, 0xff, 0x57, 0x44, 0x27, 0xff,
    0x57, 0x44, 0x27, 0xff, 0x57, 0x44, 0x27, 0xff, 0x57, 0x44, 0x27, 0xff,
    0x57, 0x44, 0x27, 0xff, 0x57, 0x44, 0x27, 0xff, 0x57, 0x44, 0x27, 0xff,
    0x57, 0x44, 0x27, 0xff, 0x57, 0x44, 0x27, 0xff, 0x57, 0x44, 0x27, 0xff,
    0x57, 0x44, 0x27, 0xff, 0x57, 0x44, 0x27, 0xff, 0x57, 0x44, 0x27, 0xff,
    0x57, 0x44, 0x27, 0xff, 0x57, 0x44, 0x27, 0xff, 0x57, 0x44, 0x27, 0xff,
    0x57, 0x44, 0x27, 0xff, 0x57, 0x44, 0x27, 0xff, 0x57, 0x44, 0x27, 0xff,
    0x57, 0x44, 0x27, 0xff, 0x57, 0x44, 0x27, 0xff, 0x57, 0x44, 0x27, 0xff,
    0x57, 0x44, 0x27, 0xff, 0x57, 0x44, 0x27, 0xff, 0x57, 0x44, 0x27, 0xff,
    0x57, 0x44, 0x27, 0xff, 0x57, 0x44, 0x27, 0xff, 0x57, 0x44, 0x27, 0xff,
    0x57, 0x44, 0x27, 0xff, 0x56, 0x43, 0x26, 0xff, 0x42, 0x33, 0x1d, 0xff,
    0x40, 0x32, 0x1d, 0xff, 0x43, 0x35, 0x21, 0xef, 0x48, 0x38, 0x20, 0x20,
    0x00, 0x00, 0x00, 0x00, 0x00, 0x00, 0x00, 0x00, 0x00, 0x00, 0x00, 0x00,
    0x00, 0x00, 0x00, 0x00, 0x00, 0x00, 0x00, 0x00, 0x00, 0x00, 0x00, 0x00,
    0x7a, 0x6a, 0x53, 0x9f, 0x6c, 0x5c, 0x42, 0xff, 0x5e, 0x4b, 0x30, 0xff,
    0x57, 0x44, 0x28, 0xff, 0x57, 0x44, 0x27, 0xff, 0x57, 0x44, 0x27, 0xff,
    0x57, 0x44, 0x27, 0xff, 0x57, 0x44, 0x27, 0xff, 0x57, 0x44, 0x27, 0xff,
    0x57, 0x44, 0x27, 0xff, 0x57, 0x44, 0x27, 0xff, 0x57, 0x44, 0x27, 0xff,
    0x57, 0x44, 0x27, 0xff, 0x57, 0x44, 0x27, 0xff, 0x57, 0x44, 0x27, 0xff,
    0x57, 0x44, 0x27, 0xff, 0x57, 0x44, 0x27, 0xff, 0x57, 0x44, 0x27, 0xff,
    0x57, 0x44, 0x27, 0xff, 0x57, 0x44, 0x27, 0xff, 0x57, 0x44, 0x27, 0xff,
    0x57, 0x44, 0x27, 0xff, 0x57, 0x44, 0x27, 0xff, 0x57, 0x44, 0x27, 0xff,
    0x57, 0x44, 0x27, 0xff, 0x57, 0x44, 0x27, 0xff, 0x57, 0x44, 0x27, 0xff,
    0x57, 0x44, 0x27, 0xff, 0x57, 0x44, 0x27, 0xff, 0x57, 0x44, 0x27, 0xff,
    0x57, 0x44, 0x27, 0xff, 0x57, 0x44, 0x27, 0xff, 0x57, 0x44, 0x27, 0xff,
    0x57, 0x44, 0x27, 0xff, 0x57, 0x44, 0x27, 0xff, 0x57, 0x44, 0x27, 0xff,
    0x57, 0x44, 0x27, 0xff, 0x57, 0x44, 0x27, 0xff, 0x57, 0x44, 0x27, 0xff,
    0x57, 0x44, 0x27, 0xff, 0x50, 0x3e, 0x23, 0xff, 0x3f, 0x31, 0x1c, 0xff,
    0x41, 0x32, 0x1d, 0xff, 0x44, 0x37, 0x23, 0xaf, 0x00, 0x00, 0x00, 0x00,
    0x00, 0x00, 0x00, 0x00, 0x00, 0x00, 0x00, 0x00, 0x00, 0x00, 0x00, 0x00,
    0x00, 0x00, 0x00, 0x00, 0x7f, 0x68, 0x50, 0x20, 0x74, 0x64, 0x4c, 0xff,
    0x63, 0x51, 0x37, 0xff, 0x59, 0x46, 0x2a, 0xff, 0x57, 0x44, 0x27, 0xff,
    0x57, 0x44, 0x27, 0xff, 0x57, 0x44, 0x27, 0xff, 0x57, 0x44, 0x27, 0xff,
    0x57, 0x44, 0x27, 0xff, 0x57, 0x44, 0x27, 0xff, 0x57, 0x44, 0x27, 0xff,
    0x57, 0x44, 0x27, 0xff, 0x57, 0x44, 0x27, 0xff, 0x57, 0x44, 0x27, 0xff,
    0x57, 0x44, 0x27, 0xff, 0x57, 0x44, 0x27, 0xff, 0x57, 0x44, 0x27, 0xff,
    0x57, 0x44, 0x27, 0xff, 0x57, 0x44, 0x27, 0xff, 0x57, 0x44, 0x27, 0xff,
    0x57, 0x44, 0x27, 0xff, 0x57, 0x44, 0x27, 0xff, 0x57, 0x44, 0x27, 0xff,
    0x57, 0x44, 0x27, 0xff, 0x57, 0x44, 0x27, 0xff, 0x57, 0x44, 0x27, 0xff,
    0x57, 0x44, 0x27, 0xff, 0x57, 0x44, 0x27, 0xff, 0x57, 0x44, 0x27, 0xff,
    0x57, 0x44, 0x27, 0xff, 0x57, 0x44, 0x27, 0xff, 0x57, 0x44, 0x27, 0xff,
    0x57, 0x44, 0x27, 0xff, 0x57, 0x44, 0x27, 0xff, 0x57, 0x44, 0x27, 0xff,
    0x57, 0x44, 0x27, 0xff, 0x57, 0x44, 0x27, 0xff, 0x57, 0x44, 0x27, 0xff,
    0x57, 0x44, 0x27, 0xff, 0x57, 0x44, 0x27, 0xff, 0x57, 0x44, 0x27, 0xff,
    0x57, 0x44, 0x27, 0xff, 0x45, 0x35, 0x1e, 0xff, 0x3f, 0x31, 0x1c, 0xff,
    0x42, 0x34, 0x20, 0xff, 0x45, 0x39, 0x24, 0x3f, 0x00, 0x00, 0x00, 0x00,
    0x00, 0x00, 0x00, 0x00, 0x00, 0x00, 0x00, 0x00, 0x00, 0x00, 0x00, 0x00,
    0x7a, 0x6b, 0x53, 0x9f, 0x6b, 0x5b, 0x41, 0xff, 0x5d, 0x4b, 0x2f, 0xff,
    0x57, 0x44, 0x27, 0xff, 0x57, 0x44, 0x27, 0xff, 0x57, 0x44, 0x27, 0xff,
    0x57, 0x44, 0x27, 0xff, 0x57, 0x44, 0x27, 0xff, 0x57, 0x44, 0x27, 0xff,
    0x57, 0x44, 0x27, 0xff, 0x57, 0x44, 0x27, 0xff, 0x57, 0x44, 0x27, 0xff,
    0x57, 0x44, 0x27, 0xff, 0x57, 0x44, 0x27, 0xff, 0x57, 0x44, 0x27, 0xff,
    0x57, 0x44, 0x27, 0xff, 0x57, 0x44, 0x27, 0xff, 0x57, 0x44, 0x27, 0xff,
    0x57, 0x44, 0x27, 0xff, 0x57, 0x44, 0x27, 0xff, 0x57, 0x44, 0x27, 0xff,
    0x57, 0x44, 0x27, 0xff, 0x57, 0x44, 0x27, 0xff, 0x57, 0x44, 0x27, 0xff,
    0x57, 0x44, 0x27, 0xff, 0x57, 0x44, 0x27, 0xff, 0x57, 0x44, 0x27, 0xff,
    0x57, 0x44, 0x27, 0xff, 0x57, 0x44, 0x27, 0xff, 0x57, 0x44, 0x27, 0xff,
    0x57, 0x44, 0x27, 0xff, 0x57, 0x44, 0x27, 0xff, 0x57, 0x44, 0x27, 0xff,
    0x57, 0x44, 0x27, 0xff, 0x57, 0x44, 0x27, 0xff, 0x57, 0x44, 0x27, 0xff,
    0x57, 0x44, 0x27, 0xff, 0x57, 0x44, 0x27, 0xff, 0x57, 0x44, 0x27, 0xff,
    0x57, 0x44, 0x27, 0xff, 0x57, 0x44, 0x27, 0xff, 0x57, 0x44, 0x27, 0xff,
    0x51, 0x3f, 0x24, 0xff, 0x3f, 0x31, 0x1c, 0xff, 0x40, 0x32, 0x1d, 0xff,
    0x44, 0x37, 0x21, 0xbf, 0x00, 0x00, 0x00, 0x00, 0x00, 0x00, 0x00, 0x00,
    0x00, 0x00, 0x00, 0x00, 0x7f, 0x70, 0x58, 0x20, 0x76, 0x66, 0x4e, 0xff,
    0x64, 0x52, 0x37, 0xff, 0x59, 0x47, 0x2a, 0xff, 0x57, 0x44, 0x27, 0xff,
    0x57, 0x44, 0x27, 0xff, 0x57, 0x44, 0x27, 0xff, 0x57, 0x44, 0x27, 0xff,
    0x57, 0x44, 0x27, 0xff, 0x57, 0x44, 0x27, 0xff, 0x57, 0x44, 0x27, 0xff,
    0x57, 0x44, 0x27, 0xff, 0x57, 0x44, 0x27, 0xff, 0x57, 0x44, 0x27, 0xff,
    0x57, 0x44, 0x27, 0xff, 0x57, 0x44, 0x27, 0xff, 0x57, 0x44, 0x27, 0xff,
    0x57, 0x44, 0x27, 0xff, 0x57, 0x44, 0x27, 0xff, 0x57, 0x44, 0x27, 0xff,
    0x57, 0x44, 0x27, 0xff, 0x57, 0x44, 0x27, 0xff, 0x57, 0x44, 0x27, 0xff,
    0x57, 0x44, 0x27, 0xff, 0x57, 0x44, 0x27, 0xff, 0x57, 0x44, 0x27, 0xff,
    0x57, 0x44, 0x27, 0xff, 0x57, 0x44, 0x27, 0xff, 0x57, 0x44, 0x27, 0xff,
    0x57, 0x44, 0x27, 0xff, 0x57, 0x44, 0x27, 0xff, 0x57, 0x44, 0x27, 0xff,
    0x57, 0x44, 0x27, 0xff, 0x57, 0x44, 0x27, 0xff, 0x57, 0x44, 0x27, 0xff,
    0x57, 0x44, 0x27, 0xff, 0x57, 0x44, 0x27, 0xff, 0x57, 0x44, 0x27, 0xff,
    0x57, 0x44, 0x27, 0xff, 0x57, 0x44, 0x27, 0xff, 0x57, 0x44, 0x27, 0xff,
    0x57, 0x44, 0x27, 0xff, 0x57, 0x44, 0x27, 0xff, 0x57, 0x44, 0x27, 0xff,
    0x40, 0x32, 0x1d, 0xff, 0x3f, 0x31, 0x1c, 0xff, 0x42, 0x34, 0x20, 0xff,
    0x40, 0x40, 0x20, 0x10, 0x00, 0x00, 0x00, 0x00, 0x00, 0x00, 0x00, 0x00,
    0x7d, 0x6f, 0x57, 0x8f, 0x6f, 0x5f, 0x46, 0xff, 0x5f, 0x4c, 0x30, 0xff,
    0x57, 0x44, 0x28, 0xff, 0x57, 0x44, 0x27, 0xff, 0x57, 0x44, 0x27, 0xff,
    0x57, 0x44, 0x27, 0xff, 0x57, 0x44, 0x27, 0xff, 0x57, 0x44, 0x27, 0xff,
    0x57, 0x44, 0x27, 0xff, 0x57, 0x44, 0x27, 0xff, 0x57, 0x44, 0x27, 0xff,
    0x57, 0x44, 0x27, 0xff, 0x57, 0x44, 0x27, 0xff, 0x57, 0x44, 0x27, 0xff,
    0x57, 0x44, 0x27, 0xff, 0x57, 0x44, 0x27, 0xff, 0x57, 0x44, 0x27, 0xff,
    0x57, 0x44, 0x27, 0xff, 0x57, 0x44, 0x27, 0xff, 0x57, 0x44, 0x27, 0xff,
    0x57, 0x44, 0x27, 0xff, 0x57, 0x44, 0x27, 0xff, 0x57, 0x44, 0x27, 0xff,
    0x57, 0x44, 0x27, 0xff, 0x57, 0x44, 0x27, 0xff, 0x57, 0x44, 0x27, 0xff,
    0x57, 0x44, 0x27, 0xff, 0x57, 0x44, 0x27, 0xff, 0x57, 0x44, 0x27, 0xff,
    0x57, 0x44, 0x27, 0xff, 0x57, 0x44, 0x27, 0xff, 0x57, 0x44, 0x27, 0xff,
    0x57, 0x44, 0x27, 0xff, 0x57, 0x44, 0x27, 0xff, 0x57, 0x44, 0x27, 0xff,
    0x57, 0x44, 0x27, 0xff, 0x57, 0x44, 0x27, 0xff, 0x57, 0x44, 0x27, 0xff,
    0x57, 0x44, 0x27, 0xff, 0x57, 0x44, 0x27, 0xff, 0x57, 0x44, 0x27, 0xff,
    0x57, 0x44, 0x27, 0xff, 0x57, 0x44, 0x27, 0xff, 0x4b, 0x3a, 0x21, 0xff,
    0x3f, 0x31, 0x1c, 0xff, 0x40, 0x32, 0x1d, 0xff, 0x44, 0x36, 0x22, 0x7f,
    0x00, 0x00, 0x00, 0x00, 0x00, 0x00, 0x00, 0x00, 0x7a, 0x6a, 0x53, 0xdf,
    0x68, 0x56, 0x3c, 0xff, 0x5b, 0x49, 0x2c, 0xff, 0x57, 0x44, 0x27, 0xff,
    0x57, 0x44, 0x27, 0xff, 0x57, 0x44, 0x27, 0xff, 0x57, 0x44, 0x27, 0xff,
    0x57, 0x44, 0x27, 0xff, 0x57, 0x44, 0x27, 0xff, 0x57, 0x44, 0x27, 0xff,
    0x57, 0x44, 0x27, 0xff, 0x57, 0x44, 0x27, 0xff, 0x57, 0x44, 0x27, 0xff,
    0x57, 0x44, 0x27, 0xff, 0x57, 0x44, 0x27, 0xff, 0x57, 0x44, 0x27, 0xff,
    0x57, 0x44, 0x27, 0xff, 0x57, 0x44, 0x27, 0xff, 0x57, 0x44, 0x27, 0xff,
    0x57, 0x44, 0x27, 0xff, 0x57, 0x44, 0x27, 0xff, 0x57, 0x44, 0x27, 0xff,
    0x57, 0x44, 0x27, 0xff, 0x57, 0x44, 0x27, 0xff, 0x57, 0x44, 0x27, 0xff,
    0x57, 0x44, 0x27, 0xff, 0x57, 0x44, 0x27, 0xff, 0x57, 0x44, 0x27, 0xff,
    0x57, 0x44, 0x27, 0xff, 0x57, 0x44, 0x27, 0xff, 0x57, 0x44, 0x27, 0xff,
    0x57, 0x44, 0x27, 0xff, 0x57, 0x44, 0x27, 0xff, 0x57, 0x44, 0x27, 0xff,
    0x57, 0x44, 0x27, 0xff, 0x57, 0x44, 0x27, 0xff, 0x57, 0x44, 0x27, 0xff,
    0x57, 0x44, 0x27, 0xff, 0x57, 0x44, 0x27, 0xff, 0x57, 0x44, 0x27, 0xff,
    0x57, 0x44, 0x27, 0xff, 0x57, 0x44, 0x27, 0xff, 0x57, 0x44, 0x27, 0xff,
    0x57, 0x44, 0x27, 0xff, 0x54, 0x42, 0x26, 0xff, 0x3f, 0x31, 0x1c, 0xff,
    0x3f, 0x31, 0x1c, 0xff, 0x43, 0x36, 0x21, 0xdf, 0x00, 0x00, 0x00, 0x00,
    0x7f, 0x70, 0x58, 0x20, 0x75, 0x66, 0x4e, 0xff, 0x63, 0x52, 0x37, 0xff,
    0x59, 0x46, 0x2a, 0xff, 0x57, 0x44, 0x27, 0xff, 0x57, 0x44, 0x27, 0xff,
    0x57, 0x44, 0x27, 0xff, 0x57, 0x44, 0x27, 0xff, 0x57, 0x44, 0x27, 0xff,
    0x57, 0x44, 0x27, 0xff, 0x57, 0x44, 0x27, 0xff, 0x57, 0x44, 0x27, 0xff,
    0x57, 0x44, 0x27, 0xff, 0x57, 0x44, 0x27, 0xff, 0x57, 0x44, 0x27, 0xff,
    0x57, 0x44, 0x27, 0xff, 0x57, 0x44, 0x27, 0xff, 0x57, 0x44, 0x27, 0xff,
    0x57, 0x44, 0x27, 0xff, 0x57, 0x44, 0x27, 0xff, 0x57, 0x44, 0x27, 0xff,
    0x57, 0x44, 0x27, 0xff, 0x57, 0x44, 0x27, 0xff, 0x57, 0x44, 0x27, 0xff,
    0x57, 0x44, 0x27, 0xff, 0x57, 0x44, 0x27, 0xff, 0x57, 0x44, 0x27, 0xff,
    0x57, 0x44, 0x27, 0xff, 0x57, 0x44, 0x27, 0xff, 0x57, 0x44, 0x27, 0xff,
    0x57, 0x44, 0x27, 0xff, 0x57, 0x44, 0x27, 0xff, 0x57, 0x44, 0x27, 0xff,
    0x57, 0x44, 0x27, 0xff, 0x57, 0x44, 0x27, 0xff, 0x57, 0x44, 0x27, 0xff,
    0x57, 0x44, 0x27, 0xff, 0x57, 0x44, 0x27, 0xff, 0x57, 0x44, 0x27, 0xff,
    0x57, 0x44, 0x27, 0xff, 0x57, 0x44, 0x27, 0xff, 0x57, 0x44, 0x27, 0xff,
    0x57, 0x44, 0x27, 0xff, 0x57, 0x44, 0x27, 0xff, 0x57, 0x44, 0x27, 0xff,
    0x57, 0x44, 0x27, 0xff, 0x42, 0x33, 0x1d, 0xff, 0x3f, 0x31, 0x1c, 0xff,
    0x42, 0x34, 0x1f, 0xff, 0x42, 0x3a, 0x21, 0x1f, 0x7e, 0x6e, 0x59, 0x5f,
    0x72, 0x62, 0x49, 0xff, 0x61, 0x4f, 0x34, 0xff, 0x58, 0x45, 0x28, 0xff,
    0x57, 0x44, 0x27, 0xff, 0x57, 0x44, 0x27, 0xff, 0x57, 0x44, 0x27, 0xff,
    0x57, 0x44, 0x27, 0xff, 0x57, 0x44, 0x27, 0xff, 0x57, 0x44, 0x27, 0xff,
    0x57, 0x44, 0x27, 0xff, 0x57, 0x44, 0x27, 0xff, 0x57, 0x44, 0x27, 0xff,
    0x57, 0x44, 0x27, 0xff, 0x57, 0x44, 0x27, 0xff, 0x57, 0x44, 0x27, 0xff,
    0x57, 0x44, 0x27, 0xff, 0x57, 0x44, 0x27, 0xff, 0x57, 0x44, 0x27, 0xff,
    0x57, 0x44, 0x27, 0xff, 0x57, 0x44, 0x27, 0xff, 0x57, 0x44, 0x27, 0xff,
    0x57, 0x44, 0x27, 0xff, 0x57, 0x44, 0x27, 0xff, 0x57, 0x44, 0x27, 0xff,
    0x57, 0x44, 0x27, 0xff, 0x57, 0x44, 0x27, 0xff, 0x57, 0x44, 0x27, 0xff,
    0x57, 0x44, 0x27, 0xff, 0x57, 0x44, 0x27, 0xff, 0x57, 0x44, 0x27, 0xff,
    0x57, 0x44, 0x27, 0xff, 0x57, 0x44, 0x27, 0xff, 0x57, 0x44, 0x27, 0xff,
    0x57, 0x44, 0x27, 0xff, 0x57, 0x44, 0x27, 0xff, 0x57, 0x44, 0x27, 0xff,
    0x57, 0x44, 0x27, 0xff, 0x57, 0x44, 0x27, 0xff, 0x57, 0x44, 0x27, 0xff,
    0x57, 0x44, 0x27, 0xff, 0x57, 0x44, 0x27, 0xff, 0x57, 0x44, 0x27, 0xff,
    0x57, 0x44, 0x27, 0xff, 0x57, 0x44, 0x27, 0xff, 0x57, 0x44, 0x27, 0xff,
    0x48, 0x38, 0x20, 0xff, 0x3f, 0x31, 0x1c, 0xff, 0x40, 0x32, 0x1d, 0xff,
    0x46, 0x38, 0x23, 0x5f, 0x7d, 0x6f, 0x57, 0x8f, 0x6d, 0x5d, 0x44, 0xff,
    0x5d, 0x4b, 0x2f, 0xff, 0x57, 0x44, 0x27, 0xff, 0x57, 0x44, 0x27, 0xff,
    0x57, 0x44, 0x27, 0xff, 0x57, 0x44, 0x27, 0xff, 0x57, 0x44, 0x27, 0xff,
    0x57, 0x44, 0x27, 0xff, 0x57, 0x44, 0x27, 0xff, 0x57, 0x44, 0x27, 0xff,
    0x57, 0x44, 0x27, 0xff, 0x57, 0x44, 0x27, 0xff, 0x57, 0x44, 0x27, 0xff,
    0x57, 0x44, 0x27, 0xff, 0x57, 0x44, 0x27, 0xff, 0x57, 0x44, 0x27, 0xff,
    0x57, 0x44, 0x27, 0xff, 0x57, 0x44, 0x27, 0xff, 0x57, 0x44, 0x27, 0xff,
    0x57, 0x44, 0x27, 0xff, 0x57, 0x44, 0x27, 0xff, 0x57, 0x44, 0x27, 0xff,
    0x57, 0x44, 0x27, 0xff, 0x57, 0x44, 0x27, 0xff, 0x57, 0x44, 0x27, 0xff,
    0x57, 0x44, 0x27, 0xff, 0x57, 0x44, 0x27, 0xff, 0x57, 0x44, 0x27, 0xff,
    0x57, 0x44, 0x27, 0xff, 0x57, 0x44, 0x27, 0xff, 0x57, 0x44, 0x27, 0xff,
    0x57, 0x44, 0x27, 0xff, 0x57, 0x44, 0x27, 0xff, 0x57, 0x44, 0x27, 0xff,
    0x57, 0x44, 0x27, 0xff, 0x57, 0x44, 0x27, 0xff, 0x57, 0x44, 0x27, 0xff,
    0x57, 0x44, 0x27, 0xff, 0x57, 0x44, 0x27, 0xff, 0x57, 0x44, 0x27, 0xff,
    0x57, 0x44, 0x27, 0xff, 0x57, 0x44, 0x27, 0xff, 0x57, 0x44, 0x27, 0xff,
    0x57, 0x44, 0x27, 0xff, 0x57, 0x44, 0x27, 0xff, 0x4c, 0x3b, 0x22, 0xff,
    0x3f, 0x31, 0x1c, 0xff, 0x40, 0x32, 0x1d, 0xff, 0x42, 0x35, 0x20, 0x8f,
    0x7b, 0x6b, 0x54, 0xbf, 0x68, 0x58, 0x3d, 0xff, 0x5a, 0x47, 0x2b, 0xff,
    0x57, 0x44, 0x27, 0xff, 0x57, 0x44, 0x27, 0xff, 0x57, 0x44, 0x27, 0xff,
    0x57, 0x44, 0x27, 0xff, 0x57, 0x44, 0x27, 0xff, 0x57, 0x44, 0x27, 0xff,
    0x57, 0x44, 0x27, 0xff, 0x57, 0x44, 0x27, 0xff, 0x57, 0x44, 0x27, 0xff,
    0x57, 0x44, 0x27, 0xff, 0x57, 0x44, 0x27, 0xff, 0x57, 0x44, 0x27, 0xff,
    0x57, 0x44, 0x27, 0xff, 0x57, 0x44, 0x27, 0xff, 0x57, 0x44, 0x27, 0xff,
    0x57, 0x44, 0x27, 0xff, 0x57, 0x44, 0x27, 0xff, 0x57, 0x44, 0x27, 0xff,
    0x57, 0x44, 0x27, 0xff, 0x57, 0x44, 0x27, 0xff, 0x57, 0x44, 0x27, 0xff,
    0x57, 0x44, 0x27, 0xff, 0x57, 0x44, 0x27, 0xff, 0x57, 0x44, 0x27, 0xff,
    0x57, 0x44, 0x27, 0xff, 0x57, 0x44, 0x27, 0xff, 0x57, 0x44, 0x27, 0xff,
    0x57, 0x44, 0x27, 0xff, 0x57, 0x44, 0x27, 0xff, 0x57, 0x44, 0x27, 0xff,
    0x57, 0x44, 0x27, 0xff, 0x57, 0x44, 0x27, 0xff, 0x57, 0x44, 0x27, 0xff,
    0x57, 0x44, 0x27, 0xff, 0x57, 0x44, 0x27, 0xff, 0x57, 0x44, 0x27, 0xff,
    0x57, 0x44, 0x27, 0xff, 0x57, 0x44, 0x27, 0xff, 0x57, 0x44, 0x27, 0xff,
    0x57, 0x44, 0x27, 0xff, 0x57, 0x44, 0x27, 0xff, 0x57, 0x44, 0x27, 0xff,
    0x57, 0x44, 0x27, 0xff, 0x53, 0x40, 0x25, 0xff, 0x3f, 0x31, 0x1c, 0xff,
    0x3f, 0x31, 0x1c, 0xff, 0x41, 0x34, 0x1f, 0xcf, 0x79, 0x69, 0x53, 0xdf,
    0x66, 0x54, 0x39, 0xff, 0x59, 0x46, 0x29, 0xff, 0x57, 0x44, 0x27, 0xff,
    0x57, 0x44, 0x27, 0xff, 0x57, 0x44, 0x27, 0xff, 0x57, 0x44, 0x27, 0xff,
    0x57, 0x44, 0x27, 0xff, 0x57, 0x44, 0x27, 0xff, 0x57, 0x44, 0x27, 0xff,
    0x57, 0x44, 0x27, 0xff, 0x57, 0x44, 0x27, 0xff, 0x57, 0x44, 0x27, 0xff,
    0x57, 0x44, 0x27, 0xff, 0x57, 0x44, 0x27, 0xff, 0x57, 0x44, 0x27, 0xff,
    0x57, 0x44, 0x27, 0xff, 0x57, 0x44, 0x27, 0xff, 0x57, 0x44, 0x27, 0xff,
    0x57, 0x44, 0x27, 0xff, 0x57, 0x44, 0x27, 0xff, 0x57, 0x44, 0x27, 0xff,
    0x57, 0x44, 0x27, 0xff, 0x57, 0x44, 0x27, 0xff, 0x57, 0x44, 0x27, 0xff,
    0x57, 0x44, 0x27, 0xff, 0x57, 0x44, 0x27, 0xff, 0x57, 0x44, 0x27, 0xff,
    0x57, 0x44, 0x27, 0xff, 0x57, 0x44, 0x27, 0xff, 0x57, 0x44, 0x27, 0xff,
    0x57, 0x44, 0x27, 0xff, 0x57, 0x44, 0x27, 0xff, 0x57, 0x44, 0x27, 0xff,
    0x57, 0x44, 0x27, 0xff, 0x57, 0x44, 0x27, 0xff, 0x57, 0x44, 0x27, 0xff,
    0x57, 0x44, 0x27, 0xff, 0x57, 0x44, 0x27, 0xff, 0x57, 0x44, 0x27, 0xff,
    0x57, 0x44, 0x27, 0xff, 0x57, 0x44, 0x27, 0xff, 0x57, 0x44, 0x27, 0xff,
    0x57, 0x44, 0x27, 0xff, 0x57, 0x44, 0x27, 0xff, 0x57, 0x44, 0x27, 0xff,
    0x54, 0x42, 0x26, 0xff, 0x3f, 0x31, 0x1c, 0xff, 0x3f, 0x31, 0x1c, 0xff,
    0x41, 0x32, 0x1e, 0xdf, 0x79, 0x6a, 0x53, 0xff, 0x65, 0x53, 0x39, 0xff,
    0x59, 0x46, 0x29, 0xff, 0x57, 0x44, 0x27, 0xff, 0x57, 0x44, 0x27, 0xff,
    0x57, 0x44, 0x27, 0xff, 0x57, 0x44, 0x27, 0xff, 0x57, 0x44, 0x27, 0xff,
    0x57, 0x44, 0x27, 0xff, 0x57, 0x44, 0x27, 0xff, 0x57, 0x44, 0x27, 0xff,
    0x57, 0x44, 0x27, 0xff, 0x57, 0x44, 0x27, 0xff, 0x57, 0x44, 0x27, 0xff,
    0x57, 0x44, 0x27, 0xff, 0x57, 0x44, 0x27, 0xff, 0x57, 0x44, 0x27, 0xff,
    0x57, 0x44, 0x27, 0xff, 0x57, 0x44, 0x27, 0xff, 0x57, 0x44, 0x27, 0xff,
    0x57, 0x44, 0x27, 0xff, 0x57, 0x44, 0x27, 0xff, 0x57, 0x44, 0x27, 0xff,
    0x57, 0x44, 0x27, 0xff, 0x57, 0x44, 0x27, 0xff, 0x57, 0x44, 0x27, 0xff,
    0x57, 0x44, 0x27, 0xff, 0x57, 0x44, 0x27, 0xff, 0x57, 0x44, 0x27, 0xff,
    0x57, 0x44, 0x27, 0xff, 0x57, 0x44, 0x27, 0xff, 0x57, 0x44, 0x27, 0xff,
    0x57, 0x44, 0x27, 0xff, 0x57, 0x44, 0x27, 0xff, 0x57, 0x44, 0x27, 0xff,
    0x57, 0x44, 0x27, 0xff, 0x57, 0x44, 0x27, 0xff, 0x57, 0x44, 0x27, 0xff,
    0x57, 0x44, 0x27, 0xff, 0x57, 0x44, 0x27, 0xff, 0x57, 0x44, 0x27, 0xff,
    0x57, 0x44, 0x27, 0xff, 0x57, 0x44, 0x27, 0xff, 0x57, 0x44, 0x27, 0xff,
    0x57, 0x44, 0x27, 0xff, 0x57, 0x44, 0x27, 0xff, 0x56, 0x43, 0x26, 0xff,
    0x3f, 0x31, 0x1c, 0xff, 0x3f, 0x31, 0x1c, 0xff, 0x40, 0x33, 0x1f, 0xef,
    0x78, 0x69, 0x52, 0xff, 0x64, 0x53, 0x39, 0xff, 0x59, 0x46, 0x29, 0xff,
    0x57, 0x44, 0x27, 0xff, 0x57, 0x44, 0x27, 0xff, 0x57, 0x44, 0x27, 0xff,
    0x57, 0x44, 0x27, 0xff, 0x57, 0x44, 0x27, 0xff, 0x57, 0x44, 0x27, 0xff,
    0x57, 0x44, 0x27, 0xff, 0x57, 0x44, 0x27, 0xff, 0x57, 0x44, 0x27, 0xff,
    0x57, 0x44, 0x27, 0xff, 0x57, 0x44, 0x27, 0xff, 0x57, 0x44, 0x27, 0xff,
    0x57, 0x44, 0x27, 0xff, 0x57, 0x44, 0x27, 0xff, 0x57, 0x44, 0x27, 0xff,
    0x57, 0x44, 0x27, 0xff, 0x57, 0x44, 0x27, 0xff, 0x57, 0x44, 0x27, 0xff,
    0x57, 0x44, 0x27, 0xff, 0x57, 0x44, 0x27, 0xff, 0x57, 0x44, 0x27, 0xff,
    0x57, 0x44, 0x27, 0xff, 0x57, 0x44, 0x27, 0xff, 0x57, 0x44, 0x27, 0xff,
    0x57, 0x44, 0x27, 0xff, 0x57, 0x44, 0x27, 0xff, 0x57, 0x44, 0x27, 0xff,
    0x57, 0x44, 0x27, 0xff, 0x57, 0x44, 0x27, 0xff, 0x57, 0x44, 0x27, 0xff,
    0x57, 0x44, 0x27, 0xff, 0x57, 0x44, 0x27, 0xff, 0x57, 0x44, 0x27, 0xff,
    0x57, 0x44, 0x27, 0xff, 0x57, 0x44, 0x27, 0xff, 0x57, 0x44, 0x27, 0xff,
    0x57, 0x44, 0x27, 0xff, 0x57, 0x44, 0x27, 0xff, 0x57, 0x44, 0x27, 0xff,
    0x57, 0x44, 0x27, 0xff, 0x57, 0x44, 0x27, 0xff, 0x57, 0x44, 0x27, 0xff,
    0x57, 0x44, 0x27, 0xff, 0x57, 0x44, 0x27, 0xff, 0x3f, 0x31, 0x1c, 0xff,
    0x3f, 0x31, 0x1c, 0xff, 0x41, 0x33, 0x1f, 0xff, 0x78, 0x69, 0x52, 0xff,
    0x65, 0x53, 0x39, 0xff, 0x59, 0x46, 0x29, 0xff, 0x57, 0x44, 0x27, 0xff,
    0x57, 0x44, 0x27, 0xff, 0x57, 0x44, 0x27, 0xff, 0x57, 0x44, 0x27, 0xff,
    0x57, 0x44, 0x27, 0xff, 0x57, 0x44, 0x27, 0xff, 0x57, 0x44, 0x27, 0xff,
    0x57, 0x44, 0x27, 0xff, 0x57, 0x44, 0x27, 0xff, 0x57, 0x44, 0x27, 0xff,
    0x57, 0x44, 0x27, 0xff, 0x57, 0x44, 0x27, 0xff, 0x57, 0x44, 0x27, 0xff,
    0x57, 0x44, 0x27, 0xff, 0x57, 0x44, 0x27, 0xff, 0x57, 0x44, 0x27, 0xff,
    0x57, 0x44, 0x27, 0xff, 0x57, 0x44, 0x27, 0xff, 0x57, 0x44, 0x27, 0xff,
    0x57, 0x44, 0x27, 0xff, 0x57, 0x44, 0x27, 0xff, 0x57, 0x44, 0x27, 0xff,
    0x57, 0x44, 0x27, 0xff, 0x57, 0x44, 0x27, 0xff, 0x57, 0x44, 0x27, 0xff,
    0x57, 0x44, 0x27, 0xff, 0x57, 0x44, 0x27, 0xff, 0x57, 0x44, 0x27, 0xff,
    0x57, 0x44, 0x27, 0xff, 0x57, 0x44, 0x27, 0xff, 0x57, 0x44, 0x27, 0xff,
    0x57, 0x44, 0x27, 0xff, 0x57, 0x44, 0x27, 0xff, 0x57, 0x44, 0x27, 0xff,
    0x57, 0x44, 0x27, 0xff, 0x57, 0x44, 0x27, 0xff, 0x57, 0x44, 0x27, 0xff,
    0x57, 0x44, 0x27, 0xff, 0x57, 0x44, 0x27, 0xff, 0x57, 0x44, 0x27, 0xff,
    0x57, 0x44, 0x27, 0xff, 0x57, 0x44, 0x27, 0xff, 0x57, 0x44, 0x27, 0xff,
    0x57, 0x44, 0x27, 0xff, 0x3f, 0x31, 0x1c, 0xff, 0x3f, 0x31, 0x1c, 0xff,
    0x41, 0x33, 0x1f, 0xff, 0x78, 0x69, 0x52, 0xff, 0x64, 0x53, 0x38, 0xff,
    0x59, 0x46, 0x29, 0xff, 0x57, 0x44, 0x27, 0xff, 0x57, 0x44, 0x27, 0xff,
    0x57, 0x44, 0x27, 0xff, 0x57, 0x44, 0x27, 0xff, 0x57, 0x44, 0x27, 0xff,
    0x57, 0x44, 0x27, 0xff, 0x57, 0x44, 0x27, 0xff, 0x57, 0x44, 0x27, 0xff,
    0x57, 0x44, 0x27, 0xff, 0x57, 0x44, 0x27, 0xff, 0x57, 0x44, 0x27, 0xff,
    0x57, 0x44, 0x27, 0xff, 0x57, 0x44, 0x27, 0xff, 0x57, 0x44, 0x27, 0xff,
    0x57, 0x44, 0x27, 0xff, 0x57, 0x44, 0x27, 0xff, 0x57, 0x44, 0x27, 0xff,
    0x57, 0x44, 0x27, 0xff, 0x57, 0x44, 0x27, 0xff, 0x57, 0x44, 0x27, 0xff,
    0x57, 0x44, 0x27, 0xff, 0x57, 0x44, 0x27, 0xff, 0x57, 0x44, 0x27, 0xff,
    0x57, 0x44, 0x27, 0xff, 0x57, 0x44, 0x27, 0xff, 0x57, 0x44, 0x27, 0xff,
    0x57, 0x44, 0x27, 0xff, 0x57, 0x44, 0x27, 0xff, 0x57, 0x44, 0x27, 0xff,
    0x57, 0x44, 0x27, 0xff, 0x57, 0x44, 0x27, 0xff, 0x57, 0x44, 0x27, 0xff,
    0x57, 0x44, 0x27, 0xff, 0x57, 0x44, 0x27, 0xff, 0x57, 0x44, 0x27, 0xff,
    0x57, 0x44, 0x27, 0xff, 0x57, 0x44, 0x27, 0xff, 0x57, 0x44, 0x27, 0xff,
    0x57, 0x44, 0x27, 0xff, 0x57, 0x44, 0x27, 0xff, 0x57, 0x44, 0x27, 0xff,
    0x57, 0x44, 0x27, 0xff, 0x57, 0x44, 0x27, 0xff, 0x57, 0x44, 0x27, 0xff,
    0x3f, 0x31, 0x1c, 0xff, 0x3f, 0x31, 0x1c, 0xff, 0x41, 0x33, 0x1f, 0xff,
    0x78, 0x69, 0x52, 0xff, 0x64, 0x53, 0x38, 0xff, 0x59, 0x46, 0x29, 0xff,
    0x57, 0x44, 0x27, 0xff, 0x57, 0x44, 0x27, 0xff, 0x57, 0x44, 0x27, 0xff,
    0x57, 0x44, 0x27, 0xff, 0x57, 0x44, 0x27, 0xff, 0x57, 0x44, 0x27, 0xff,
    0x57, 0x44, 0x27, 0xff, 0x57, 0x44, 0x27, 0xff, 0x57, 0x44, 0x27, 0xff,
    0x57, 0x44, 0x27, 0xff, 0x57, 0x44, 0x27, 0xff, 0x57, 0x44, 0x27, 0xff,
    0x57, 0x44, 0x27, 0xff, 0x57, 0x44, 0x27, 0xff, 0x57, 0x44, 0x27, 0xff,
    0x57, 0x44, 0x27, 0xff, 0x57, 0x44, 0x27, 0xff, 0x57, 0x44, 0x27, 0xff,
    0x57, 0x44, 0x27, 0xff, 0x57, 0x44, 0x27, 0xff, 0x57, 0x44, 0x27, 0xff,
    0x57, 0x44, 0x27, 0xff, 0x57, 0x44, 0x27, 0xff, 0x57, 0x44, 0x27, 0xff,
    0x57, 0x44, 0x27, 0xff, 0x57, 0x44, 0x27, 0xff, 0x57, 0x44, 0x27, 0xff,
    0x57, 0x44, 0x27, 0xff, 0x57, 0x44, 0x27, 0xff, 0x57, 0x44, 0x27, 0xff,
    0x57, 0x44, 0x27, 0xff, 0x57, 0x44, 0x27, 0xff, 0x57, 0x44, 0x27, 0xff,
    0x57, 0x44, 0x27, 0xff, 0x57, 0x44, 0x27, 0xff, 0x57, 0x44, 0x27, 0xff,
    0x57, 0x44, 0x27, 0xff, 0x57, 0x44, 0x27, 0xff, 0x57, 0x44, 0x27, 0xff,
    0x57, 0x44, 0x27, 0xff, 0x57, 0x44, 0x27, 0xff, 0x57, 0x44, 0x27, 0xff,
    0x57, 0x44, 0x27, 0xff, 0x57, 0x44, 0x27, 0xff, 0x3f, 0x31, 0x1c, 0xff,
    0x3f, 0x31, 0x1c, 0xff, 0x41, 0x33, 0x1f, 0xff, 0x78, 0x69, 0x52, 0xff,
    0x64, 0x53, 0x39, 0xff, 0x59, 0x46, 0x29, 0xff, 0x57, 0x44, 0x27, 0xff,
    0x57, 0x44, 0x27, 0xff, 0x57, 0x44, 0x27, 0xff, 0x57, 0x44, 0x27, 0xff,
    0x57, 0x44, 0x27, 0xff, 0x57, 0x44, 0x27, 0xff, 0x57, 0x44, 0x27, 0xff,
    0x57, 0x44, 0x27, 0xff, 0x57, 0x44, 0x27, 0xff, 0x57, 0x44, 0x27, 0xff,
    0x57, 0x44, 0x27, 0xff, 0x57, 0x44, 0x27, 0xff, 0x57, 0x44, 0x27, 0xff,
    0x57, 0x44, 0x27, 0xff, 0x57, 0x44, 0x27, 0xff, 0x57, 0x44, 0x27, 0xff,
    0x57, 0x44, 0x27, 0xff, 0x57, 0x44, 0x27, 0xff, 0x57, 0x44, 0x27, 0xff,
    0x57, 0x44, 0x27, 0xff, 0x57, 0x44, 0x27, 0xff, 0x57, 0x44, 0x27, 0xff,
    0x57, 0x44, 0x27, 0xff, 0x57, 0x44, 0x27, 0xff, 0x57, 0x44, 0x27, 0xff,
    0x57, 0x44, 0x27, 0xff, 0x57, 0x44, 0x27, 0xff, 0x57, 0x44, 0x27, 0xff,
    0x57, 0x44, 0x27, 0xff, 0x57, 0x44, 0x27, 0xff, 0x57, 0x44, 0x27, 0xff,
    0x57, 0x44, 0x27, 0xff, 0x57, 0x44, 0x27, 0xff, 0x57, 0x44, 0x27, 0xff,
    0x57, 0x44, 0x27, 0xff, 0x57, 0x44, 0x27, 0xff, 0x57, 0x44, 0x27, 0xff,
    0x57, 0x44, 0x27, 0xff, 0x57, 0x44, 0x27, 0xff, 0x57, 0x44, 0x27, 0xff,
    0x57, 0x44, 0x27, 0xff, 0x57, 0x44, 0x27, 0xff, 0x57, 0x44, 0x27, 0xff,
    0x57, 0x44, 0x27, 0xff, 0x3f, 0x31, 0x1c, 0xff, 0x3f, 0x31, 0x1c, 0xff,
    0x41, 0x33, 0x1f, 0xff, 0x78, 0x69, 0x52, 0xff, 0x64, 0x53, 0x39, 0xff,
    0x59, 0x46, 0x29, 0xff, 0x57, 0x44, 0x27, 0xff, 0x57, 0x44, 0x27, 0xff,
    0x57, 0x44, 0x27, 0xff, 0x57, 0x44, 0x27, 0xff, 0x57, 0x44, 0x27, 0xff,
    0x57, 0x44, 0x27, 0xff, 0x57, 0x44, 0x27, 0xff, 0x57, 0x44, 0x27, 0xff,
    0x57, 0x44, 0x27, 0xff, 0x57, 0x44, 0x27, 0xff, 0x57, 0x44, 0x27, 0xff,
    0x57, 0x44, 0x27, 0xff, 0x57, 0x44, 0x27, 0xff, 0x57, 0x44, 0x27, 0xff,
    0x57, 0x44, 0x27, 0xff, 0x57, 0x44, 0x27, 0xff, 0x57, 0x44, 0x27, 0xff,
    0x57, 0x44, 0x27, 0xff, 0x57, 0x44, 0x27, 0xff, 0x57, 0x44, 0x27, 0xff,
    0x57, 0x44, 0x27, 0xff, 0x57, 0x44, 0x27, 0xff, 0x57, 0x44, 0x27, 0xff,
    0x57, 0x44, 0x27, 0xff, 0x57, 0x44, 0x27, 0xff, 0x57, 0x44, 0x27, 0xff,
    0x57, 0x44, 0x27, 0xff, 0x57, 0x44, 0x27, 0xff, 0x57, 0x44, 0x27, 0xff,
    0x57, 0x44, 0x27, 0xff, 0x57, 0x44, 0x27, 0xff, 0x57, 0x44, 0x27, 0xff,
    0x57, 0x44, 0x27, 0xff, 0x57, 0x44, 0x27, 0xff, 0x57, 0x44, 0x27, 0xff,
    0x57, 0x44, 0x27, 0xff, 0x57, 0x44, 0x27, 0xff, 0x57, 0x44, 0x27, 0xff,
    0x57, 0x44, 0x27, 0xff, 0x57, 0x44, 0x27, 0xff, 0x57, 0x44, 0x27, 0xff,
    0x57, 0x44, 0x27, 0xff, 0x57, 0x44, 0x27, 0xff, 0x57, 0x44, 0x27, 0xff,
    0x3f, 0x31, 0x1c, 0xff, 0x3f, 0x31, 0x1c, 0xff, 0x41, 0x33, 0x1f, 0xff,
    0x78, 0x69, 0x52, 0xff, 0x64, 0x53, 0x39, 0xff, 0x59, 0x46, 0x29, 0xff,
    0x57, 0x44, 0x27, 0xff, 0x57, 0x44, 0x27, 0xff, 0x57, 0x44, 0x27, 0xff,
    0x57, 0x44, 0x27, 0xff, 0x57, 0x44, 0x27, 0xff, 0x57, 0x44, 0x27, 0xff,
    0x57, 0x44, 0x27, 0xff, 0x57, 0x44, 0x27, 0xff, 0x57, 0x44, 0x27, 0xff,
    0x57, 0x44, 0x27, 0xff, 0x57, 0x44, 0x27, 0xff, 0x57, 0x44, 0x27, 0xff,
    0x57, 0x44, 0x27, 0xff, 0x57, 0x44, 0x27, 0xff, 0x57, 0x44, 0x27, 0xff,
    0x57, 0x44, 0x27, 0xff, 0x57, 0x44, 0x27, 0xff, 0x57, 0x44, 0x27, 0xff,
    0x57, 0x44, 0x27, 0xff, 0x57, 0x44, 0x27, 0xff, 0x57, 0x44, 0x27, 0xff,
    0x57, 0x44, 0x27, 0xff, 0x57, 0x44, 0x27, 0xff, 0x57, 0x44, 0x27, 0xff,
    0x57, 0x44, 0x27, 0xff, 0x57, 0x44, 0x27, 0xff, 0x57, 0x44, 0x27, 0xff,
    0x57, 0x44, 0x27, 0xff, 0x57, 0x44, 0x27, 0xff, 0x57, 0x44, 0x27, 0xff,
    0x57, 0x44, 0x27, 0xff, 0x57, 0x44, 0x27, 0xff, 0x57, 0x44, 0x27, 0xff,
    0x57, 0x44, 0x27, 0xff, 0x57, 0x44, 0x27, 0xff, 0x57, 0x44, 0x27, 0xff,
    0x57, 0x44, 0x27, 0xff, 0x57, 0x44, 0x27, 0xff, 0x57, 0x44, 0x27, 0xff,
    0x57, 0x44, 0x27, 0xff, 0x57, 0x44, 0x27, 0xff, 0x57, 0x44, 0x27, 0xff,
    0x57, 0x44, 0x27, 0xff, 0x57, 0x44, 0x27, 0xff, 0x3f, 0x31, 0x1c, 0xff,
    0x3f, 0x31, 0x1c, 0xff, 0x41, 0x33, 0x1f, 0xff, 0x78, 0x69, 0x52, 0xff,
    0x65, 0x53, 0x39, 0xff, 0x59, 0x46, 0x29, 0xff, 0x57, 0x44, 0x27, 0xff,
    0x57, 0x44, 0x27, 0xff, 0x57, 0x44, 0x27, 0xff, 0x57, 0x44, 0x27, 0xff,
    0x57, 0x44, 0x27, 0xff, 0x57, 0x44, 0x27, 0xff, 0x57, 0x44, 0x27, 0xff,
    0x57, 0x44, 0x27, 0xff, 0x57, 0x44, 0x27, 0xff, 0x57, 0x44, 0x27, 0xff,
    0x57, 0x44, 0x27, 0xff, 0x57, 0x44, 0x27, 0xff, 0x57, 0x44, 0x27, 0xff,
    0x57, 0x44, 0x27, 0xff, 0x57, 0x44, 0x27, 0xff, 0x57, 0x44, 0x27, 0xff,
    0x57, 0x44, 0x27, 0xff, 0x57, 0x44, 0x27, 0xff, 0x57, 0x44, 0x27, 0xff,
    0x57, 0x44, 0x27, 0xff, 0x57, 0x44, 0x27, 0xff, 0x57, 0x44, 0x27, 0xff,
    0x57, 0x44, 0x27, 0xff, 0x57, 0x44, 0x27, 0xff, 0x57, 0x44, 0x27, 0xff,
    0x57, 0x44, 0x27, 0xff, 0x57, 0x44, 0x27, 0xff, 0x57, 0x44, 0x27, 0xff,
    0x57, 0x44, 0x27, 0xff, 0x57, 0x44, 0x27, 0xff, 0x57, 0x44, 0x27, 0xff,
    0x57, 0x44, 0x27, 0xff, 0x57, 0x44, 0x27, 0xff, 0x57, 0x44, 0x27, 0xff,
    0x57, 0x44, 0x27, 0xff, 0x57, 0x44, 0x27, 0xff, 0x57, 0x44, 0x27, 0xff,
    0x57, 0x44, 0x27, 0xff, 0x57, 0x44, 0x27, 0xff, 0x57, 0x44, 0x27, 0xff,
    0x57, 0x44, 0x27, 0xff, 0x57, 0x44, 0x27, 0xff, 0x57, 0x44, 0x27, 0xff,
    0x57, 0x44, 0x27, 0xff, 0x3f, 0x31, 0x1c, 0xff, 0x3f, 0x31, 0x1c, 0xff,
    0x41, 0x33, 0x1f, 0xff, 0x78, 0x69, 0x52, 0xff, 0x64, 0x53, 0x39, 0xff,
    0x59, 0x46, 0x29, 0xff, 0x57, 0x44, 0x27, 0xff, 0x57, 0x44, 0x27, 0xff,
    0x57, 0x44, 0x27, 0xff, 0x57, 0x44, 0x27, 0xff, 0x57, 0x44, 0x27, 0xff,
    0x57, 0x44, 0x27, 0xff, 0x57, 0x44, 0x27, 0xff, 0x57, 0x44, 0x27, 0xff,
    0x57, 0x44, 0x27, 0xff, 0x57, 0x44, 0x27, 0xff, 0x57, 0x44, 0x27, 0xff,
    0x57, 0x44, 0x27, 0xff, 0x57, 0x44, 0x27, 0xff, 0x57, 0x44, 0x27, 0xff,
    0x57, 0x44, 0x27, 0xff, 0x57, 0x44, 0x27, 0xff, 0x57, 0x44, 0x27, 0xff,
    0x57, 0x44, 0x27, 0xff, 0x57, 0x44, 0x27, 0xff, 0x57, 0x44, 0x27, 0xff,
    0x57, 0x44, 0x27, 0xff, 0x57, 0x44, 0x27, 0xff, 0x57, 0x44, 0x27, 0xff,
    0x57, 0x44, 0x27, 0xff, 0x57, 0x44, 0x27, 0xff, 0x57, 0x44, 0x27, 0xff,
    0x57, 0x44, 0x27, 0xff, 0x57, 0x44, 0x27, 0xff, 0x57, 0x44, 0x27, 0xff,
    0x57, 0x44, 0x27, 0xff, 0x57, 0x44, 0x27, 0xff, 0x57, 0x44, 0x27, 0xff,
    0x57, 0x44, 0x27, 0xff, 0x57, 0x44, 0x27, 0xff, 0x57, 0x44, 0x27, 0xff,
    0x57, 0x44, 0x27, 0xff, 0x57, 0x44, 0x27, 0xff, 0x57, 0x44, 0x27, 0xff,
    0x57, 0x44, 0x27, 0xff, 0x57, 0x44, 0x27, 0xff, 0x57, 0x44, 0x27, 0xff,
    0x57, 0x44, 0x27, 0xff, 0x57, 0x44, 0x27, 0xff, 0x57, 0x44, 0x27, 0xff,
    0x3f, 0x31, 0x1c, 0xff, 0x3f, 0x31, 0x1c, 0xff, 0x41, 0x33, 0x1f, 0xff,
    0x78, 0x69, 0x52, 0xff, 0x64, 0x53, 0x38, 0xff, 0x59, 0x46, 0x29, 0xff,
    0x57, 0x44, 0x27, 0xff, 0x57, 0x44, 0x27, 0xff, 0x57, 0x44, 0x27, 0xff,
    0x57, 0x44, 0x27, 0xff, 0x57, 0x44, 0x27, 0xff, 0x57, 0x44, 0x27, 0xff,
    0x57, 0x44, 0x27, 0xff, 0x57, 0x44, 0x27, 0xff, 0x57, 0x44, 0x27, 0xff,
    0x57, 0x44, 0x27, 0xff, 0x57, 0x44, 0x27, 0xff, 0x57, 0x44, 0x27, 0xff,
    0x57, 0x44, 0x27, 0xff, 0x57, 0x44, 0x27, 0xff, 0x57, 0x44, 0x27, 0xff,
    0x57, 0x44, 0x27, 0xff, 0x57, 0x44, 0x27, 0xff, 0x57, 0x44, 0x27, 0xff,
    0x57, 0x44, 0x27, 0xff, 0x57, 0x44, 0x27, 0xff, 0x57, 0x44, 0x27, 0xff,
    0x57, 0x44, 0x27, 0xff, 0x57, 0x44, 0x27, 0xff, 0x57, 0x44, 0x27, 0xff,
    0x57, 0x44, 0x27, 0xff, 0x57, 0x44, 0x27, 0xff, 0x57, 0x44, 0x27, 0xff,
    0x57, 0x44, 0x27, 0xff, 0x57, 0x44, 0x27, 0xff, 0x57, 0x44, 0x27, 0xff,
    0x57, 0x44, 0x27, 0xff, 0x57, 0x44, 0x27, 0xff, 0x57, 0x44, 0x27, 0xff,
    0x57, 0x44, 0x27, 0xff, 0x57, 0x44, 0x27, 0xff, 0x57, 0x44, 0x27, 0xff,
    0x57, 0x44, 0x27, 0xff, 0x57, 0x44, 0x27, 0xff, 0x57, 0x44, 0x27, 0xff,
    0x57, 0x44, 0x27, 0xff, 0x57, 0x44, 0x27, 0xff, 0x57, 0x44, 0x27, 0xff,
    0x57, 0x44, 0x27, 0xff, 0x57, 0x44, 0x27, 0xff, 0x3f, 0x31, 0x1c, 0xff,
    0x3f, 0x31, 0x1c, 0xff, 0x41, 0x33, 0x1f, 0xff, 0x78, 0x69, 0x52, 0xff,
    0x65, 0x53, 0x39, 0xff, 0x59, 0x46, 0x29, 0xff, 0x57, 0x44, 0x27, 0xff,
    0x57, 0x44, 0x27, 0xff, 0x57, 0x44, 0x27, 0xff, 0x57, 0x44, 0x27, 0xff,
    0x57, 0x44, 0x27, 0xff, 0x57, 0x44, 0x27, 0xff, 0x57, 0x44, 0x27, 0xff,
    0x57, 0x44, 0x27, 0xff, 0x57, 0x44, 0x27, 0xff, 0x57, 0x44, 0x27, 0xff,
    0x57, 0x44, 0x27, 0xff, 0x57, 0x44, 0x27, 0xff, 0x57, 0x44, 0x27, 0xff,
    0x57, 0x44, 0x27, 0xff, 0x57, 0x44, 0x27, 0xff, 0x57, 0x44, 0x27, 0xff,
    0x57, 0x44, 0x27, 0xff, 0x57, 0x44, 0x27, 0xff, 0x57, 0x44, 0x27, 0xff,
    0x57, 0x44, 0x27, 0xff, 0x57, 0x44, 0x27, 0xff, 0x57, 0x44, 0x27, 0xff,
    0x57, 0x44, 0x27, 0xff, 0x57, 0x44, 0x27, 0xff, 0x57, 0x44, 0x27, 0xff,
    0x57, 0x44, 0x27, 0xff, 0x57, 0x44, 0x27, 0xff, 0x57, 0x44, 0x27, 0xff,
    0x57, 0x44, 0x27, 0xff, 0x57, 0x44, 0x27, 0xff, 0x57, 0x44, 0x27, 0xff,
    0x57, 0x44, 0x27, 0xff, 0x57, 0x44, 0x27, 0xff, 0x57, 0x44, 0x27, 0xff,
    0x57, 0x44, 0x27, 0xff, 0x57, 0x44, 0x27, 0xff, 0x57, 0x44, 0x27, 0xff,
    0x57, 0x44, 0x27, 0xff, 0x57, 0x44, 0x27, 0xff, 0x57, 0x44, 0x27, 0xff,
    0x57, 0x44, 0x27, 0xff, 0x57, 0x44, 0x27, 0xff, 0x57, 0x44, 0x27, 0xff,
    0x57, 0x44, 0x27, 0xff, 0x3f, 0x31, 0x1c, 0xff, 0x3f, 0x31, 0x1c, 0xff,
    0x41, 0x33, 0x1f, 0xff, 0x78, 0x69, 0x52, 0xff, 0x65, 0x54, 0x39, 0xff,
    0x59, 0x46, 0x29, 0xff, 0x57, 0x44, 0x27, 0xff, 0x57, 0x44, 0x27, 0xff,
    0x57, 0x44, 0x27, 0xff, 0x57, 0x44, 0x27, 0xff, 0x57, 0x44, 0x27, 0xff,
    0x57, 0x44, 0x27, 0xff, 0x57, 0x44, 0x27, 0xff, 0x57, 0x44, 0x27, 0xff,
    0x57, 0x44, 0x27, 0xff, 0x57, 0x44, 0x27, 0xff, 0x57, 0x44, 0x27, 0xff,
    0x57, 0x44, 0x27, 0xff, 0x57, 0x44, 0x27, 0xff, 0x57, 0x44, 0x27, 0xff,
    0x57, 0x44, 0x27, 0xff, 0x57, 0x44, 0x27, 0xff, 0x57, 0x44, 0x27, 0xff,
    0x57, 0x44, 0x27, 0xff, 0x57, 0x44, 0x27, 0xff, 0x57, 0x44, 0x27, 0xff,
    0x57, 0x44, 0x27, 0xff, 0x57, 0x44, 0x27, 0xff, 0x57, 0x44, 0x27, 0xff,
    0x57, 0x44, 0x27, 0xff, 0x57, 0x44, 0x27, 0xff, 0x57, 0x44, 0x27, 0xff,
    0x57, 0x44, 0x27, 0xff, 0x57, 0x44, 0x27, 0xff, 0x57, 0x44, 0x27, 0xff,
    0x57, 0x44, 0x27, 0xff, 0x57, 0x44, 0x27, 0xff, 0x57, 0x44, 0x27, 0xff,
    0x57, 0x44, 0x27, 0xff, 0x57, 0x44, 0x27, 0xff, 0x57, 0x44, 0x27, 0xff,
    0x57, 0x44, 0x27, 0xff, 0x57, 0x44, 0x27, 0xff, 0x57, 0x44, 0x27, 0xff,
    0x57, 0x44, 0x27, 0xff, 0x57, 0x44, 0x27, 0xff, 0x57, 0x44, 0x27, 0xff,
    0x57, 0x44, 0x27, 0xff, 0x57, 0x44, 0x27, 0xff, 0x57, 0x44, 0x27, 0xff,
    0x3f, 0x31, 0x1c, 0xff, 0x3f, 0x31, 0x1c, 0xff, 0x41, 0x33, 0x1f, 0xff,
    0x78, 0x69, 0x52, 0xff, 0x64, 0x53, 0x39, 0xff, 0x59, 0x46, 0x29, 0xff,
    0x57, 0x44, 0x27, 0xff, 0x57, 0x44, 0x27, 0xff, 0x57, 0x44, 0x27, 0xff,
    0x57, 0x44, 0x27, 0xff, 0x57, 0x44, 0x27, 0xff, 0x57, 0x44, 0x27, 0xff,
    0x57, 0x44, 0x27, 0xff, 0x57, 0x44, 0x27, 0xff, 0x57, 0x44, 0x27, 0xff,
    0x57, 0x44, 0x27, 0xff, 0x57, 0x44, 0x27, 0xff, 0x57, 0x44, 0x27, 0xff,
    0x57, 0x44, 0x27, 0xff, 0x57, 0x44, 0x27, 0xff, 0x57, 0x44, 0x27, 0xff,
    0x57, 0x44, 0x27, 0xff, 0x57, 0x44, 0x27, 0xff, 0x57, 0x44, 0x27, 0xff,
    0x57, 0x44, 0x27, 0xff, 0x57, 0x44, 0x27, 0xff, 0x57, 0x44, 0x27, 0xff,
    0x57, 0x44, 0x27, 0xff, 0x57, 0x44, 0x27, 0xff, 0x57, 0x44, 0x27, 0xff,
    0x57, 0x44, 0x27, 0xff, 0x57, 0x44, 0x27, 0xff, 0x57, 0x44, 0x27, 0xff,
    0x57, 0x44, 0x27, 0xff, 0x57, 0x44, 0x27, 0xff, 0x57, 0x44, 0x27, 0xff,
    0x57, 0x44, 0x27, 0xff, 0x57, 0x44, 0x27, 0xff, 0x57, 0x44, 0x27, 0xff,
    0x57, 0x44, 0x27, 0xff, 0x57, 0x44, 0x27, 0xff, 0x57, 0x44, 0x27, 0xff,
    0x57, 0x44, 0x27, 0xff, 0x57, 0x44, 0x27, 0xff, 0x57, 0x44, 0x27, 0xff,
    0x57, 0x44, 0x27, 0xff, 0x57, 0x44, 0x27, 0xff, 0x57, 0x44, 0x27, 0xff,
    0x57, 0x44, 0x27, 0xff, 0x57, 0x44, 0x27, 0xff, 0x3f, 0x31, 0x1c, 0xff,
    0x3f, 0x31, 0x1c, 0xff, 0x41, 0x33, 0x1f, 0xff, 0x78, 0x69, 0x52, 0xff,
    0x65, 0x53, 0x39, 0xff, 0x59, 0x46, 0x29, 0xff, 0x57, 0x44, 0x27, 0xff,
    0x57, 0x44, 0x27, 0xff, 0x57, 0x44, 0x27, 0xff, 0x57, 0x44, 0x27, 0xff,
    0x57, 0x44, 0x27, 0xff, 0x57, 0x44, 0x27, 0xff, 0x57, 0x44, 0x27, 0xff,
    0x57, 0x44, 0x27, 0xff, 0x57, 0x44, 0x27, 0xff, 0x57, 0x44, 0x27, 0xff,
    0x57, 0x44, 0x27, 0xff, 0x57, 0x44, 0x27, 0xff, 0x57, 0x44, 0x27, 0xff,
    0x57, 0x44, 0x27, 0xff, 0x57, 0x44, 0x27, 0xff, 0x57, 0x44, 0x27, 0xff,
    0x57, 0x44, 0x27, 0xff, 0x57, 0x44, 0x27, 0xff, 0x57, 0x44, 0x27, 0xff,
    0x57, 0x44, 0x27, 0xff, 0x57, 0x44, 0x27, 0xff, 0x57, 0x44, 0x27, 0xff,
    0x57, 0x44, 0x27, 0xff, 0x57, 0x44, 0x27, 0xff, 0x57, 0x44, 0x27, 0xff,
    0x57, 0x44, 0x27, 0xff, 0x57, 0x44, 0x27, 0xff, 0x57, 0x44, 0x27, 0xff,
    0x57, 0x44, 0x27, 0xff, 0x57, 0x44, 0x27, 0xff, 0x57, 0x44, 0x27, 0xff,
    0x57, 0x44, 0x27, 0xff, 0x57, 0x44, 0x27, 0xff, 0x57, 0x44, 0x27, 0xff,
    0x57, 0x44, 0x27, 0xff, 0x57, 0x44, 0x27, 0xff, 0x57, 0x44, 0x27, 0xff,
    0x57, 0x44, 0x27, 0xff, 0x57, 0x44, 0x27, 0xff, 0x57, 0x44, 0x27, 0xff,
    0x57, 0x44, 0x27, 0xff, 0x57, 0x44, 0x27, 0xff, 0x57, 0x44, 0x27, 0xff,
    0x57, 0x44, 0x27, 0xff, 0x3f, 0x31, 0x1c, 0xff, 0x3f, 0x31, 0x1c, 0xff,
    0x41, 0x33, 0x1f, 0xff, 0x78, 0x69, 0x52, 0xff, 0x65, 0x53, 0x39, 0xff,
    0x59, 0x46, 0x29, 0xff, 0x57, 0x44, 0x27, 0xff, 0x57, 0x44, 0x27, 0xff,
    0x57, 0x44, 0x27, 0xff, 0x57, 0x44, 0x27, 0xff, 0x57, 0x44, 0x27, 0xff,
    0x57, 0x44, 0x27, 0xff, 0x57, 0x44, 0x27, 0xff, 0x57, 0x44, 0x27, 0xff,
    0x57, 0x44, 0x27, 0xff, 0x57, 0x44, 0x27, 0xff, 0x57, 0x44, 0x27, 0xff,
    0x57, 0x44, 0x27, 0xff, 0x57, 0x44, 0x27, 0xff, 0x57, 0x44, 0x27, 0xff,
    0x57, 0x44, 0x27, 0xff, 0x57, 0x44, 0x27, 0xff, 0x57, 0x44, 0x27, 0xff,
    0x57, 0x44, 0x27, 0xff, 0x57, 0x44, 0x27, 0xff, 0x57, 0x44, 0x27, 0xff,
    0x57, 0x44, 0x27, 0xff, 0x57, 0x44, 0x27, 0xff, 0x57, 0x44, 0x27, 0xff,
    0x57, 0x44, 0x27, 0xff, 0x57, 0x44, 0x27, 0xff, 0x57, 0x44, 0x27, 0xff,
    0x57, 0x44, 0x27, 0xff, 0x57, 0x44, 0x27, 0xff, 0x57, 0x44, 0x27, 0xff,
    0x57, 0x44, 0x27, 0xff, 0x57, 0x44, 0x27, 0xff, 0x57, 0x44, 0x27, 0xff,
    0x57, 0x44, 0x27, 0xff, 0x57, 0x44, 0x27, 0xff, 0x57, 0x44, 0x27, 0xff,
    0x57, 0x44, 0x27, 0xff, 0x57, 0x44, 0x27, 0xff, 0x57, 0x44, 0x27, 0xff,
    0x57, 0x44, 0x27, 0xff, 0x57, 0x44, 0x27, 0xff, 0x57, 0x44, 0x27, 0xff,
    0x57, 0x44, 0x27, 0xff, 0x57, 0x44, 0x27, 0xff, 0x57, 0x44, 0x27, 0xff,
    0x3f, 0x31, 0x1c, 0xff, 0x3f, 0x31, 0x1c, 0xff, 0x41, 0x33, 0x1f, 0xff,
    0x78, 0x69, 0x52, 0xff, 0x65, 0x53, 0x39, 0xff, 0x59, 0x46, 0x29, 0xff,
    0x57, 0x44, 0x27, 0xff, 0x57, 0x44, 0x27, 0xff, 0x57, 0x44, 0x27, 0xff,
    0x57, 0x44, 0x27, 0xff, 0x57, 0x44, 0x27, 0xff, 0x57, 0x44, 0x27, 0xff,
    0x57, 0x44, 0x27, 0xff, 0x57, 0x44, 0x27, 0xff, 0x57, 0x44, 0x27, 0xff,
    0x57, 0x44, 0x27, 0xff, 0x57, 0x44, 0x27, 0xff, 0x57, 0x44, 0x27, 0xff,
    0x57, 0x44, 0x27, 0xff, 0x57, 0x44, 0x27, 0xff, 0x57, 0x44, 0x27, 0xff,
    0x57, 0x44, 0x27, 0xff, 0x57, 0x44, 0x27, 0xff, 0x57, 0x44, 0x27, 0xff,
    0x57, 0x44, 0x27, 0xff, 0x57, 0x44, 0x27, 0xff, 0x57, 0x44, 0x27, 0xff,
    0x57, 0x44, 0x27, 0xff, 0x57, 0x44, 0x27, 0xff, 0x57, 0x44, 0x27, 0xff,
    0x57, 0x44, 0x27, 0xff, 0x57, 0x44, 0x27, 0xff, 0x57, 0x44, 0x27, 0xff,
    0x57, 0x44, 0x27, 0xff, 0x57, 0x44, 0x27, 0xff, 0x57, 0x44, 0x27, 0xff,
    0x57, 0x44, 0x27, 0xff, 0x57, 0x44, 0x27, 0xff, 0x57, 0x44, 0x27, 0xff,
    0x57, 0x44, 0x27, 0xff, 0x57, 0x44, 0x27, 0xff, 0x57, 0x44, 0x27, 0xff,
    0x57, 0x44, 0x27, 0xff, 0x57, 0x44, 0x27, 0xff, 0x57, 0x44, 0x27, 0xff,
    0x57, 0x44, 0x27, 0xff, 0x57, 0x44, 0x27, 0xff, 0x57, 0x44, 0x27, 0xff,
    0x57, 0x44, 0x27, 0xff, 0x57, 0x44, 0x27, 0xff, 0x3f, 0x31, 0x1c, 0xff,
    0x3f, 0x31, 0x1c, 0xff, 0x41, 0x33, 0x1f, 0xff, 0x78, 0x69, 0x52, 0xff,
    0x65, 0x53, 0x39, 0xff, 0x59, 0x46, 0x29, 0xff, 0x57, 0x44, 0x27, 0xff,
    0x57, 0x44, 0x27, 0xff, 0x57, 0x44, 0x27, 0xff, 0x57, 0x44, 0x27, 0xff,
    0x57, 0x44, 0x27, 0xff, 0x57, 0x44, 0x27, 0xff, 0x57, 0x44, 0x27, 0xff,
    0x57, 0x44, 0x27, 0xff, 0x57, 0x44, 0x27, 0xff, 0x57, 0x44, 0x27, 0xff,
    0x57, 0x44, 0x27, 0xff, 0x57, 0x44, 0x27, 0xff, 0x57, 0x44, 0x27, 0xff,
    0x57, 0x44, 0x27, 0xff, 0x57, 0x44, 0x27, 0xff, 0x57, 0x44, 0x27, 0xff,
    0x57, 0x44, 0x27, 0xff, 0x57, 0x44, 0x27, 0xff, 0x57, 0x44, 0x27, 0xff,
    0x57, 0x44, 0x27, 0xff, 0x57, 0x44, 0x27, 0xff, 0x57, 0x44, 0x27, 0xff,
    0x57, 0x44, 0x27, 0xff, 0x57, 0x44, 0x27, 0xff, 0x57, 0x44, 0x27, 0xff,
    0x57, 0x44, 0x27, 0xff, 0x57, 0x44, 0x27, 0xff, 0x57, 0x44, 0x27, 0xff,
    0x57, 0x44, 0x27, 0xff, 0x57, 0x44, 0x27, 0xff, 0x57, 0x44, 0x27, 0xff,
    0x57, 0x44, 0x27, 0xff, 0x57, 0x44, 0x27, 0xff, 0x57, 0x44, 0x27, 0xff,
    0x57, 0x44, 0x27, 0xff, 0x57, 0x44, 0x27, 0xff, 0x57, 0x44, 0x27, 0xff,
    0x57, 0x44, 0x27, 0xff, 0x57, 0x44, 0x27, 0xff, 0x57, 0x44, 0x27, 0xff,
    0x57, 0x44, 0x27, 0xff, 0x57, 0x44, 0x27, 0xff, 0x57, 0x44, 0x27, 0xff,
    0x57, 0x44, 0x27, 0xff, 0x3f, 0x31, 0x1c, 0xff, 0x3f, 0x31, 0x1c, 0xff,
    0x41, 0x33, 0x1f, 0xff, 0x78, 0x69, 0x52, 0xff, 0x65, 0x53, 0x39, 0xff,
    0x59, 0x46, 0x29, 0xff, 0x57, 0x44, 0x27, 0xff, 0x57, 0x44, 0x27, 0xff,
    0x57, 0x44, 0x27, 0xff, 0x57, 0x44, 0x27, 0xff, 0x57, 0x44, 0x27, 0xff,
    0x57, 0x44, 0x27, 0xff, 0x57, 0x44, 0x27, 0xff, 0x57, 0x44, 0x27, 0xff,
    0x57, 0x44, 0x27, 0xff, 0x57, 0x44, 0x27, 0xff, 0x57, 0x44, 0x27, 0xff,
    0x57, 0x44, 0x27, 0xff, 0x57, 0x44, 0x27, 0xff, 0x57, 0x44, 0x27, 0xff,
    0x57, 0x44, 0x27, 0xff, 0x57, 0x44, 0x27, 0xff, 0x57, 0x44, 0x27, 0xff,
    0x57, 0x44, 0x27, 0xff, 0x57, 0x44, 0x27, 0xff, 0x57, 0x44, 0x27, 0xff,
    0x57, 0x44, 0x27, 0xff, 0x57, 0x44, 0x27, 0xff, 0x57, 0x44, 0x27, 0xff,
    0x57, 0x44, 0x27, 0xff, 0x57, 0x44, 0x27, 0xff, 0x57, 0x44, 0x27, 0xff,
    0x57, 0x44, 0x27, 0xff, 0x57, 0x44, 0x27, 0xff, 0x57, 0x44, 0x27, 0xff,
    0x57, 0x44, 0x27, 0xff, 0x57, 0x44, 0x27, 0xff, 0x57, 0x44, 0x27, 0xff,
    0x57, 0x44, 0x27, 0xff, 0x57, 0x44, 0x27, 0xff, 0x57, 0x44, 0x27, 0xff,
    0x57, 0x44, 0x27, 0xff, 0x57, 0x44, 0x27, 0xff, 0x57, 0x44, 0x27, 0xff,
    0x57, 0x44, 0x27, 0xff, 0x57, 0x44, 0x27, 0xff, 0x57, 0x44, 0x27, 0xff,
    0x57, 0x44, 0x27, 0xff, 0x57, 0x44, 0x27, 0xff, 0x57, 0x44, 0x27, 0xff,
    0x3f, 0x31, 0x1c, 0xff, 0x3f, 0x31, 0x1c, 0xff, 0x41, 0x33, 0x1f, 0xff,
    0x78, 0x69, 0x52, 0xff, 0x64, 0x53, 0x39, 0xff, 0x59, 0x46, 0x29, 0xff,
    0x57, 0x44, 0x27, 0xff, 0x57, 0x44, 0x27, 0xff, 0x57, 0x44, 0x27, 0xff,
    0x57, 0x44, 0x27, 0xff, 0x57, 0x44, 0x27, 0xff, 0x57, 0x44, 0x27, 0xff,
    0x57, 0x44, 0x27, 0xff, 0x57, 0x44, 0x27, 0xff, 0x57, 0x44, 0x27, 0xff,
    0x57, 0x44, 0x27, 0xff, 0x57, 0x44, 0x27, 0xff, 0x57, 0x44, 0x27, 0xff,
    0x57, 0x44, 0x27, 0xff, 0x57, 0x44, 0x27, 0xff, 0x57, 0x44, 0x27, 0xff,
    0x57, 0x44, 0x27, 0xff, 0x57, 0x44, 0x27, 0xff, 0x57, 0x44, 0x27, 0xff,
    0x57, 0x44, 0x27, 0xff, 0x57, 0x44, 0x27, 0xff, 0x57, 0x44, 0x27, 0xff,
    0x57, 0x44, 0x27, 0xff, 0x57, 0x44, 0x27, 0xff, 0x57, 0x44, 0x27, 0xff,
    0x57, 0x44, 0x27, 0xff, 0x57, 0x44, 0x27, 0xff, 0x57, 0x44, 0x27, 0xff,
    0x57, 0x44, 0x27, 0xff, 0x57, 0x44, 0x27, 0xff, 0x57, 0x44, 0x27, 0xff,
    0x57, 0x44, 0x27, 0xff, 0x57, 0x44, 0x27, 0xff, 0x57, 0x44, 0x27, 0xff,
    0x57, 0x44, 0x27, 0xff, 0x57, 0x44, 0x27, 0xff, 0x57, 0x44, 0x27, 0xff,
    0x57, 0x44, 0x27, 0xff, 0x57, 0x44, 0x27, 0xff, 0x57, 0x44, 0x27, 0xff,
    0x57, 0x44, 0x27, 0xff, 0x57, 0x44, 0x27, 0xff, 0x57, 0x44, 0x27, 0xff,
    0x57, 0x44, 0x27, 0xff, 0x57, 0x44, 0x27, 0xff, 0x3f, 0x31, 0x1c, 0xff,
    0x3f, 0x31, 0x1c, 0xff, 0x41, 0x33, 0x1f, 0xff, 0x78, 0x69, 0x52, 0xff,
    0x65, 0x53, 0x39, 0xff, 0x59, 0x46, 0x29, 0xff, 0x57, 0x44, 0x27, 0xff,
    0x57, 0x44, 0x27, 0xff, 0x57, 0x44, 0x27, 0xff, 0x57, 0x44, 0x27, 0xff,
    0x57, 0x44, 0x27, 0xff, 0x57, 0x44, 0x27, 0xff, 0x57, 0x44, 0x27, 0xff,
    0x57, 0x44, 0x27, 0xff, 0x57, 0x44, 0x27, 0xff, 0x57, 0x44, 0x27, 0xff,
    0x57, 0x44, 0x27, 0xff, 0x57, 0x44, 0x27, 0xff, 0x57, 0x44, 0x27, 0xff,
    0x57, 0x44, 0x27, 0xff, 0x57, 0x44, 0x27, 0xff, 0x57, 0x44, 0x27, 0xff,
    0x57, 0x44, 0x27, 0xff, 0x57, 0x44, 0x27, 0xff, 0x57, 0x44, 0x27, 0xff,
    0x57, 0x44, 0x27, 0xff, 0x57, 0x44, 0x27, 0xff, 0x57, 0x44, 0x27, 0xff,
    0x57, 0x44, 0x27, 0xff, 0x57, 0x44, 0x27, 0xff, 0x57, 0x44, 0x27, 0xff,
    0x57, 0x44, 0x27, 0xff, 0x57, 0x44, 0x27, 0xff, 0x57, 0x44, 0x27, 0xff,
    0x57, 0x44, 0x27, 0xff, 0x57, 0x44, 0x27, 0xff, 0x57, 0x44, 0x27, 0xff,
    0x57, 0x44, 0x27, 0xff, 0x57, 0x44, 0x27, 0xff, 0x57, 0x44, 0x27, 0xff,
    0x57, 0x44, 0x27, 0xff, 0x57, 0x44, 0x27, 0xff, 0x57, 0x44, 0x27, 0xff,
    0x57, 0x44, 0x27, 0xff, 0x57, 0x44, 0x27, 0xff, 0x57, 0x44, 0x27, 0xff,
    0x57, 0x44, 0x27, 0xff, 0x57, 0x44, 0x27, 0xff, 0x57, 0x44, 0x27, 0xff,
    0x57, 0x44, 0x27, 0xff, 0x3f, 0x31, 0x1c, 0xff, 0x3f, 0x31, 0x1c, 0xff,
    0x41, 0x33, 0x1f, 0xff, 0x78, 0x69, 0x52, 0xff, 0x64, 0x53, 0x39, 0xff,
    0x59, 0x46, 0x29, 0xff, 0x57, 0x44, 0x27, 0xff, 0x57, 0x44, 0x27, 0xff,
    0x57, 0x44, 0x27, 0xff, 0x57, 0x44, 0x27, 0xff, 0x57, 0x44, 0x27, 0xff,
    0x57, 0x44, 0x27, 0xff, 0x57, 0x44, 0x27, 0xff, 0x57, 0x44, 0x27, 0xff,
    0x57, 0x44, 0x27, 0xff, 0x57, 0x44, 0x27, 0xff, 0x57, 0x44, 0x27, 0xff,
    0x57, 0x44, 0x27, 0xff, 0x57, 0x44, 0x27, 0xff, 0x57, 0x44, 0x27, 0xff,
    0x57, 0x44, 0x27, 0xff, 0x57, 0x44, 0x27, 0xff, 0x57, 0x44, 0x27, 0xff,
    0x57, 0x44, 0x27, 0xff, 0x57, 0x44, 0x27, 0xff, 0x57, 0x44, 0x27, 0xff,
    0x57, 0x44, 0x27, 0xff, 0x57, 0x44, 0x27, 0xff, 0x57, 0x44, 0x27, 0xff,
    0x57, 0x44, 0x27, 0xff, 0x57, 0x44, 0x27, 0xff, 0x57, 0x44, 0x27, 0xff,
    0x57, 0x44, 0x27, 0xff, 0x57, 0x44, 0x27, 0xff, 0x57, 0x44, 0x27, 0xff,
    0x57, 0x44, 0x27, 0xff, 0x57, 0x44, 0x27, 0xff, 0x57, 0x44, 0x27, 0xff,
    0x57, 0x44, 0x27, 0xff, 0x57, 0x44, 0x27, 0xff, 0x57, 0x44, 0x27, 0xff,
    0x57, 0x44, 0x27, 0xff, 0x57, 0x44, 0x27, 0xff, 0x57, 0x44, 0x27, 0xff,
    0x57, 0x44, 0x27, 0xff, 0x57, 0x44, 0x27, 0xff, 0x57, 0x44, 0x27, 0xff,
    0x57, 0x44, 0x27, 0xff, 0x57, 0x44, 0x27, 0xff, 0x57, 0x44, 0x27, 0xff,
    0x3f, 0x31, 0x1c, 0xff, 0x3f, 0x31, 0x1c, 0xff, 0x41, 0x33, 0x1f, 0xff,
    0x78, 0x69, 0x52, 0xff, 0x64, 0x53, 0x39, 0xff, 0x59, 0x46, 0x29, 0xff,
    0x57, 0x44, 0x27, 0xff, 0x57, 0x44, 0x27, 0xff, 0x57, 0x44, 0x27, 0xff,
    0x57, 0x44, 0x27, 0xff, 0x57, 0x44, 0x27, 0xff, 0x57, 0x44, 0x27, 0xff,
    0x57, 0x44, 0x27, 0xff, 0x57, 0x44, 0x27, 0xff, 0x57, 0x44, 0x27, 0xff,
    0x57, 0x44, 0x27, 0xff, 0x57, 0x44, 0x27, 0xff, 0x57, 0x44, 0x27, 0xff,
    0x57, 0x44, 0x27, 0xff, 0x57, 0x44, 0x27, 0xff, 0x57, 0x44, 0x27, 0xff,
    0x57, 0x44, 0x27, 0xff, 0x57, 0x44, 0x27, 0xff, 0x57, 0x44, 0x27, 0xff,
    0x57, 0x44, 0x27, 0xff, 0x57, 0x44, 0x27, 0xff, 0x57, 0x44, 0x27, 0xff,
    0x57, 0x44, 0x27, 0xff, 0x57, 0x44, 0x27, 0xff, 0x57, 0x44, 0x27, 0xff,
    0x57, 0x44, 0x27, 0xff, 0x57, 0x44, 0x27, 0xff, 0x57, 0x44, 0x27, 0xff,
    0x57, 0x44, 0x27, 0xff, 0x57, 0x44, 0x27, 0xff, 0x57, 0x44, 0x27, 0xff,
    0x57, 0x44, 0x27, 0xff, 0x57, 0x44, 0x27, 0xff, 0x57, 0x44, 0x27, 0xff,
    0x57, 0x44, 0x27, 0xff, 0x57, 0x44, 0x27, 0xff, 0x57, 0x44, 0x27, 0xff,
    0x57, 0x44, 0x27, 0xff, 0x57, 0x44, 0x27, 0xff, 0x57, 0x44, 0x27, 0xff,
    0x57, 0x44, 0x27, 0xff, 0x57, 0x44, 0x27, 0xff, 0x57, 0x44, 0x27, 0xff,
    0x57, 0x44, 0x27, 0xff, 0x57, 0x44, 0x27, 0xff, 0x3f, 0x31, 0x1c, 0xff,
    0x3f, 0x31, 0x1c, 0xff, 0x41, 0x33, 0x1f, 0xff, 0x78, 0x69, 0x52, 0xff,
    0x64, 0x53, 0x39, 0xff, 0x59, 0x46, 0x29, 0xff, 0x57, 0x44, 0x27, 0xff,
    0x57, 0x44, 0x27, 0xff, 0x57, 0x44, 0x27, 0xff, 0x57, 0x44, 0x27, 0xff,
    0x57, 0x44, 0x27, 0xff, 0x57, 0x44, 0x27, 0xff, 0x57, 0x44, 0x27, 0xff,
    0x57, 0x44, 0x27, 0xff, 0x57, 0x44, 0x27, 0xff, 0x57, 0x44, 0x27, 0xff,
    0x57, 0x44, 0x27, 0xff, 0x57, 0x44, 0x27, 0xff, 0x57, 0x44, 0x27, 0xff,
    0x57, 0x44, 0x27, 0xff, 0x57, 0x44, 0x27, 0xff, 0x57, 0x44, 0x27, 0xff,
    0x57, 0x44, 0x27, 0xff, 0x57, 0x44, 0x27, 0xff, 0x57, 0x44, 0x27, 0xff,
    0x57, 0x44, 0x27, 0xff, 0x57, 0x44, 0x27, 0xff, 0x57, 0x44, 0x27, 0xff,
    0x57, 0x44, 0x27, 0xff, 0x57, 0x44, 0x27, 0xff, 0x57, 0x44, 0x27, 0xff,
    0x57, 0x44, 0x27, 0xff, 0x57, 0x44, 0x27, 0xff, 0x57, 0x44, 0x27, 0xff,
    0x57, 0x44, 0x27, 0xff, 0x57, 0x44, 0x27, 0xff, 0x57, 0x44, 0x27, 0xff,
    0x57, 0x44, 0x27, 0xff, 0x57, 0x44, 0x27, 0xff, 0x57, 0x44, 0x27, 0xff,
    0x57, 0x44, 0x27, 0xff, 0x57, 0x44, 0x27, 0xff, 0x57, 0x44, 0x27, 0xff,
    0x57, 0x44, 0x27, 0xff, 0x57, 0x44, 0x27, 0xff, 0x57, 0x44, 0x27, 0xff,
    0x57, 0x44, 0x27, 0xff, 0x57, 0x44, 0x27, 0xff, 0x57, 0x44, 0x27, 0xff,
    0x57, 0x44, 0x27, 0xff, 0x3f, 0x31, 0x1c, 0xff, 0x3f, 0x31, 0x1c, 0xff,
    0x41, 0x33, 0x1f, 0xff, 0x78, 0x69, 0x52, 0xff, 0x65, 0x53, 0x39, 0xff,
    0x59, 0x46, 0x29, 0xff, 0x57, 0x44, 0x27, 0xff, 0x57, 0x44, 0x27, 0xff,
    0x57, 0x44, 0x27, 0xff, 0x57, 0x44, 0x27, 0xff, 0x57, 0x44, 0x27, 0xff,
    0x57, 0x44, 0x27, 0xff, 0x57, 0x44, 0x27, 0xff, 0x57, 0x44, 0x27, 0xff,
    0x57, 0x44, 0x27, 0xff, 0x57, 0x44, 0x27, 0xff, 0x57, 0x44, 0x27, 0xff,
    0x57, 0x44, 0x27, 0xff, 0x57, 0x44, 0x27, 0xff, 0x57, 0x44, 0x27, 0xff,
    0x57, 0x44, 0x27, 0xff, 0x57, 0x44, 0x27, 0xff, 0x57, 0x44, 0x27, 0xff,
    0x57, 0x44, 0x27, 0xff, 0x57, 0x44, 0x27, 0xff, 0x57, 0x44, 0x27, 0xff,
    0x57, 0x44, 0x27, 0xff, 0x57, 0x44, 0x27, 0xff, 0x57, 0x44, 0x27, 0xff,
    0x57, 0x44, 0x27, 0xff, 0x57, 0x44, 0x27, 0xff, 0x57, 0x44, 0x27, 0xff,
    0x57, 0x44, 0x27, 0xff, 0x57, 0x44, 0x27, 0xff, 0x57, 0x44, 0x27, 0xff,
    0x57, 0x44, 0x27, 0xff, 0x57, 0x44, 0x27, 0xff, 0x57, 0x44, 0x27, 0xff,
    0x57, 0x44, 0x27, 0xff, 0x57, 0x44, 0x27, 0xff, 0x57, 0x44, 0x27, 0xff,
    0x57, 0x44, 0x27, 0xff, 0x57, 0x44, 0x27, 0xff, 0x57, 0x44, 0x27, 0xff,
    0x57, 0x44, 0x27, 0xff, 0x57, 0x44, 0x27, 0xff, 0x57, 0x44, 0x27, 0xff,
    0x57, 0x44, 0x27, 0xff, 0x57, 0x44, 0x27, 0xff, 0x57, 0x44, 0x27, 0xff,
    0x3f, 0x31, 0x1c, 0xff, 0x3f, 0x31, 0x1c, 0xff, 0x41, 0x33, 0x1f, 0xff,
    0x78, 0x69, 0x52, 0xff, 0x65, 0x53, 0x39, 0xff, 0x59, 0x46, 0x29, 0xff,
    0x57, 0x44, 0x27, 0xff, 0x57, 0x44, 0x27, 0xff, 0x57, 0x44, 0x27, 0xff,
    0x57, 0x44, 0x27, 0xff, 0x57, 0x44, 0x27, 0xff, 0x57, 0x44, 0x27, 0xff,
    0x57, 0x44, 0x27, 0xff, 0x57, 0x44, 0x27, 0xff, 0x57, 0x44, 0x27, 0xff,
    0x57, 0x44, 0x27, 0xff, 0x57, 0x44, 0x27, 0xff, 0x57, 0x44, 0x27, 0xff,
    0x57, 0x44, 0x27, 0xff, 0x57, 0x44, 0x27, 0xff, 0x57, 0x44, 0x27, 0xff,
    0x57, 0x44, 0x27, 0xff, 0x57, 0x44, 0x27, 0xff, 0x57, 0x44, 0x27, 0xff,
    0x57, 0x44, 0x27, 0xff, 0x57, 0x44, 0x27, 0xff, 0x57, 0x44, 0x27, 0xff,
    0x57, 0x44, 0x27, 0xff, 0x57, 0x44, 0x27, 0xff, 0x57, 0x44, 0x27, 0xff,
    0x57, 0x44, 0x27, 0xff, 0x57, 0x44, 0x27, 0xff, 0x57, 0x44, 0x27, 0xff,
    0x57, 0x44, 0x27, 0xff, 0x57, 0x44, 0x27, 0xff, 0x57, 0x44, 0x27, 0xff,
    0x57, 0x44, 0x27, 0xff, 0x57, 0x44, 0x27, 0xff, 0x57, 0x44, 0x27, 0xff,
    0x57, 0x44, 0x27, 0xff, 0x57, 0x44, 0x27, 0xff, 0x57, 0x44, 0x27, 0xff,
    0x57, 0x44, 0x27, 0xff, 0x57, 0x44, 0x27, 0xff, 0x57, 0x44, 0x27, 0xff,
    0x57, 0x44, 0x27, 0xff, 0x57, 0x44, 0x27, 0xff, 0x57, 0x44, 0x27, 0xff,
    0x57, 0x44, 0x27, 0xff, 0x57, 0x44, 0x27, 0xff, 0x3f, 0x31, 0x1c, 0xff,
    0x3f, 0x31, 0x1c, 0xff, 0x41, 0x33, 0x1f, 0xff, 0x78, 0x69, 0x52, 0xff,
    0x64, 0x53, 0x39, 0xff, 0x59, 0x46, 0x29, 0xff, 0x57, 0x44, 0x27, 0xff,
    0x57, 0x44, 0x27, 0xff, 0x57, 0x44, 0x27, 0xff, 0x57, 0x44, 0x27, 0xff,
    0x57, 0x44, 0x27, 0xff, 0x57, 0x44, 0x27, 0xff, 0x57, 0x44, 0x27, 0xff,
    0x57, 0x44, 0x27, 0xff, 0x57, 0x44, 0x27, 0xff, 0x57, 0x44, 0x27, 0xff,
    0x57, 0x44, 0x27, 0xff, 0x57, 0x44, 0x27, 0xff, 0x57, 0x44, 0x27, 0xff,
    0x57, 0x44, 0x27, 0xff, 0x57, 0x44, 0x27, 0xff, 0x57, 0x44, 0x27, 0xff,
    0x57, 0x44, 0x27, 0xff, 0x57, 0x44, 0x27, 0xff, 0x57, 0x44, 0x27, 0xff,
    0x57, 0x44, 0x27, 0xff, 0x57, 0x44, 0x27, 0xff, 0x57, 0x44, 0x27, 0xff,
    0x57, 0x44, 0x27, 0xff, 0x57, 0x44, 0x27, 0xff, 0x57, 0x44, 0x27, 0xff,
    0x57, 0x44, 0x27, 0xff, 0x57, 0x44, 0x27, 0xff, 0x57, 0x44, 0x27, 0xff,
    0x57, 0x44, 0x27, 0xff, 0x57, 0x44, 0x27, 0xff, 0x57, 0x44, 0x27, 0xff,
    0x57, 0x44, 0x27, 0xff, 0x57, 0x44, 0x27, 0xff, 0x57, 0x44, 0x27, 0xff,
    0x57, 0x44, 0x27, 0xff, 0x57, 0x44, 0x27, 0xff, 0x57, 0x44, 0x27, 0xff,
    0x57, 0x44, 0x27, 0xff, 0x57, 0x44, 0x27, 0xff, 0x57, 0x44, 0x27, 0xff,
    0x57, 0x44, 0x27, 0xff, 0x57, 0x44, 0x27, 0xff, 0x57, 0x44, 0x27, 0xff,
    0x57, 0x44, 0x27, 0xff, 0x3f, 0x31, 0x1c, 0xff, 0x3f, 0x31, 0x1c, 0xff,
    0x41, 0x33, 0x1f, 0xff, 0x78, 0x69, 0x52, 0xff, 0x65, 0x53, 0x39, 0xff,
    0x59, 0x46, 0x29, 0xff, 0x57, 0x44, 0x27, 0xff, 0x57, 0x44, 0x27, 0xff,
    0x57, 0x44, 0x27, 0xff, 0x57, 0x44, 0x27, 0xff, 0x57, 0x44, 0x27, 0xff,
    0x57, 0x44, 0x27, 0xff, 0x57, 0x44, 0x27, 0xff, 0x57, 0x44, 0x27, 0xff,
    0x57, 0x44, 0x27, 0xff, 0x57, 0x44, 0x27, 0xff, 0x57, 0x44, 0x27, 0xff,
    0x57, 0x44, 0x27, 0xff, 0x57, 0x44, 0x27, 0xff, 0x57, 0x44, 0x27, 0xff,
    0x57, 0x44, 0x27, 0xff, 0x57, 0x44, 0x27, 0xff, 0x57, 0x44, 0x27, 0xff,
    0x57, 0x44, 0x27, 0xff, 0x57, 0x44, 0x27, 0xff, 0x57, 0x44, 0x27, 0xff,
    0x57, 0x44, 0x27, 0xff, 0x57, 0x44, 0x27, 0xff, 0x57, 0x44, 0x27, 0xff,
    0x57, 0x44, 0x27, 0xff, 0x57, 0x44, 0x27, 0xff, 0x57, 0x44, 0x27, 0xff,
    0x57, 0x44, 0x27, 0xff, 0x57, 0x44, 0x27, 0xff, 0x57, 0x44, 0x27, 0xff,
    0x57, 0x44, 0x27, 0xff, 0x57, 0x44, 0x27, 0xff, 0x57, 0x44, 0x27, 0xff,
    0x57, 0x44, 0x27, 0xff, 0x57, 0x44, 0x27, 0xff, 0x57, 0x44, 0x27, 0xff,
    0x57, 0x44, 0x27, 0xff, 0x57, 0x44, 0x27, 0xff, 0x57, 0x44, 0x27, 0xff,
    0x57, 0x44, 0x27, 0xff, 0x57, 0x44, 0x27, 0xff, 0x57, 0x44, 0x27, 0xff,
    0x57, 0x44, 0x27, 0xff, 0x57, 0x44, 0x27, 0xff, 0x57, 0x44, 0x27, 0xff,
    0x3f, 0x31, 0x1c, 0xff, 0x3f, 0x31, 0x1c, 0xff, 0x41, 0x33, 0x1f, 0xff,
    0x78, 0x69, 0x52, 0xff, 0x64, 0x53, 0x39, 0xff, 0x59, 0x46, 0x29, 0xff,
    0x57, 0x44, 0x27, 0xff, 0x57, 0x44, 0x27, 0xff, 0x57, 0x44, 0x27, 0xff,
    0x57, 0x44, 0x27, 0xff, 0x57, 0x44, 0x27, 0xff, 0x57, 0x44, 0x27, 0xff,
    0x57, 0x44, 0x27, 0xff, 0x57, 0x44, 0x27, 0xff, 0x57, 0x44, 0x27, 0xff,
    0x57, 0x44, 0x27, 0xff, 0x57, 0x44, 0x27, 0xff, 0x57, 0x44, 0x27, 0xff,
    0x57, 0x44, 0x27, 0xff, 0x57, 0x44, 0x27, 0xff, 0x57, 0x44, 0x27, 0xff,
    0x57, 0x44, 0x27, 0xff, 0x57, 0x44, 0x27, 0xff, 0x57, 0x44, 0x27, 0xff,
    0x57, 0x44, 0x27, 0xff, 0x57, 0x44, 0x27, 0xff, 0x57, 0x44, 0x27, 0xff,
    0x57, 0x44, 0x27, 0xff, 0x57, 0x44, 0x27, 0xff, 0x57, 0x44, 0x27, 0xff,
    0x57, 0x44, 0x27, 0xff, 0x57, 0x44, 0x27, 0xff, 0x57, 0x44, 0x27, 0xff,
    0x57, 0x44, 0x27, 0xff, 0x57, 0x44, 0x27, 0xff, 0x57, 0x44, 0x27, 0xff,
    0x57, 0x44, 0x27, 0xff, 0x57, 0x44, 0x27, 0xff, 0x57, 0x44, 0x27, 0xff,
    0x57, 0x44, 0x27, 0xff, 0x57, 0x44, 0x27, 0xff, 0x57, 0x44, 0x27, 0xff,
    0x57, 0x44, 0x27, 0xff, 0x57, 0x44, 0x27, 0xff, 0x57, 0x44, 0x27, 0xff,
    0x57, 0x44, 0x27, 0xff, 0x57, 0x44, 0x27, 0xff, 0x57, 0x44, 0x27, 0xff,
    0x57, 0x44, 0x27, 0xff, 0x57, 0x44, 0x27, 0xff, 0x3f, 0x31, 0x1c, 0xff,
    0x3f, 0x31, 0x1c, 0xff, 0x41, 0x33, 0x1f, 0xff, 0x78, 0x69, 0x52, 0xff,
    0x64, 0x53, 0x39, 0xff, 0x59, 0x46, 0x29, 0xff, 0x57, 0x44, 0x27, 0xff,
    0x57, 0x44, 0x27, 0xff, 0x57, 0x44, 0x27, 0xff, 0x57, 0x44, 0x27, 0xff,
    0x57, 0x44, 0x27, 0xff, 0x57, 0x44, 0x27, 0xff, 0x57, 0x44, 0x27, 0xff,
    0x57, 0x44, 0x27, 0xff, 0x57, 0x44, 0x27, 0xff, 0x57, 0x44, 0x27, 0xff,
    0x57, 0x44, 0x27, 0xff, 0x57, 0x44, 0x27, 0xff, 0x57, 0x44, 0x27, 0xff,
    0x57, 0x44, 0x27, 0xff, 0x57, 0x44, 0x27, 0xff, 0x57, 0x44, 0x27, 0xff,
    0x57, 0x44, 0x27, 0xff, 0x57, 0x44, 0x27, 0xff, 0x57, 0x44, 0x27, 0xff,
    0x57, 0x44, 0x27, 0xff, 0x57, 0x44, 0x27, 0xff, 0x57, 0x44, 0x27, 0xff,
    0x57, 0x44, 0x27, 0xff, 0x57, 0x44, 0x27, 0xff, 0x57, 0x44, 0x27, 0xff,
    0x57, 0x44, 0x27, 0xff, 0x57, 0x44, 0x27, 0xff, 0x57, 0x44, 0x27, 0xff,
    0x57, 0x44, 0x27, 0xff, 0x57, 0x44, 0x27, 0xff, 0x57, 0x44, 0x27, 0xff,
    0x57, 0x44, 0x27, 0xff, 0x57, 0x44, 0x27, 0xff, 0x57, 0x44, 0x27, 0xff,
    0x57, 0x44, 0x27, 0xff, 0x57, 0x44, 0x27, 0xff, 0x57, 0x44, 0x27, 0xff,
    0x57, 0x44, 0x27, 0xff, 0x57, 0x44, 0x27, 0xff, 0x57, 0x44, 0x27, 0xff,
    0x57, 0x44, 0x27, 0xff, 0x57, 0x44, 0x27, 0xff, 0x57, 0x44, 0x27, 0xff,
    0x57, 0x44, 0x27, 0xff, 0x3f, 0x31, 0x1c, 0xff, 0x3f, 0x31, 0x1c, 0xff,
    0x41, 0x33, 0x1f, 0xff, 0x78, 0x69, 0x52, 0xff, 0x65, 0x53, 0x39, 0xff,
    0x59, 0x46, 0x29, 0xff, 0x57, 0x44, 0x27, 0xff, 0x57, 0x44, 0x27, 0xff,
    0x57, 0x44, 0x27, 0xff, 0x57, 0x44, 0x27, 0xff, 0x57, 0x44, 0x27, 0xff,
    0x57, 0x44, 0x27, 0xff, 0x57, 0x44, 0x27, 0xff, 0x57, 0x44, 0x27, 0xff,
    0x57, 0x44, 0x27, 0xff, 0x57, 0x44, 0x27, 0xff, 0x57, 0x44, 0x27, 0xff,
    0x57, 0x44, 0x27, 0xff, 0x57, 0x44, 0x27, 0xff, 0x57, 0x44, 0x27, 0xff,
    0x57, 0x44, 0x27, 0xff, 0x57, 0x44, 0x27, 0xff, 0x57, 0x44, 0x27, 0xff,
    0x57, 0x44, 0x27, 0xff, 0x57, 0x44, 0x27, 0xff, 0x57, 0x44, 0x27, 0xff,
    0x57, 0x44, 0x27, 0xff, 0x57, 0x44, 0x27, 0xff, 0x57, 0x44, 0x27, 0xff,
    0x57, 0x44, 0x27, 0xff, 0x57, 0x44, 0x27, 0xff, 0x57, 0x44, 0x27, 0xff,
    0x57, 0x44, 0x27, 0xff, 0x57, 0x44, 0x27, 0xff, 0x57, 0x44, 0x27, 0xff,
    0x57, 0x44, 0x27, 0xff, 0x57, 0x44, 0x27, 0xff, 0x57, 0x44, 0x27, 0xff,
    0x57, 0x44, 0x27, 0xff, 0x57, 0x44, 0x27, 0xff, 0x57, 0x44, 0x27, 0xff,
    0x57, 0x44, 0x27, 0xff, 0x57, 0x44, 0x27, 0xff, 0x57, 0x44, 0x27, 0xff,
    0x57, 0x44, 0x27, 0xff, 0x57, 0x44, 0x27, 0xff, 0x57, 0x44, 0x27, 0xff,
    0x57, 0x44, 0x27, 0xff, 0x57, 0x44, 0x27, 0xff, 0x57, 0x44, 0x27, 0xff,
    0x3f, 0x31, 0x1c, 0xff, 0x3f, 0x31, 0x1c, 0xff, 0x41, 0x33, 0x1f, 0xff,
    0x78, 0x69, 0x52, 0xff, 0x65, 0x53, 0x39, 0xff, 0x59, 0x46, 0x29, 0xff,
    0x57, 0x44, 0x27, 0xff, 0x57, 0x44, 0x27, 0xff, 0x57, 0x44, 0x27, 0xff,
    0x57, 0x44, 0x27, 0xff, 0x57, 0x44, 0x27, 0xff, 0x57, 0x44, 0x27, 0xff,
    0x57, 0x44, 0x27, 0xff, 0x57, 0x44, 0x27, 0xff, 0x57, 0x44, 0x27, 0xff,
    0x57, 0x44, 0x27, 0xff, 0x57, 0x44, 0x27, 0xff, 0x57, 0x44, 0x27, 0xff,
    0x57, 0x44, 0x27, 0xff, 0x57, 0x44, 0x27, 0xff, 0x57, 0x44, 0x27, 0xff,
    0x57, 0x44, 0x27, 0xff, 0x57, 0x44, 0x27, 0xff, 0x57, 0x44, 0x27, 0xff,
    0x57, 0x44, 0x27, 0xff, 0x57, 0x44, 0x27, 0xff, 0x57, 0x44, 0x27, 0xff,
    0x57, 0x44, 0x27, 0xff, 0x57, 0x44, 0x27, 0xff, 0x57, 0x44, 0x27, 0xff,
    0x57, 0x44, 0x27, 0xff, 0x57, 0x44, 0x27, 0xff, 0x57, 0x44, 0x27, 0xff,
    0x57, 0x44, 0x27, 0xff, 0x57, 0x44, 0x27, 0xff, 0x57, 0x44, 0x27, 0xff,
    0x57, 0x44, 0x27, 0xff, 0x57, 0x44, 0x27, 0xff, 0x57, 0x44, 0x27, 0xff,
    0x57, 0x44, 0x27, 0xff, 0x57, 0x44, 0x27, 0xff, 0x57, 0x44, 0x27, 0xff,
    0x57, 0x44, 0x27, 0xff, 0x57, 0x44, 0x27, 0xff, 0x57, 0x44, 0x27, 0xff,
    0x57, 0x44, 0x27, 0xff, 0x57, 0x44, 0x27, 0xff, 0x57, 0x44, 0x27, 0xff,
    0x57, 0x44, 0x27, 0xff, 0x57, 0x44, 0x27, 0xff, 0x3f, 0x31, 0x1c, 0xff,
    0x3f, 0x31, 0x1c, 0xff, 0x41, 0x33, 0x1f, 0xff, 0x78, 0x69, 0x52, 0xff,
    0x64, 0x53, 0x38, 0xff, 0x59, 0x46, 0x29, 0xff, 0x57, 0x44, 0x27, 0xff,
    0x57, 0x44, 0x27, 0xff, 0x57, 0x44, 0x27, 0xff, 0x57, 0x44, 0x27, 0xff,
    0x57, 0x44, 0x27, 0xff, 0x57, 0x44, 0x27, 0xff, 0x57, 0x44, 0x27, 0xff,
    0x57, 0x44, 0x27, 0xff, 0x57, 0x44, 0x27, 0xff, 0x57, 0x44, 0x27, 0xff,
    0x57, 0x44, 0x27, 0xff, 0x57, 0x44, 0x27, 0xff, 0x57, 0x44, 0x27, 0xff,
    0x57, 0x44, 0x27, 0xff, 0x57, 0x44, 0x27, 0xff, 0x57, 0x44, 0x27, 0xff,
    0x57, 0x44, 0x27, 0xff, 0x57, 0x44, 0x27, 0xff, 0x57, 0x44, 0x27, 0xff,
    0x57, 0x44, 0x27, 0xff, 0x57, 0x44, 0x27, 0xff, 0x57, 0x44, 0x27, 0xff,
    0x57, 0x44, 0x27, 0xff, 0x57, 0x44, 0x27, 0xff, 0x57, 0x44, 0x27, 0xff,
    0x57, 0x44, 0x27, 0xff, 0x57, 0x44, 0x27, 0xff, 0x57, 0x44, 0x27, 0xff,
    0x57, 0x44, 0x27, 0xff, 0x57, 0x44, 0x27, 0xff, 0x57, 0x44, 0x27, 0xff,
    0x57, 0x44, 0x27, 0xff, 0x57, 0x44, 0x27, 0xff, 0x57, 0x44, 0x27, 0xff,
    0x57, 0x44, 0x27, 0xff, 0x57, 0x44, 0x27, 0xff, 0x57, 0x44, 0x27, 0xff,
    0x57, 0x44, 0x27, 0xff, 0x57, 0x44, 0x27, 0xff, 0x57, 0x44, 0x27, 0xff,
    0x57, 0x44, 0x27, 0xff, 0x57, 0x44, 0x27, 0xff, 0x57, 0x44, 0x27, 0xff,
    0x57, 0x44, 0x27, 0xff, 0x3f, 0x31, 0x1c, 0xff, 0x3f, 0x31, 0x1c, 0xff,
    0x41, 0x33, 0x1f, 0xff, 0x78, 0x69, 0x52, 0xff, 0x65, 0x53, 0x39, 0xff,
    0x59, 0x46, 0x29, 0xff, 0x57, 0x44, 0x27, 0xff, 0x57, 0x44, 0x27, 0xff,
    0x57, 0x44, 0x27, 0xff, 0x57, 0x44, 0x27, 0xff, 0x57, 0x44, 0x27, 0xff,
    0x57, 0x44, 0x27, 0xff, 0x57, 0x44, 0x27, 0xff, 0x57, 0x44, 0x27, 0xff,
    0x57, 0x44, 0x27, 0xff, 0x57, 0x44, 0x27, 0xff, 0x57, 0x44, 0x27, 0xff,
    0x57, 0x44, 0x27, 0xff, 0x57, 0x44, 0x27, 0xff, 0x57, 0x44, 0x27, 0xff,
    0x57, 0x44, 0x27, 0xff, 0x57, 0x44, 0x27, 0xff, 0x57, 0x44, 0x27, 0xff,
    0x57, 0x44, 0x27, 0xff, 0x57, 0x44, 0x27, 0xff, 0x57, 0x44, 0x27, 0xff,
    0x57, 0x44, 0x27, 0xff, 0x57, 0x44, 0x27, 0xff, 0x57, 0x44, 0x27, 0xff,
    0x57, 0x44, 0x27, 0xff, 0x57, 0x44, 0x27, 0xff, 0x57, 0x44, 0x27, 0xff,
    0x57, 0x44, 0x27, 0xff, 0x57, 0x44, 0x27, 0xff, 0x57, 0x44, 0x27, 0xff,
    0x57, 0x44, 0x27, 0xff, 0x57, 0x44, 0x27, 0xff, 0x57, 0x44, 0x27, 0xff,
    0x57, 0x44, 0x27, 0xff, 0x57, 0x44, 0x27, 0xff, 0x57, 0x44, 0x27, 0xff,
    0x57, 0x44, 0x27, 0xff, 0x57, 0x44, 0x27, 0xff, 0x57, 0x44, 0x27, 0xff,
    0x57, 0x44, 0x27, 0xff, 0x57, 0x44, 0x27, 0xff, 0x57, 0x44, 0x27, 0xff,
    0x57, 0x44, 0x27, 0xff, 0x57, 0x44, 0x27, 0xff, 0x57, 0x44, 0x27, 0xff,
    0x3f, 0x31, 0x1c, 0xff, 0x3f, 0x31, 0x1c, 0xff, 0x41, 0x33, 0x1f, 0xff,
    0x78, 0x69, 0x52, 0xff, 0x65, 0x53, 0x39, 0xff, 0x59, 0x46, 0x29, 0xff,
    0x57, 0x44, 0x27, 0xff, 0x57, 0x44, 0x27, 0xff, 0x57, 0x44, 0x27, 0xff,
    0x57, 0x44, 0x27, 0xff, 0x57, 0x44, 0x27, 0xff, 0x57, 0x44, 0x27, 0xff,
    0x57, 0x44, 0x27, 0xff, 0x57, 0x44, 0x27, 0xff, 0x57, 0x44, 0x27, 0xff,
    0x57, 0x44, 0x27, 0xff, 0x57, 0x44, 0x27, 0xff, 0x57, 0x44, 0x27, 0xff,
    0x57, 0x44, 0x27, 0xff, 0x57, 0x44, 0x27, 0xff, 0x57, 0x44, 0x27, 0xff,
    0x57, 0x44, 0x27, 0xff, 0x57, 0x44, 0x27, 0xff, 0x57, 0x44, 0x27, 0xff,
    0x57, 0x44, 0x27, 0xff, 0x57, 0x44, 0x27, 0xff, 0x57, 0x44, 0x27, 0xff,
    0x57, 0x44, 0x27, 0xff, 0x57, 0x44, 0x27, 0xff, 0x57, 0x44, 0x27, 0xff,
    0x57, 0x44, 0x27, 0xff, 0x57, 0x44, 0x27, 0xff, 0x57, 0x44, 0x27, 0xff,
    0x57, 0x44, 0x27, 0xff, 0x57, 0x44, 0x27, 0xff, 0x57, 0x44, 0x27, 0xff,
    0x57, 0x44, 0x27, 0xff, 0x57, 0x44, 0x27, 0xff, 0x57, 0x44, 0x27, 0xff,
    0x57, 0x44, 0x27, 0xff, 0x57, 0x44, 0x27, 0xff, 0x57, 0x44, 0x27, 0xff,
    0x57, 0x44, 0x27, 0xff, 0x57, 0x44, 0x27, 0xff, 0x57, 0x44, 0x27, 0xff,
    0x57, 0x44, 0x27, 0xff, 0x57, 0x44, 0x27, 0xff, 0x57, 0x44, 0x27, 0xff,
    0x57, 0x44, 0x27, 0xff, 0x57, 0x44, 0x27, 0xff, 0x3f, 0x31, 0x1c, 0xff,
    0x3f, 0x31, 0x1c, 0xff, 0x41, 0x33, 0x1f, 0xff, 0x78, 0x69, 0x52, 0xff,
    0x64, 0x53, 0x39, 0xff, 0x59, 0x46, 0x29, 0xff, 0x57, 0x44, 0x27, 0xff,
    0x57, 0x44, 0x27, 0xff, 0x57, 0x44, 0x27, 0xff, 0x57, 0x44, 0x27, 0xff,
    0x57, 0x44, 0x27, 0xff, 0x57, 0x44, 0x27, 0xff, 0x57, 0x44, 0x27, 0xff,
    0x57, 0x44, 0x27, 0xff, 0x57, 0x44, 0x27, 0xff, 0x57, 0x44, 0x27, 0xff,
    0x57, 0x44, 0x27, 0xff, 0x57, 0x44, 0x27, 0xff, 0x57, 0x44, 0x27, 0xff,
    0x57, 0x44, 0x27, 0xff, 0x57, 0x44, 0x27, 0xff, 0x57, 0x44, 0x27, 0xff,
    0x57, 0x44, 0x27, 0xff, 0x57, 0x44, 0x27, 0xff, 0x57, 0x44, 0x27, 0xff,
    0x57, 0x44, 0x27, 0xff, 0x57, 0x44, 0x27, 0xff, 0x57, 0x44, 0x27, 0xff,
    0x57, 0x44, 0x27, 0xff, 0x57, 0x44, 0x27, 0xff, 0x57, 0x44, 0x27, 0xff,
    0x57, 0x44, 0x27, 0xff, 0x57, 0x44, 0x27, 0xff, 0x57, 0x44, 0x27, 0xff,
    0x57, 0x44, 0x27, 0xff, 0x57, 0x44, 0x27, 0xff, 0x57, 0x44, 0x27, 0xff,
    0x57, 0x44, 0x27, 0xff, 0x57, 0x44, 0x27, 0xff, 0x57, 0x44, 0x27, 0xff,
    0x57, 0x44, 0x27, 0xff, 0x57, 0x44, 0x27, 0xff, 0x57, 0x44, 0x27, 0xff,
    0x57, 0x44, 0x27, 0xff, 0x57, 0x44, 0x27, 0xff, 0x57, 0x44, 0x27, 0xff,
    0x57, 0x44, 0x27, 0xff, 0x57, 0x44, 0x27, 0xff, 0x57, 0x44, 0x27, 0xff,
    0x57, 0x44, 0x27, 0xff, 0x3f, 0x31, 0x1c, 0xff, 0x3f, 0x31, 0x1c, 0xff,
    0x41, 0x33, 0x1f, 0xff, 0x78, 0x69, 0x52, 0xff, 0x64, 0x53, 0x39, 0xff,
    0x59, 0x46, 0x29, 0xff, 0x57, 0x44, 0x27, 0xff, 0x57, 0x44, 0x27, 0xff,
    0x57, 0x44, 0x27, 0xff, 0x57, 0x44, 0x27, 0xff, 0x57, 0x44, 0x27, 0xff,
    0x57, 0x44, 0x27, 0xff, 0x57, 0x44, 0x27, 0xff, 0x57, 0x44, 0x27, 0xff,
    0x57, 0x44, 0x27, 0xff, 0x57, 0x44, 0x27, 0xff, 0x57, 0x44, 0x27, 0xff,
    0x57, 0x44, 0x27, 0xff, 0x57, 0x44, 0x27, 0xff, 0x57, 0x44, 0x27, 0xff,
    0x57, 0x44, 0x27, 0xff, 0x57, 0x44, 0x27, 0xff, 0x57, 0x44, 0x27, 0xff,
    0x57, 0x44, 0x27, 0xff, 0x57, 0x44, 0x27, 0xff, 0x57, 0x44, 0x27, 0xff,
    0x57, 0x44, 0x27, 0xff, 0x57, 0x44, 0x27, 0xff, 0x57, 0x44, 0x27, 0xff,
    0x57, 0x44, 0x27, 0xff, 0x57, 0x44, 0x27, 0xff, 0x57, 0x44, 0x27, 0xff,
    0x57, 0x44, 0x27, 0xff, 0x57, 0x44, 0x27, 0xff, 0x57, 0x44, 0x27, 0xff,
    0x57, 0x44, 0x27, 0xff, 0x57, 0x44, 0x27, 0xff, 0x57, 0x44, 0x27, 0xff,
    0x57, 0x44, 0x27, 0xff, 0x57, 0x44, 0x27, 0xff, 0x57, 0x44, 0x27, 0xff,
    0x57, 0x44, 0x27, 0xff, 0x57, 0x44, 0x27, 0xff, 0x57, 0x44, 0x27, 0xff,
    0x57, 0x44, 0x27, 0xff, 0x57, 0x44, 0x27, 0xff, 0x57, 0x44, 0x27, 0xff,
    0x57, 0x44, 0x27, 0xff, 0x57, 0x44, 0x27, 0xff, 0x57, 0x44, 0x27, 0xff,
    0x3f, 0x31, 0x1c, 0xff, 0x3f, 0x31, 0x1c, 0xff, 0x41, 0x33, 0x1f, 0xff,
    0x78, 0x69, 0x52, 0xff, 0x64, 0x53, 0x39, 0xff, 0x59, 0x46, 0x29, 0xff,
    0x57, 0x44, 0x27, 0xff, 0x57, 0x44, 0x27, 0xff, 0x57, 0x44, 0x27, 0xff,
    0x57, 0x44, 0x27, 0xff, 0x57, 0x44, 0x27, 0xff, 0x57, 0x44, 0x27, 0xff,
    0x57, 0x44, 0x27, 0xff, 0x57, 0x44, 0x27, 0xff, 0x57, 0x44, 0x27, 0xff,
    0x57, 0x44, 0x27, 0xff, 0x57, 0x44, 0x27, 0xff, 0x57, 0x44, 0x27, 0xff,
    0x57, 0x44, 0x27, 0xff, 0x57, 0x44, 0x27, 0xff, 0x57, 0x44, 0x27, 0xff,
    0x57, 0x44, 0x27, 0xff, 0x57, 0x44, 0x27, 0xff, 0x57, 0x44, 0x27, 0xff,
    0x57, 0x44, 0x27, 0xff, 0x57, 0x44, 0x27, 0xff, 0x57, 0x44, 0x27, 0xff,
    0x57, 0x44, 0x27, 0xff, 0x57, 0x44, 0x27, 0xff, 0x57, 0x44, 0x27, 0xff,
    0x57, 0x44, 0x27, 0xff, 0x57, 0x44, 0x27, 0xff, 0x57, 0x44, 0x27, 0xff,
    0x57, 0x44, 0x27, 0xff, 0x57, 0x44, 0x27, 0xff, 0x57, 0x44, 0x27, 0xff,
    0x57, 0x44, 0x27, 0xff, 0x57, 0x44, 0x27, 0xff, 0x57, 0x44, 0x27, 0xff,
    0x57, 0x44, 0x27, 0xff, 0x57, 0x44, 0x27, 0xff, 0x57, 0x44, 0x27, 0xff,
    0x57, 0x44, 0x27, 0xff, 0x57, 0x44, 0x27, 0xff, 0x57, 0x44, 0x27, 0xff,
    0x57, 0x44, 0x27, 0xff, 0x57, 0x44, 0x27, 0xff, 0x57, 0x44, 0x27, 0xff,
    0x57, 0x44, 0x27, 0xff, 0x57, 0x44, 0x27, 0xff, 0x3f, 0x31, 0x1c, 0xff,
    0x3f, 0x31, 0x1c, 0xff, 0x41, 0x33, 0x1f, 0xff, 0x78, 0x69, 0x52, 0xff,
    0x64, 0x53, 0x39, 0xff, 0x59, 0x46, 0x29, 0xff, 0x57, 0x44, 0x27, 0xff,
    0x57, 0x44, 0x27, 0xff, 0x57, 0x44, 0x27, 0xff, 0x57, 0x44, 0x27, 0xff,
    0x57, 0x44, 0x27, 0xff, 0x57, 0x44, 0x27, 0xff, 0x57, 0x44, 0x27, 0xff,
    0x57, 0x44, 0x27, 0xff, 0x57, 0x44, 0x27, 0xff, 0x57, 0x44, 0x27, 0xff,
    0x57, 0x44, 0x27, 0xff, 0x57, 0x44, 0x27, 0xff, 0x57, 0x44, 0x27, 0xff,
    0x57, 0x44, 0x27, 0xff, 0x57, 0x44, 0x27, 0xff, 0x57, 0x44, 0x27, 0xff,
    0x57, 0x44, 0x27, 0xff, 0x57, 0x44, 0x27, 0xff, 0x57, 0x44, 0x27, 0xff,
    0x57, 0x44, 0x27, 0xff, 0x57, 0x44, 0x27, 0xff, 0x57, 0x44, 0x27, 0xff,
    0x57, 0x44, 0x27, 0xff, 0x57, 0x44, 0x27, 0xff, 0x57, 0x44, 0x27, 0xff,
    0x57, 0x44, 0x27, 0xff, 0x57, 0x44, 0x27, 0xff, 0x57, 0x44, 0x27, 0xff,
    0x57, 0x44, 0x27, 0xff, 0x57, 0x44, 0x27, 0xff, 0x57, 0x44, 0x27, 0xff,
    0x57, 0x44, 0x27, 0xff, 0x57, 0x44, 0x27, 0xff, 0x57, 0x44, 0x27, 0xff,
    0x57, 0x44, 0x27, 0xff, 0x57, 0x44, 0x27, 0xff, 0x57, 0x44, 0x27, 0xff,
    0x57, 0x44, 0x27, 0xff, 0x57, 0x44, 0x27, 0xff, 0x57, 0x44, 0x27, 0xff,
    0x57, 0x44, 0x27, 0xff, 0x57, 0x44, 0x27, 0xff, 0x57, 0x44, 0x27, 0xff,
    0x57, 0x44, 0x27, 0xff, 0x3f, 0x31, 0x1c, 0xff, 0x3f, 0x31, 0x1c, 0xff,
    0x41, 0x33, 0x1f, 0xff, 0x78, 0x69, 0x52, 0xff, 0x65, 0x53, 0x39, 0xff,
    0x59, 0x46, 0x29, 0xff, 0x57, 0x44, 0x27, 0xff, 0x57, 0x44, 0x27, 0xff,
    0x57, 0x44, 0x27, 0xff, 0x57, 0x44, 0x27, 0xff, 0x57, 0x44, 0x27, 0xff,
    0x57, 0x44, 0x27, 0xff, 0x57, 0x44, 0x27, 0xff, 0x57, 0x44, 0x27, 0xff,
    0x57, 0x44, 0x27, 0xff, 0x57, 0x44, 0x27, 0xff, 0x57, 0x44, 0x27, 0xff,
    0x57, 0x44, 0x27, 0xff, 0x57, 0x44, 0x27, 0xff, 0x57, 0x44, 0x27, 0xff,
    0x57, 0x44, 0x27, 0xff, 0x57, 0x44, 0x27, 0xff, 0x57, 0x44, 0x27, 0xff,
    0x57, 0x44, 0x27, 0xff, 0x57, 0x44, 0x27, 0xff, 0x57, 0x44, 0x27, 0xff,
    0x57, 0x44, 0x27, 0xff, 0x57, 0x44, 0x27, 0xff, 0x57, 0x44, 0x27, 0xff,
    0x57, 0x44, 0x27, 0xff, 0x57, 0x44, 0x27, 0xff, 0x57, 0x44, 0x27, 0xff,
    0x57, 0x44, 0x27, 0xff, 0x57, 0x44, 0x27, 0xff, 0x57, 0x44, 0x27, 0xff,
    0x57, 0x44, 0x27, 0xff, 0x57, 0x44, 0x27, 0xff, 0x57, 0x44, 0x27, 0xff,
    0x57, 0x44, 0x27, 0xff, 0x57, 0x44, 0x27, 0xff, 0x57, 0x44, 0x27, 0xff,
    0x57, 0x44, 0x27, 0xff, 0x57, 0x44, 0x27, 0xff, 0x57, 0x44, 0x27, 0xff,
    0x57, 0x44, 0x27, 0xff, 0x57, 0x44, 0x27, 0xff, 0x57, 0x44, 0x27, 0xff,
    0x57, 0x44, 0x27, 0xff, 0x57, 0x44, 0x27, 0xff, 0x57, 0x44, 0x27, 0xff,
    0x3f, 0x31, 0x1c, 0xff, 0x3f, 0x31, 0x1c, 0xff, 0x41, 0x33, 0x1f, 0xff,
    0x78, 0x69, 0x52, 0xff, 0x64, 0x53, 0x39, 0xff, 0x59, 0x46, 0x29, 0xff,
    0x57, 0x44, 0x27, 0xff, 0x57, 0x44, 0x27, 0xff, 0x57, 0x44, 0x27, 0xff,
    0x57, 0x44, 0x27, 0xff, 0x57, 0x44, 0x27, 0xff, 0x57, 0x44, 0x27, 0xff,
    0x57, 0x44, 0x27, 0xff, 0x57, 0x44, 0x27, 0xff, 0x57, 0x44, 0x27, 0xff,
    0x57, 0x44, 0x27, 0xff, 0x57, 0x44, 0x27, 0xff, 0x57, 0x44, 0x27, 0xff,
    0x57, 0x44, 0x27, 0xff, 0x57, 0x44, 0x27, 0xff, 0x57, 0x44, 0x27, 0xff,
    0x57, 0x44, 0x27, 0xff, 0x57, 0x44, 0x27, 0xff, 0x57, 0x44, 0x27, 0xff,
    0x57, 0x44, 0x27, 0xff, 0x57, 0x44, 0x27, 0xff, 0x57, 0x44, 0x27, 0xff,
    0x57, 0x44, 0x27, 0xff, 0x57, 0x44, 0x27, 0xff, 0x57, 0x44, 0x27, 0xff,
    0x57, 0x44, 0x27, 0xff, 0x57, 0x44, 0x27, 0xff, 0x57, 0x44, 0x27, 0xff,
    0x57, 0x44, 0x27, 0xff, 0x57, 0x44, 0x27, 0xff, 0x57, 0x44, 0x27, 0xff,
    0x57, 0x44, 0x27, 0xff, 0x57, 0x44, 0x27, 0xff, 0x57, 0x44, 0x27, 0xff,
    0x57, 0x44, 0x27, 0xff, 0x57, 0x44, 0x27, 0xff, 0x57, 0x44, 0x27, 0xff,
    0x57, 0x44, 0x27, 0xff, 0x57, 0x44, 0x27, 0xff, 0x57, 0x44, 0x27, 0xff,
    0x57, 0x44, 0x27, 0xff, 0x57, 0x44, 0x27, 0xff, 0x57, 0x44, 0x27, 0xff,
    0x57, 0x44, 0x27, 0xff, 0x57, 0x44, 0x27, 0xff, 0x3f, 0x31, 0x1c, 0xff,
    0x3f, 0x31, 0x1c, 0xff, 0x41, 0x33, 0x1f, 0xff, 0x78, 0x69, 0x52, 0xff,
    0x65, 0x54, 0x39, 0xff, 0x59, 0x46, 0x29, 0xff, 0x57, 0x44, 0x27, 0xff,
    0x57, 0x44, 0x27, 0xff, 0x57, 0x44, 0x27, 0xff, 0x57, 0x44, 0x27, 0xff,
    0x57, 0x44, 0x27, 0xff, 0x57, 0x44, 0x27, 0xff, 0x57, 0x44, 0x27, 0xff,
    0x57, 0x44, 0x27, 0xff, 0x57, 0x44, 0x27, 0xff, 0x57, 0x44, 0x27, 0xff,
    0x57, 0x44, 0x27, 0xff, 0x57, 0x44, 0x27, 0xff, 0x57, 0x44, 0x27, 0xff,
    0x57, 0x44, 0x27, 0xff, 0x57, 0x44, 0x27, 0xff, 0x57, 0x44, 0x27, 0xff,
    0x57, 0x44, 0x27, 0xff, 0x57, 0x44, 0x27, 0xff, 0x57, 0x44, 0x27, 0xff,
    0x57, 0x44, 0x27, 0xff, 0x57, 0x44, 0x27, 0xff, 0x57, 0x44, 0x27, 0xff,
    0x57, 0x44, 0x27, 0xff, 0x57, 0x44, 0x27, 0xff, 0x57, 0x44, 0x27, 0xff,
    0x57, 0x44, 0x27, 0xff, 0x57, 0x44, 0x27, 0xff, 0x57, 0x44, 0x27, 0xff,
    0x57, 0x44, 0x27, 0xff, 0x57, 0x44, 0x27, 0xff, 0x57, 0x44, 0x27, 0xff,
    0x57, 0x44, 0x27, 0xff, 0x57, 0x44, 0x27, 0xff, 0x57, 0x44, 0x27, 0xff,
    0x57, 0x44, 0x27, 0xff, 0x57, 0x44, 0x27, 0xff, 0x57, 0x44, 0x27, 0xff,
    0x57, 0x44, 0x27, 0xff, 0x57, 0x44, 0x27, 0xff, 0x57, 0x44, 0x27, 0xff,
    0x57, 0x44, 0x27, 0xff, 0x57, 0x44, 0x27, 0xff, 0x57, 0x44, 0x27, 0xff,
    0x57, 0x44, 0x27, 0xff, 0x3f, 0x31, 0x1c, 0xff, 0x3f, 0x31, 0x1c, 0xff,
    0x41, 0x33, 0x1f, 0xff, 0x78, 0x69, 0x52, 0xff, 0x65, 0x53, 0x39, 0xff,
    0x59, 0x46, 0x29, 0xff, 0x57, 0x44, 0x27, 0xff, 0x57, 0x44, 0x27, 0xff,
    0x57, 0x44, 0x27, 0xff, 0x57, 0x44, 0x27, 0xff, 0x57, 0x44, 0x27, 0xff,
    0x57, 0x44, 0x27, 0xff, 0x57, 0x44, 0x27, 0xff, 0x57, 0x44, 0x27, 0xff,
    0x57, 0x44, 0x27, 0xff, 0x57, 0x44, 0x27, 0xff, 0x57, 0x44, 0x27, 0xff,
    0x57, 0x44, 0x27, 0xff, 0x57, 0x44, 0x27, 0xff, 0x57, 0x44, 0x27, 0xff,
    0x57, 0x44, 0x27, 0xff, 0x57, 0x44, 0x27, 0xff, 0x57, 0x44, 0x27, 0xff,
    0x57, 0x44, 0x27, 0xff, 0x57, 0x44, 0x27, 0xff, 0x57, 0x44, 0x27, 0xff,
    0x57, 0x44, 0x27, 0xff, 0x57, 0x44, 0x27, 0xff, 0x57, 0x44, 0x27, 0xff,
    0x57, 0x44, 0x27, 0xff, 0x57, 0x44, 0x27, 0xff, 0x57, 0x44, 0x27, 0xff,
    0x57, 0x44, 0x27, 0xff, 0x57, 0x44, 0x27, 0xff, 0x57, 0x44, 0x27, 0xff,
    0x57, 0x44, 0x27, 0xff, 0x57, 0x44, 0x27, 0xff, 0x57, 0x44, 0x27, 0xff,
    0x57, 0x44, 0x27, 0xff, 0x57, 0x44, 0x27, 0xff, 0x57, 0x44, 0x27, 0xff,
    0x57, 0x44, 0x27, 0xff, 0x57, 0x44, 0x27, 0xff, 0x57, 0x44, 0x27, 0xff,
    0x57, 0x44, 0x27, 0xff, 0x57, 0x44, 0x27, 0xff, 0x57, 0x44, 0x27, 0xff,
    0x57, 0x44, 0x27, 0xff, 0x57, 0x44, 0x27, 0xff, 0x57, 0x44, 0x27, 0xff,
    0x3f, 0x31, 0x1c, 0xff, 0x3f, 0x31, 0x1c, 0xff, 0x41, 0x33, 0x1f, 0xff,
    0x78, 0x69, 0x52, 0xff, 0x65, 0x53, 0x39, 0xff, 0x59, 0x46, 0x29, 0xff,
    0x57, 0x44, 0x27, 0xff, 0x57, 0x44, 0x27, 0xff, 0x57, 0x44, 0x27, 0xff,
    0x57, 0x44, 0x27, 0xff, 0x57, 0x44, 0x27, 0xff, 0x57, 0x44, 0x27, 0xff,
    0x57, 0x44, 0x27, 0xff, 0x57, 0x44, 0x27, 0xff, 0x57, 0x44, 0x27, 0xff,
    0x57, 0x44, 0x27, 0xff, 0x57, 0x44, 0x27, 0xff, 0x57, 0x44, 0x27, 0xff,
    0x57, 0x44, 0x27, 0xff, 0x57, 0x44, 0x27, 0xff, 0x57, 0x44, 0x27, 0xff,
    0x57, 0x44, 0x27, 0xff, 0x57, 0x44, 0x27, 0xff, 0x57, 0x44, 0x27, 0xff,
    0x57, 0x44, 0x27, 0xff, 0x57, 0x44, 0x27, 0xff, 0x57, 0x44, 0x27, 0xff,
    0x57, 0x44, 0x27, 0xff, 0x57, 0x44, 0x27, 0xff, 0x57, 0x44, 0x27, 0xff,
    0x57, 0x44, 0x27, 0xff, 0x57, 0x44, 0x27, 0xff, 0x57, 0x44, 0x27, 0xff,
    0x57, 0x44, 0x27, 0xff, 0x57, 0x44, 0x27, 0xff, 0x57, 0x44, 0x27, 0xff,
    0x57, 0x44, 0x27, 0xff, 0x57, 0x44, 0x27, 0xff, 0x57, 0x44, 0x27, 0xff,
    0x57, 0x44, 0x27, 0xff, 0x57, 0x44, 0x27, 0xff, 0x57, 0x44, 0x27, 0xff,
    0x57, 0x44, 0x27, 0xff, 0x57, 0x44, 0x27, 0xff, 0x57, 0x44, 0x27, 0xff,
    0x57, 0x44, 0x27, 0xff, 0x57, 0x44, 0x27, 0xff, 0x57, 0x44, 0x27, 0xff,
    0x57, 0x44, 0x27, 0xff, 0x57, 0x44, 0x27, 0xff, 0x3f, 0x31, 0x1c, 0xff,
    0x3f, 0x31, 0x1c, 0xff, 0x41, 0x33, 0x1f, 0xff, 0x78, 0x69, 0x52, 0xff,
    0x65, 0x53, 0x39, 0xff, 0x59, 0x46, 0x29, 0xff, 0x57, 0x44, 0x27, 0xff,
    0x57, 0x44, 0x27, 0xff, 0x57, 0x44, 0x27, 0xff, 0x57, 0x44, 0x27, 0xff,
    0x57, 0x44, 0x27, 0xff, 0x57, 0x44, 0x27, 0xff, 0x57, 0x44, 0x27, 0xff,
    0x57, 0x44, 0x27, 0xff, 0x57, 0x44, 0x27, 0xff, 0x57, 0x44, 0x27, 0xff,
    0x57, 0x44, 0x27, 0xff, 0x57, 0x44, 0x27, 0xff, 0x57, 0x44, 0x27, 0xff,
    0x57, 0x44, 0x27, 0xff, 0x57, 0x44, 0x27, 0xff, 0x57, 0x44, 0x27, 0xff,
    0x57, 0x44, 0x27, 0xff, 0x57, 0x44, 0x27, 0xff, 0x57, 0x44, 0x27, 0xff,
    0x57, 0x44, 0x27, 0xff, 0x57, 0x44, 0x27, 0xff, 0x57, 0x44, 0x27, 0xff,
    0x57, 0x44, 0x27, 0xff, 0x57, 0x44, 0x27, 0xff, 0x57, 0x44, 0x27, 0xff,
    0x57, 0x44, 0x27, 0xff, 0x57, 0x44, 0x27, 0xff, 0x57, 0x44, 0x27, 0xff,
    0x57, 0x44, 0x27, 0xff, 0x57, 0x44, 0x27, 0xff, 0x57, 0x44, 0x27, 0xff,
    0x57, 0x44, 0x27, 0xff, 0x57, 0x44, 0x27, 0xff, 0x57, 0x44, 0x27, 0xff,
    0x57, 0x44, 0x27, 0xff, 0x57, 0x44, 0x27, 0xff, 0x57, 0x44, 0x27, 0xff,
    0x57, 0x44, 0x27, 0xff, 0x57, 0x44, 0x27, 0xff, 0x57, 0x44, 0x27, 0xff,
    0x57, 0x44, 0x27, 0xff, 0x57, 0x44, 0x27, 0xff, 0x57, 0x44, 0x27, 0xff,
    0x57, 0x44, 0x27, 0xff, 0x3f, 0x31, 0x1c, 0xff, 0x3f, 0x31, 0x1c, 0xff,
    0x41, 0x33, 0x1f, 0xff, 0x78, 0x69, 0x52, 0xff, 0x65, 0x53, 0x39, 0xff,
    0x59, 0x46, 0x29, 0xff, 0x57, 0x44, 0x27, 0xff, 0x57, 0x44, 0x27, 0xff,
    0x57, 0x44, 0x27, 0xff, 0x57, 0x44, 0x27, 0xff, 0x57, 0x44, 0x27, 0xff,
    0x57, 0x44, 0x27, 0xff, 0x57, 0x44, 0x27, 0xff, 0x57, 0x44, 0x27, 0xff,
    0x57, 0x44, 0x27, 0xff, 0x57, 0x44, 0x27, 0xff, 0x57, 0x44, 0x27, 0xff,
    0x57, 0x44, 0x27, 0xff, 0x57, 0x44, 0x27, 0xff, 0x57, 0x44, 0x27, 0xff,
    0x57, 0x44, 0x27, 0xff, 0x57, 0x44, 0x27, 0xff, 0x57, 0x44, 0x27, 0xff,
    0x57, 0x44, 0x27, 0xff, 0x57, 0x44, 0x27, 0xff, 0x57, 0x44, 0x27, 0xff,
    0x57, 0x44, 0x27, 0xff, 0x57, 0x44, 0x27, 0xff, 0x57, 0x44, 0x27, 0xff,
    0x57, 0x44, 0x27, 0xff, 0x57, 0x44, 0x27, 0xff, 0x57, 0x44, 0x27, 0xff,
    0x57, 0x44, 0x27, 0xff, 0x57, 0x44, 0x27, 0xff, 0x57, 0x44, 0x27, 0xff,
    0x57, 0x44, 0x27, 0xff, 0x57, 0x44, 0x27, 0xff, 0x57, 0x44, 0x27, 0xff,
    0x57, 0x44, 0x27, 0xff, 0x57, 0x44, 0x27, 0xff, 0x57, 0x44, 0x27, 0xff,
    0x57, 0x44, 0x27, 0xff, 0x57, 0x44, 0x27, 0xff, 0x57, 0x44, 0x27, 0xff,
    0x57, 0x44, 0x27, 0xff, 0x57, 0x44, 0x27, 0xff, 0x57, 0x44, 0x27, 0xff,
    0x57, 0x44, 0x27, 0xff, 0x57, 0x44, 0x27, 0xff, 0x57, 0x44, 0x27, 0xff,
    0x3f, 0x31, 0x1c, 0xff, 0x3f, 0x31, 0x1c, 0xff, 0x41, 0x33, 0x1f, 0xff,
    0x78, 0x69, 0x52, 0xff, 0x64, 0x53, 0x39, 0xff, 0x59, 0x46, 0x29, 0xff,
    0x57, 0x44, 0x27, 0xff, 0x57, 0x44, 0x27, 0xff, 0x57, 0x44, 0x27, 0xff,
    0x57, 0x44, 0x27, 0xff, 0x57, 0x44, 0x27, 0xff, 0x57, 0x44, 0x27, 0xff,
    0x57, 0x44, 0x27, 0xff, 0x57, 0x44, 0x27, 0xff, 0x57, 0x44, 0x27, 0xff,
    0x57, 0x44, 0x27, 0xff, 0x57, 0x44, 0x27, 0xff, 0x57, 0x44, 0x27, 0xff,
    0x57, 0x44, 0x27, 0xff, 0x57, 0x44, 0x27, 0xff, 0x57, 0x44, 0x27, 0xff,
    0x57, 0x44, 0x27, 0xff, 0x57, 0x44, 0x27, 0xff, 0x57, 0x44, 0x27, 0xff,
    0x57, 0x44, 0x27, 0xff, 0x57, 0x44, 0x27, 0xff, 0x57, 0x44, 0x27, 0xff,
    0x57, 0x44, 0x27, 0xff, 0x57, 0x44, 0x27, 0xff, 0x57, 0x44, 0x27, 0xff,
    0x57, 0x44, 0x27, 0xff, 0x57, 0x44, 0x27, 0xff, 0x57, 0x44, 0x27, 0xff,
    0x57, 0x44, 0x27, 0xff, 0x57, 0x44, 0x27, 0xff, 0x57, 0x44, 0x27, 0xff,
    0x57, 0x44, 0x27, 0xff, 0x57, 0x44, 0x27, 0xff, 0x57, 0x44, 0x27, 0xff,
    0x57, 0x44, 0x27, 0xff, 0x57, 0x44, 0x27, 0xff, 0x57, 0x44, 0x27, 0xff,
    0x57, 0x44, 0x27, 0xff, 0x57, 0x44, 0x27, 0xff, 0x57, 0x44, 0x27, 0xff,
    0x57, 0x44, 0x27, 0xff, 0x57, 0x44, 0x27, 0xff, 0x57, 0x44, 0x27, 0xff,
    0x57, 0x44, 0x27, 0xff, 0x57, 0x44, 0x27, 0xff, 0x3f, 0x31, 0x1c, 0xff,
    0x3f, 0x31, 0x1c, 0xff, 0x41, 0x33, 0x1f, 0xff, 0x78, 0x69, 0x52, 0xff,
    0x65, 0x53, 0x39, 0xff, 0x59, 0x46, 0x29, 0xff, 0x57, 0x44, 0x27, 0xff,
    0x57, 0x44, 0x27, 0xff, 0x57, 0x44, 0x27, 0xff, 0x57, 0x44, 0x27, 0xff,
    0x57, 0x44, 0x27, 0xff, 0x57, 0x44, 0x27, 0xff, 0x57, 0x44, 0x27, 0xff,
    0x57, 0x44, 0x27, 0xff, 0x57, 0x44, 0x27, 0xff, 0x57, 0x44, 0x27, 0xff,
    0x57, 0x44, 0x27, 0xff, 0x57, 0x44, 0x27, 0xff, 0x57, 0x44, 0x27, 0xff,
    0x57, 0x44, 0x27, 0xff, 0x57, 0x44, 0x27, 0xff, 0x57, 0x44, 0x27, 0xff,
    0x57, 0x44, 0x27, 0xff, 0x57, 0x44, 0x27, 0xff, 0x57, 0x44, 0x27, 0xff,
    0x57, 0x44, 0x27, 0xff, 0x57, 0x44, 0x27, 0xff, 0x57, 0x44, 0x27, 0xff,
    0x57, 0x44, 0x27, 0xff, 0x57, 0x44, 0x27, 0xff, 0x57, 0x44, 0x27, 0xff,
    0x57, 0x44, 0x27, 0xff, 0x57, 0x44, 0x27, 0xff, 0x57, 0x44, 0x27, 0xff,
    0x57, 0x44, 0x27, 0xff, 0x57, 0x44, 0x27, 0xff, 0x57, 0x44, 0x27, 0xff,
    0x57, 0x44, 0x27, 0xff, 0x57, 0x44, 0x27, 0xff, 0x57, 0x44, 0x27, 0xff,
    0x57, 0x44, 0x27, 0xff, 0x57, 0x44, 0x27, 0xff, 0x57, 0x44, 0x27, 0xff,
    0x57, 0x44, 0x27, 0xff, 0x57, 0x44, 0x27, 0xff, 0x57, 0x44, 0x27, 0xff,
    0x57, 0x44, 0x27, 0xff, 0x57, 0x44, 0x27, 0xff, 0x57, 0x44, 0x27, 0xff,
    0x57, 0x44, 0x27, 0xff, 0x3f, 0x31, 0x1c, 0xff, 0x3f, 0x31, 0x1c, 0xff,
    0x41, 0x33, 0x1f, 0xff, 0x78, 0x69, 0x52, 0xff, 0x65, 0x53, 0x39, 0xff,
    0x59, 0x46, 0x29, 0xff, 0x57, 0x44, 0x27, 0xff, 0x57, 0x44, 0x27, 0xff,
    0x57, 0x44, 0x27, 0xff, 0x57, 0x44, 0x27, 0xff, 0x57, 0x44, 0x27, 0xff,
    0x57, 0x44, 0x27, 0xff, 0x57, 0x44, 0x27, 0xff, 0x57, 0x44, 0x27, 0xff,
    0x57, 0x44, 0x27, 0xff, 0x57, 0x44, 0x27, 0xff, 0x57, 0x44, 0x27, 0xff,
    0x57, 0x44, 0x27, 0xff, 0x57, 0x44, 0x27, 0xff, 0x57, 0x44, 0x27, 0xff,
    0x57, 0x44, 0x27, 0xff, 0x57, 0x44, 0x27, 0xff, 0x57, 0x44, 0x27, 0xff,
    0x57, 0x44, 0x27, 0xff, 0x57, 0x44, 0x27, 0xff, 0x57, 0x44, 0x27, 0xff,
    0x57, 0x44, 0x27, 0xff, 0x57, 0x44, 0x27, 0xff, 0x57, 0x44, 0x27, 0xff,
    0x57, 0x44, 0x27, 0xff, 0x57, 0x44, 0x27, 0xff, 0x57, 0x44, 0x27, 0xff,
    0x57, 0x44, 0x27, 0xff, 0x57, 0x44, 0x27, 0xff, 0x57, 0x44, 0x27, 0xff,
    0x57, 0x44, 0x27, 0xff, 0x57, 0x44, 0x27, 0xff, 0x57, 0x44, 0x27, 0xff,
    0x57, 0x44, 0x27, 0xff, 0x57, 0x44, 0x27, 0xff, 0x57, 0x44, 0x27, 0xff,
    0x57, 0x44, 0x27, 0xff, 0x57, 0x44, 0x27, 0xff, 0x57, 0x44, 0x27, 0xff,
    0x57, 0x44, 0x27, 0xff, 0x57, 0x44, 0x27, 0xff, 0x57, 0x44, 0x27, 0xff,
    0x57, 0x44, 0x27, 0xff, 0x57, 0x44, 0x27, 0xff, 0x57, 0x44, 0x27, 0xff,
    0x3f, 0x31, 0x1c, 0xff, 0x3f, 0x31, 0x1c, 0xff, 0x41, 0x33, 0x1f, 0xff,
    0x78, 0x69, 0x52, 0xff, 0x64, 0x53, 0x39, 0xff, 0x59, 0x46, 0x29, 0xff,
    0x57, 0x44, 0x27, 0xff, 0x57, 0x44, 0x27, 0xff, 0x57, 0x44, 0x27, 0xff,
    0x57, 0x44, 0x27, 0xff, 0x57, 0x44, 0x27, 0xff, 0x57, 0x44, 0x27, 0xff,
    0x57, 0x44, 0x27, 0xff, 0x57, 0x44, 0x27, 0xff, 0x57, 0x44, 0x27, 0xff,
    0x57, 0x44, 0x27, 0xff, 0x57, 0x44, 0x27, 0xff, 0x57, 0x44, 0x27, 0xff,
    0x57, 0x44, 0x27, 0xff, 0x57, 0x44, 0x27, 0xff, 0x57, 0x44, 0x27, 0xff,
    0x57, 0x44, 0x27, 0xff, 0x57, 0x44, 0x27, 0xff, 0x57, 0x44, 0x27, 0xff,
    0x57, 0x44, 0x27, 0xff, 0x57, 0x44, 0x27, 0xff, 0x57, 0x44, 0x27, 0xff,
    0x57, 0x44, 0x27, 0xff, 0x57, 0x44, 0x27, 0xff, 0x57, 0x44, 0x27, 0xff,
    0x57, 0x44, 0x27, 0xff, 0x57, 0x44, 0x27, 0xff, 0x57, 0x44, 0x27, 0xff,
    0x57, 0x44, 0x27, 0xff, 0x57, 0x44, 0x27, 0xff, 0x57, 0x44, 0x27, 0xff,
    0x57, 0x44, 0x27, 0xff, 0x57, 0x44, 0x27, 0xff, 0x57, 0x44, 0x27, 0xff,
    0x57, 0x44, 0x27, 0xff, 0x57, 0x44, 0x27, 0xff, 0x57, 0x44, 0x27, 0xff,
    0x57, 0x44, 0x27, 0xff, 0x57, 0x44, 0x27, 0xff, 0x57, 0x44, 0x27, 0xff,
    0x57, 0x44, 0x27, 0xff, 0x57, 0x44, 0x27, 0xff, 0x57, 0x44, 0x27, 0xff,
    0x57, 0x44, 0x27, 0xff, 0x57, 0x44, 0x27, 0xff, 0x3f, 0x31, 0x1c, 0xff,
    0x3f, 0x31, 0x1c, 0xff, 0x41, 0x33, 0x1f, 0xff, 0x78, 0x69, 0x52, 0xff,
    0x64, 0x53, 0x39, 0xff, 0x59, 0x46, 0x29, 0xff, 0x57, 0x44, 0x27, 0xff,
    0x57, 0x44, 0x27, 0xff, 0x57, 0x44, 0x27, 0xff, 0x57, 0x44, 0x27, 0xff,
    0x57, 0x44, 0x27, 0xff, 0x57, 0x44, 0x27, 0xff, 0x57, 0x44, 0x27, 0xff,
    0x57, 0x44, 0x27, 0xff, 0x57, 0x44, 0x27, 0xff, 0x57, 0x44, 0x27, 0xff,
    0x57, 0x44, 0x27, 0xff, 0x57, 0x44, 0x27, 0xff, 0x57, 0x44, 0x27, 0xff,
    0x57, 0x44, 0x27, 0xff, 0x57, 0x44, 0x27, 0xff, 0x57, 0x44, 0x27, 0xff,
    0x57, 0x44, 0x27, 0xff, 0x57, 0x44, 0x27, 0xff, 0x57, 0x44, 0x27, 0xff,
    0x57, 0x44, 0x27, 0xff, 0x57, 0x44, 0x27, 0xff, 0x57, 0x44, 0x27, 0xff,
    0x57, 0x44, 0x27, 0xff, 0x57, 0x44, 0x27, 0xff, 0x57, 0x44, 0x27, 0xff,
    0x57, 0x44, 0x27, 0xff, 0x57, 0x44, 0x27, 0xff, 0x57, 0x44, 0x27, 0xff,
    0x57, 0x44, 0x27, 0xff, 0x57, 0x44, 0x27, 0xff, 0x57, 0x44, 0x27, 0xff,
    0x57, 0x44, 0x27, 0xff, 0x57, 0x44, 0x27, 0xff, 0x57, 0x44, 0x27, 0xff,
    0x57, 0x44, 0x27, 0xff, 0x57, 0x44, 0x27, 0xff, 0x57, 0x44, 0x27, 0xff,
    0x57, 0x44, 0x27, 0xff, 0x57, 0x44, 0x27, 0xff, 0x57, 0x44, 0x27, 0xff,
    0x57, 0x44, 0x27, 0xff, 0x57, 0x44, 0x27, 0xff, 0x57, 0x44, 0x27, 0xff,
    0x57, 0x44, 0x27, 0xff, 0x3f, 0x31, 0x1c, 0xff, 0x3f, 0x31, 0x1c, 0xff,
    0x41, 0x33, 0x1f, 0xff, 0x78, 0x69, 0x52, 0xff, 0x64, 0x53, 0x39, 0xff,
    0x59, 0x46, 0x29, 0xff, 0x57, 0x44, 0x27, 0xff, 0x57, 0x44, 0x27, 0xff,
    0x57, 0x44, 0x27, 0xff, 0x57, 0x44, 0x27, 0xff, 0x57, 0x44, 0x27, 0xff,
    0x57, 0x44, 0x27, 0xff, 0x57, 0x44, 0x27, 0xff, 0x57, 0x44, 0x27, 0xff,
    0x57, 0x44, 0x27, 0xff, 0x57, 0x44, 0x27, 0xff, 0x57, 0x44, 0x27, 0xff,
    0x57, 0x44, 0x27, 0xff, 0x57, 0x44, 0x27, 0xff, 0x57, 0x44, 0x27, 0xff,
    0x57, 0x44, 0x27, 0xff, 0x57, 0x44, 0x27, 0xff, 0x57, 0x44, 0x27, 0xff,
    0x57, 0x44, 0x27, 0xff, 0x57, 0x44, 0x27, 0xff, 0x57, 0x44, 0x27, 0xff,
    0x57, 0x44, 0x27, 0xff, 0x57, 0x44, 0x27, 0xff, 0x57, 0x44, 0x27, 0xff,
    0x57, 0x44, 0x27, 0xff, 0x57, 0x44, 0x27, 0xff, 0x57, 0x44, 0x27, 0xff,
    0x57, 0x44, 0x27, 0xff, 0x57, 0x44, 0x27, 0xff, 0x57, 0x44, 0x27, 0xff,
    0x57, 0x44, 0x27, 0xff, 0x57, 0x44, 0x27, 0xff, 0x57, 0x44, 0x27, 0xff,
    0x57, 0x44, 0x27, 0xff, 0x57, 0x44, 0x27, 0xff, 0x57, 0x44, 0x27, 0xff,
    0x57, 0x44, 0x27, 0xff, 0x57, 0x44, 0x27, 0xff, 0x57, 0x44, 0x27, 0xff,
    0x57, 0x44, 0x27, 0xff, 0x57, 0x44, 0x27, 0xff, 0x57, 0x44, 0x27, 0xff,
    0x57, 0x44, 0x27, 0xff, 0x57, 0x44, 0x27, 0xff, 0x57, 0x44, 0x27, 0xff,
    0x3f, 0x31, 0x1c, 0xff, 0x3f, 0x31, 0x1c, 0xff, 0x41, 0x33, 0x1f, 0xff,
    0x78, 0x69, 0x52, 0xff, 0x65, 0x53, 0x39, 0xff, 0x59, 0x46, 0x29, 0xff,
    0x57, 0x44, 0x27, 0xff, 0x57, 0x44, 0x27, 0xff, 0x57, 0x44, 0x27, 0xff,
    0x57, 0x44, 0x27, 0xff, 0x57, 0x44, 0x27, 0xff, 0x57, 0x44, 0x27, 0xff,
    0x57, 0x44, 0x27, 0xff, 0x57, 0x44, 0x27, 0xff, 0x57, 0x44, 0x27, 0xff,
    0x57, 0x44, 0x27, 0xff, 0x57, 0x44, 0x27, 0xff, 0x57, 0x44, 0x27, 0xff,
    0x57, 0x44, 0x27, 0xff, 0x57, 0x44, 0x27, 0xff, 0x57, 0x44, 0x27, 0xff,
    0x57, 0x44, 0x27, 0xff, 0x57, 0x44, 0x27, 0xff, 0x57, 0x44, 0x27, 0xff,
    0x57, 0x44, 0x27, 0xff, 0x57, 0x44, 0x27, 0xff, 0x57, 0x44, 0x27, 0xff,
    0x57, 0x44, 0x27, 0xff, 0x57, 0x44, 0x27, 0xff, 0x57, 0x44, 0x27, 0xff,
    0x57, 0x44, 0x27, 0xff, 0x57, 0x44, 0x27, 0xff, 0x57, 0x44, 0x27, 0xff,
    0x57, 0x44, 0x27, 0xff, 0x57, 0x44, 0x27, 0xff, 0x57, 0x44, 0x27, 0xff,
    0x57, 0x44, 0x27, 0xff, 0x57, 0x44, 0x27, 0xff, 0x57, 0x44, 0x27, 0xff,
    0x57, 0x44, 0x27, 0xff, 0x57, 0x44, 0x27, 0xff, 0x57, 0x44, 0x27, 0xff,
    0x57, 0x44, 0x27, 0xff, 0x57, 0x44, 0x27, 0xff, 0x57, 0x44, 0x27, 0xff,
    0x57, 0x44, 0x27, 0xff, 0x57, 0x44, 0x27, 0xff, 0x57, 0x44, 0x27, 0xff,
    0x57, 0x44, 0x27, 0xff, 0x57, 0x44, 0x27, 0xff, 0x3f, 0x31, 0x1c, 0xff,
    0x3f, 0x31, 0x1c, 0xff, 0x41, 0x33, 0x1f, 0xff, 0x78, 0x69, 0x52, 0xff,
    0x64, 0x53, 0x38, 0xff, 0x59, 0x46, 0x29, 0xff, 0x57, 0x44, 0x27, 0xff,
    0x57, 0x44, 0x27, 0xff, 0x57, 0x44, 0x27, 0xff, 0x57, 0x44, 0x27, 0xff,
    0x57, 0x44, 0x27, 0xff, 0x57, 0x44, 0x27, 0xff, 0x57, 0x44, 0x27, 0xff,
    0x57, 0x44, 0x27, 0xff, 0x57, 0x44, 0x27, 0xff, 0x57, 0x44, 0x27, 0xff,
    0x57, 0x44, 0x27, 0xff, 0x57, 0x44, 0x27, 0xff, 0x57, 0x44, 0x27, 0xff,
    0x57, 0x44, 0x27, 0xff, 0x57, 0x44, 0x27, 0xff, 0x57, 0x44, 0x27, 0xff,
    0x57, 0x44, 0x27, 0xff, 0x57, 0x44, 0x27, 0xff, 0x57, 0x44, 0x27, 0xff,
    0x57, 0x44, 0x27, 0xff, 0x57, 0x44, 0x27, 0xff, 0x57, 0x44, 0x27, 0xff,
    0x57, 0x44, 0x27, 0xff, 0x57, 0x44, 0x27, 0xff, 0x57, 0x44, 0x27, 0xff,
    0x57, 0x44, 0x27, 0xff, 0x57, 0x44, 0x27, 0xff, 0x57, 0x44, 0x27, 0xff,
    0x57, 0x44, 0x27, 0xff, 0x57, 0x44, 0x27, 0xff, 0x57, 0x44, 0x27, 0xff,
    0x57, 0x44, 0x27, 0xff, 0x57, 0x44, 0x27, 0xff, 0x57, 0x44, 0x27, 0xff,
    0x57, 0x44, 0x27, 0xff, 0x57, 0x44, 0x27, 0xff, 0x57, 0x44, 0x27, 0xff,
    0x57, 0x44, 0x27, 0xff, 0x57, 0x44, 0x27, 0xff, 0x57, 0x44, 0x27, 0xff,
    0x57, 0x44, 0x27, 0xff, 0x57, 0x44, 0x27, 0xff, 0x57, 0x44, 0x27, 0xff,
    0x57, 0x44, 0x27, 0xff, 0x3f, 0x31, 0x1c, 0xff, 0x3f, 0x31, 0x1c, 0xff,
    0x41, 0x33, 0x1f, 0xff, 0x78, 0x69, 0x52, 0xff, 0x65, 0x53, 0x39, 0xff,
    0x59, 0x46, 0x29, 0xff, 0x57, 0x44, 0x27, 0xff, 0x57, 0x44, 0x27, 0xff,
    0x57, 0x44, 0x27, 0xff, 0x57, 0x44, 0x27, 0xff, 0x57, 0x44, 0x27, 0xff,
    0x57, 0x44, 0x27, 0xff, 0x57, 0x44, 0x27, 0xff, 0x57, 0x44, 0x27, 0xff,
    0x57, 0x44, 0x27, 0xff, 0x57, 0x44, 0x27, 0xff, 0x57, 0x44, 0x27, 0xff,
    0x57, 0x44, 0x27, 0xff, 0x57, 0x44, 0x27, 0xff, 0x57, 0x44, 0x27, 0xff,
    0x57, 0x44, 0x27, 0xff, 0x57, 0x44, 0x27, 0xff, 0x57, 0x44, 0x27, 0xff,
    0x57, 0x44, 0x27, 0xff, 0x57, 0x44, 0x27, 0xff, 0x57, 0x44, 0x27, 0xff,
    0x57, 0x44, 0x27, 0xff, 0x57, 0x44, 0x27, 0xff, 0x57, 0x44, 0x27, 0xff,
    0x57, 0x44, 0x27, 0xff, 0x57, 0x44, 0x27, 0xff, 0x57, 0x44, 0x27, 0xff,
    0x57, 0x44, 0x27, 0xff, 0x57, 0x44, 0x27, 0xff, 0x57, 0x44, 0x27, 0xff,
    0x57, 0x44, 0x27, 0xff, 0x57, 0x44, 0x27, 0xff, 0x57, 0x44, 0x27, 0xff,
    0x57, 0x44, 0x27, 0xff, 0x57, 0x44, 0x27, 0xff, 0x57, 0x44, 0x27, 0xff,
    0x57, 0x44, 0x27, 0xff, 0x57, 0x44, 0x27, 0xff, 0x57, 0x44, 0x27, 0xff,
    0x57, 0x44, 0x27, 0xff, 0x57, 0x44, 0x27, 0xff, 0x57, 0x44, 0x27, 0xff,
    0x57, 0x44, 0x27, 0xff, 0x57, 0x44, 0x27, 0xff, 0x57, 0x44, 0x27, 0xff,
    0x3f, 0x31, 0x1c, 0xff, 0x3f, 0x31, 0x1c, 0xff, 0x41, 0x33, 0x1f, 0xff,
    0x78, 0x69, 0x52, 0xff, 0x65, 0x53, 0x39, 0xff, 0x59, 0x46, 0x29, 0xff,
    0x57, 0x44, 0x27, 0xff, 0x57, 0x44, 0x27, 0xff, 0x57, 0x44, 0x27, 0xff,
    0x57, 0x44, 0x27, 0xff, 0x57, 0x44, 0x27, 0xff, 0x57, 0x44, 0x27, 0xff,
    0x57, 0x44, 0x27, 0xff, 0x57, 0x44, 0x27, 0xff, 0x57, 0x44, 0x27, 0xff,
    0x57, 0x44, 0x27, 0xff, 0x57, 0x44, 0x27, 0xff, 0x57, 0x44, 0x27, 0xff,
    0x57, 0x44, 0x27, 0xff, 0x57, 0x44, 0x27, 0xff, 0x57, 0x44, 0x27, 0xff,
    0x57, 0x44, 0x27, 0xff, 0x57, 0x44, 0x27, 0xff, 0x57, 0x44, 0x27, 0xff,
    0x57, 0x44, 0x27, 0xff, 0x57, 0x44, 0x27, 0xff, 0x57, 0x44, 0x27, 0xff,
    0x57, 0x44, 0x27, 0xff, 0x57, 0x44, 0x27, 0xff, 0x57, 0x44, 0x27, 0xff,
    0x57, 0x44, 0x27, 0xff, 0x57, 0x44, 0x27, 0xff, 0x57, 0x44, 0x27, 0xff,
    0x57, 0x44, 0x27, 0xff, 0x57, 0x44, 0x27, 0xff, 0x57, 0x44, 0x27, 0xff,
    0x57, 0x44, 0x27, 0xff, 0x57, 0x44, 0x27, 0xff, 0x57, 0x44, 0x27, 0xff,
    0x57, 0x44, 0x27, 0xff, 0x57, 0x44, 0x27, 0xff, 0x57, 0x44, 0x27, 0xff,
    0x57, 0x44, 0x27, 0xff, 0x57, 0x44, 0x27, 0xff, 0x57, 0x44, 0x27, 0xff,
    0x57, 0x44, 0x27, 0xff, 0x57, 0x44, 0x27, 0xff, 0x57, 0x44, 0x27, 0xff,
    0x57, 0x44, 0x27, 0xff, 0x57, 0x44, 0x27, 0xff, 0x3f, 0x31, 0x1c, 0xff,
    0x3f, 0x31, 0x1c, 0xff, 0x41, 0x33, 0x1f, 0xff, 0x78, 0x69, 0x52, 0xff,
    0x65, 0x53, 0x39, 0xff, 0x59, 0x46, 0x29, 0xff, 0x57, 0x44, 0x27, 0xff,
    0x57, 0x44, 0x27, 0xff, 0x57, 0x44, 0x27, 0xff, 0x57, 0x44, 0x27, 0xff,
    0x57, 0x44, 0x27, 0xff, 0x57, 0x44, 0x27, 0xff, 0x57, 0x44, 0x27, 0xff,
    0x57, 0x44, 0x27, 0xff, 0x57, 0x44, 0x27, 0xff, 0x57, 0x44, 0x27, 0xff,
    0x57, 0x44, 0x27, 0xff, 0x57, 0x44, 0x27, 0xff, 0x57, 0x44, 0x27, 0xff,
    0x57, 0x44, 0x27, 0xff, 0x57, 0x44, 0x27, 0xff, 0x57, 0x44, 0x27, 0xff,
    0x57, 0x44, 0x27, 0xff, 0x57, 0x44, 0x27, 0xff, 0x57, 0x44, 0x27, 0xff,
    0x57, 0x44, 0x27, 0xff, 0x57, 0x44, 0x27, 0xff, 0x57, 0x44, 0x27, 0xff,
    0x57, 0x44, 0x27, 0xff, 0x57, 0x44, 0x27, 0xff, 0x57, 0x44, 0x27, 0xff,
    0x57, 0x44, 0x27, 0xff, 0x57, 0x44, 0x27, 0xff, 0x57, 0x44, 0x27, 0xff,
    0x57, 0x44, 0x27, 0xff, 0x57, 0x44, 0x27, 0xff, 0x57, 0x44, 0x27, 0xff,
    0x57, 0x44, 0x27, 0xff, 0x57, 0x44, 0x27, 0xff, 0x57, 0x44, 0x27, 0xff,
    0x57, 0x44, 0x27, 0xff, 0x57, 0x44, 0x27, 0xff, 0x57, 0x44, 0x27, 0xff,
    0x57, 0x44, 0x27, 0xff, 0x57, 0x44, 0x27, 0xff, 0x57, 0x44, 0x27, 0xff,
    0x57, 0x44, 0x27, 0xff, 0x57, 0x44, 0x27, 0xff, 0x57, 0x44, 0x27, 0xff,
    0x57, 0x44, 0x27, 0xff, 0x3f, 0x31, 0x1c, 0xff, 0x3f, 0x31, 0x1c, 0xff,
    0x41, 0x33, 0x1f, 0xff, 0x78, 0x69, 0x52, 0xff, 0x65, 0x53, 0x39, 0xff,
    0x59, 0x46, 0x29, 0xff, 0x57, 0x44, 0x27, 0xff, 0x57, 0x44, 0x27, 0xff,
    0x57, 0x44, 0x27, 0xff, 0x57, 0x44, 0x27, 0xff, 0x57, 0x44, 0x27, 0xff,
    0x57, 0x44, 0x27, 0xff, 0x57, 0x44, 0x27, 0xff, 0x57, 0x44, 0x27, 0xff,
    0x57, 0x44, 0x27, 0xff, 0x57, 0x44, 0x27, 0xff, 0x57, 0x44, 0x27, 0xff,
    0x57, 0x44, 0x27, 0xff, 0x57, 0x44, 0x27, 0xff, 0x57, 0x44, 0x27, 0xff,
    0x57, 0x44, 0x27, 0xff, 0x57, 0x44, 0x27, 0xff, 0x57, 0x44, 0x27, 0xff,
    0x57, 0x44, 0x27, 0xff, 0x57, 0x44, 0x27, 0xff, 0x57, 0x44, 0x27, 0xff,
    0x57, 0x44, 0x27, 0xff, 0x57, 0x44, 0x27, 0xff, 0x57, 0x44, 0x27, 0xff,
    0x57, 0x44, 0x27, 0xff, 0x57, 0x44, 0x27, 0xff, 0x57, 0x44, 0x27, 0xff,
    0x57, 0x44, 0x27, 0xff, 0x57, 0x44, 0x27, 0xff, 0x57, 0x44, 0x27, 0xff,
    0x57, 0x44, 0x27, 0xff, 0x57, 0x44, 0x27, 0xff, 0x57, 0x44, 0x27, 0xff,
    0x57, 0x44, 0x27, 0xff, 0x57, 0x44, 0x27, 0xff, 0x57, 0x44, 0x27, 0xff,
    0x57, 0x44, 0x27, 0xff, 0x57, 0x44, 0x27, 0xff, 0x57, 0x44, 0x27, 0xff,
    0x57, 0x44, 0x27, 0xff, 0x57, 0x44, 0x27, 0xff, 0x57, 0x44, 0x27, 0xff,
    0x57, 0x44, 0x27, 0xff, 0x57, 0x44, 0x27, 0xff, 0x57, 0x44, 0x27, 0xff,
    0x3f, 0x31, 0x1c, 0xff, 0x3f, 0x31, 0x1c, 0xff, 0x41, 0x33, 0x1f, 0xff,
    0x78, 0x69, 0x52, 0xff, 0x64, 0x53, 0x39, 0xff, 0x59, 0x46, 0x29, 0xff,
    0x57, 0x44, 0x27, 0xff, 0x57, 0x44, 0x27, 0xff, 0x57, 0x44, 0x27, 0xff,
    0x57, 0x44, 0x27, 0xff, 0x57, 0x44, 0x27, 0xff, 0x57, 0x44, 0x27, 0xff,
    0x57, 0x44, 0x27, 0xff, 0x57, 0x44, 0x27, 0xff, 0x57, 0x44, 0x27, 0xff,
    0x57, 0x44, 0x27, 0xff, 0x57, 0x44, 0x27, 0xff, 0x57, 0x44, 0x27, 0xff,
    0x57, 0x44, 0x27, 0xff, 0x57, 0x44, 0x27, 0xff, 0x57, 0x44, 0x27, 0xff,
    0x57, 0x44, 0x27, 0xff, 0x57, 0x44, 0x27, 0xff, 0x57, 0x44, 0x27, 0xff,
    0x57, 0x44, 0x27, 0xff, 0x57, 0x44, 0x27, 0xff, 0x57, 0x44, 0x27, 0xff,
    0x57, 0x44, 0x27, 0xff, 0x57, 0x44, 0x27, 0xff, 0x57, 0x44, 0x27, 0xff,
    0x57, 0x44, 0x27, 0xff, 0x57, 0x44, 0x27, 0xff, 0x57, 0x44, 0x27, 0xff,
    0x57, 0x44, 0x27, 0xff, 0x57, 0x44, 0x27, 0xff, 0x57, 0x44, 0x27, 0xff,
    0x57, 0x44, 0x27, 0xff, 0x57, 0x44, 0x27, 0xff, 0x57, 0x44, 0x27, 0xff,
    0x57, 0x44, 0x27, 0xff, 0x57, 0x44, 0x27, 0xff, 0x57, 0x44, 0x27, 0xff,
    0x57, 0x44, 0x27, 0xff, 0x57, 0x44, 0x27, 0xff, 0x57, 0x44, 0x27, 0xff,
    0x57, 0x44, 0x27, 0xff, 0x57, 0x44, 0x27, 0xff, 0x57, 0x44, 0x27, 0xff,
    0x57, 0x44, 0x27, 0xff, 0x57, 0x44, 0x27, 0xff, 0x3f, 0x31, 0x1c, 0xff,
    0x3f, 0x31, 0x1c, 0xff, 0x41, 0x33, 0x1f, 0xff, 0x78, 0x69, 0x52, 0xff,
    0x64, 0x53, 0x39, 0xff, 0x59, 0x46, 0x29, 0xff, 0x57, 0x44, 0x27, 0xff,
    0x57, 0x44, 0x27, 0xff, 0x57, 0x44, 0x27, 0xff, 0x57, 0x44, 0x27, 0xff,
    0x57, 0x44, 0x27, 0xff, 0x57, 0x44, 0x27, 0xff, 0x57, 0x44, 0x27, 0xff,
    0x57, 0x44, 0x27, 0xff, 0x57, 0x44, 0x27, 0xff, 0x57, 0x44, 0x27, 0xff,
    0x57, 0x44, 0x27, 0xff, 0x57, 0x44, 0x27, 0xff, 0x57, 0x44, 0x27, 0xff,
    0x57, 0x44, 0x27, 0xff, 0x57, 0x44, 0x27, 0xff, 0x57, 0x44, 0x27, 0xff,
    0x57, 0x44, 0x27, 0xff, 0x57, 0x44, 0x27, 0xff, 0x57, 0x44, 0x27, 0xff,
    0x57, 0x44, 0x27, 0xff, 0x57, 0x44, 0x27, 0xff, 0x57, 0x44, 0x27, 0xff,
    0x57, 0x44, 0x27, 0xff, 0x57, 0x44, 0x27, 0xff, 0x57, 0x44, 0x27, 0xff,
    0x57, 0x44, 0x27, 0xff, 0x57, 0x44, 0x27, 0xff, 0x57, 0x44, 0x27, 0xff,
    0x57, 0x44, 0x27, 0xff, 0x57, 0x44, 0x27, 0xff, 0x57, 0x44, 0x27, 0xff,
    0x57, 0x44, 0x27, 0xff, 0x57, 0x44, 0x27, 0xff, 0x57, 0x44, 0x27, 0xff,
    0x57, 0x44, 0x27, 0xff, 0x57, 0x44, 0x27, 0xff, 0x57, 0x44, 0x27, 0xff,
    0x57, 0x44, 0x27, 0xff, 0x57, 0x44, 0x27, 0xff, 0x57, 0x44, 0x27, 0xff,
    0x57, 0x44, 0x27, 0xff, 0x57, 0x44, 0x27, 0xff, 0x57, 0x44, 0x27, 0xff,
    0x57, 0x44, 0x27, 0xff, 0x3f, 0x31, 0x1c, 0xff, 0x3f, 0x31, 0x1c, 0xff,
    0x41, 0x33, 0x1f, 0xff, 0x78, 0x69, 0x52, 0xff, 0x64, 0x53, 0x39, 0xff,
    0x59, 0x46, 0x29, 0xff, 0x57, 0x44, 0x27, 0xff, 0x57, 0x44, 0x27, 0xff,
    0x57, 0x44, 0x27, 0xff, 0x57, 0x44, 0x27, 0xff, 0x57, 0x44, 0x27, 0xff,
    0x57, 0x44, 0x27, 0xff, 0x57, 0x44, 0x27, 0xff, 0x57, 0x44, 0x27, 0xff,
    0x57, 0x44, 0x27, 0xff, 0x57, 0x44, 0x27, 0xff, 0x57, 0x44, 0x27, 0xff,
    0x57, 0x44, 0x27, 0xff, 0x57, 0x44, 0x27, 0xff, 0x57, 0x44, 0x27, 0xff,
    0x57, 0x44, 0x27, 0xff, 0x57, 0x44, 0x27, 0xff, 0x57, 0x44, 0x27, 0xff,
    0x57, 0x44, 0x27, 0xff, 0x57, 0x44, 0x27, 0xff, 0x57, 0x44, 0x27, 0xff,
    0x57, 0x44, 0x27, 0xff, 0x57, 0x44, 0x27, 0xff, 0x57, 0x44, 0x27, 0xff,
    0x57, 0x44, 0x27, 0xff, 0x57, 0x44, 0x27, 0xff, 0x57, 0x44, 0x27, 0xff,
    0x57, 0x44, 0x27, 0xff, 0x57, 0x44, 0x27, 0xff, 0x57, 0x44, 0x27, 0xff,
    0x57, 0x44, 0x27, 0xff, 0x57, 0x44, 0x27, 0xff, 0x57, 0x44, 0x27, 0xff,
    0x57, 0x44, 0x27, 0xff, 0x57, 0x44, 0x27, 0xff, 0x57, 0x44, 0x27, 0xff,
    0x57, 0x44, 0x27, 0xff, 0x57, 0x44, 0x27, 0xff, 0x57, 0x44, 0x27, 0xff,
    0x57, 0x44, 0x27, 0xff, 0x57, 0x44, 0x27, 0xff, 0x57, 0x44, 0x27, 0xff,
    0x57, 0x44, 0x27, 0xff, 0x57, 0x44, 0x27, 0xff, 0x57, 0x44, 0x27, 0xff,
    0x3f, 0x31, 0x1c, 0xff, 0x3f, 0x31, 0x1c, 0xff, 0x41, 0x33, 0x1f, 0xff,
    0x78, 0x69, 0x52, 0xff, 0x64, 0x53, 0x39, 0xff, 0x59, 0x46, 0x29, 0xff,
    0x57, 0x44, 0x27, 0xff, 0x57, 0x44, 0x27, 0xff, 0x57, 0x44, 0x27, 0xff,
    0x57, 0x44, 0x27, 0xff, 0x57, 0x44, 0x27, 0xff, 0x57, 0x44, 0x27, 0xff,
    0x57, 0x44, 0x27, 0xff, 0x57, 0x44, 0x27, 0xff, 0x57, 0x44, 0x27, 0xff,
    0x57, 0x44, 0x27, 0xff, 0x57, 0x44, 0x27, 0xff, 0x57, 0x44, 0x27, 0xff,
    0x57, 0x44, 0x27, 0xff, 0x57, 0x44, 0x27, 0xff, 0x57, 0x44, 0x27, 0xff,
    0x57, 0x44, 0x27, 0xff, 0x57, 0x44, 0x27, 0xff, 0x57, 0x44, 0x27, 0xff,
    0x57, 0x44, 0x27, 0xff, 0x57, 0x44, 0x27, 0xff, 0x57, 0x44, 0x27, 0xff,
    0x57, 0x44, 0x27, 0xff, 0x57, 0x44, 0x27, 0xff, 0x57, 0x44, 0x27, 0xff,
    0x57, 0x44, 0x27, 0xff, 0x57, 0x44, 0x27, 0xff, 0x57, 0x44, 0x27, 0xff,
    0x57, 0x44, 0x27, 0xff, 0x57, 0x44, 0x27, 0xff, 0x57, 0x44, 0x27, 0xff,
    0x57, 0x44, 0x27, 0xff, 0x57, 0x44, 0x27, 0xff, 0x57, 0x44, 0x27, 0xff,
    0x57, 0x44, 0x27, 0xff, 0x57, 0x44, 0x27, 0xff, 0x57, 0x44, 0x27, 0xff,
    0x57, 0x44, 0x27, 0xff, 0x57, 0x44, 0x27, 0xff, 0x57, 0x44, 0x27, 0xff,
    0x57, 0x44, 0x27, 0xff, 0x57, 0x44, 0x27, 0xff, 0x57, 0x44, 0x27, 0xff,
    0x57, 0x44, 0x27, 0xff, 0x57, 0x44, 0x27, 0xff, 0x3f, 0x31, 0x1c, 0xff,
    0x3f, 0x31, 0x1c, 0xff, 0x41, 0x33, 0x1f, 0xff, 0x78, 0x69, 0x52, 0xff,
    0x64, 0x53, 0x39, 0xff, 0x59, 0x46, 0x29, 0xff, 0x57, 0x44, 0x27, 0xff,
    0x57, 0x44, 0x27, 0xff, 0x57, 0x44, 0x27, 0xff, 0x57, 0x44, 0x27, 0xff,
    0x57, 0x44, 0x27, 0xff, 0x57, 0x44, 0x27, 0xff, 0x57, 0x44, 0x27, 0xff,
    0x57, 0x44, 0x27, 0xff, 0x57, 0x44, 0x27, 0xff, 0x57, 0x44, 0x27, 0xff,
    0x57, 0x44, 0x27, 0xff, 0x57, 0x44, 0x27, 0xff, 0x57, 0x44, 0x27, 0xff,
    0x57, 0x44, 0x27, 0xff, 0x57, 0x44, 0x27, 0xff, 0x57, 0x44, 0x27, 0xff,
    0x57, 0x44, 0x27, 0xff, 0x57, 0x44, 0x27, 0xff, 0x57, 0x44, 0x27, 0xff,
    0x57, 0x44, 0x27, 0xff, 0x57, 0x44, 0x27, 0xff, 0x57, 0x44, 0x27, 0xff,
    0x57, 0x44, 0x27, 0xff, 0x57, 0x44, 0x27, 0xff, 0x57, 0x44, 0x27, 0xff,
    0x57, 0x44, 0x27, 0xff, 0x57, 0x44, 0x27, 0xff, 0x57, 0x44, 0x27, 0xff,
    0x57, 0x44, 0x27, 0xff, 0x57, 0x44, 0x27, 0xff, 0x57, 0x44, 0x27, 0xff,
    0x57, 0x44, 0x27, 0xff, 0x57, 0x44, 0x27, 0xff, 0x57, 0x44, 0x27, 0xff,
    0x57, 0x44, 0x27, 0xff, 0x57, 0x44, 0x27, 0xff, 0x57, 0x44, 0x27, 0xff,
    0x57, 0x44, 0x27, 0xff, 0x57, 0x44, 0x27, 0xff, 0x57, 0x44, 0x27, 0xff,
    0x57, 0x44, 0x27, 0xff, 0x57, 0x44, 0x27, 0xff, 0x57, 0x44, 0x27, 0xff,
    0x57, 0x44, 0x27, 0xff, 0x3f, 0x31, 0x1c, 0xff, 0x3f, 0x31, 0x1c, 0xff,
    0x41, 0x33, 0x1f, 0xff, 0x78, 0x69, 0x52, 0xff, 0x64, 0x53, 0x39, 0xff,
    0x59, 0x46, 0x29, 0xff, 0x57, 0x44, 0x27, 0xff, 0x57, 0x44, 0x27, 0xff,
    0x57, 0x44, 0x27, 0xff, 0x57, 0x44, 0x27, 0xff, 0x57, 0x44, 0x27, 0xff,
    0x57, 0x44, 0x27, 0xff, 0x57, 0x44, 0x27, 0xff, 0x57, 0x44, 0x27, 0xff,
    0x57, 0x44, 0x27, 0xff, 0x57, 0x44, 0x27, 0xff, 0x57, 0x44, 0x27, 0xff,
    0x57, 0x44, 0x27, 0xff, 0x57, 0x44, 0x27, 0xff, 0x57, 0x44, 0x27, 0xff,
    0x57, 0x44, 0x27, 0xff, 0x57, 0x44, 0x27, 0xff, 0x57, 0x44, 0x27, 0xff,
    0x57, 0x44, 0x27, 0xff, 0x57, 0x44, 0x27, 0xff, 0x57, 0x44, 0x27, 0xff,
    0x57, 0x44, 0x27, 0xff, 0x57, 0x44, 0x27, 0xff, 0x57, 0x44, 0x27, 0xff,
    0x57, 0x44, 0x27, 0xff, 0x57, 0x44, 0x27, 0xff, 0x57, 0x44, 0x27, 0xff,
    0x57, 0x44, 0x27, 0xff, 0x57, 0x44, 0x27, 0xff, 0x57, 0x44, 0x27, 0xff,
    0x57, 0x44, 0x27, 0xff, 0x57, 0x44, 0x27, 0xff, 0x57, 0x44, 0x27, 0xff,
    0x57, 0x44, 0x27, 0xff, 0x57, 0x44, 0x27, 0xff, 0x57, 0x44, 0x27, 0xff,
    0x57, 0x44, 0x27, 0xff, 0x57, 0x44, 0x27, 0xff, 0x57, 0x44, 0x27, 0xff,
    0x57, 0x44, 0x27, 0xff, 0x57, 0x44, 0x27, 0xff, 0x57, 0x44, 0x27, 0xff,
    0x57, 0x44, 0x27, 0xff, 0x57, 0x44, 0x27, 0xff, 0x57, 0x44, 0x27, 0xff,
    0x3f, 0x31, 0x1c, 0xff, 0x3f, 0x31, 0x1c, 0xff, 0x41, 0x33, 0x1f, 0xff,
    0x78, 0x69, 0x52, 0xff, 0x65, 0x53, 0x39, 0xff, 0x59, 0x46, 0x29, 0xff,
    0x57, 0x44, 0x27, 0xff, 0x57, 0x44, 0x27, 0xff, 0x57, 0x44, 0x27, 0xff,
    0x57, 0x44, 0x27, 0xff, 0x57, 0x44, 0x27, 0xff, 0x57, 0x44, 0x27, 0xff,
    0x57, 0x44, 0x27, 0xff, 0x57, 0x44, 0x27, 0xff, 0x57, 0x44, 0x27, 0xff,
    0x57, 0x44, 0x27, 0xff, 0x57, 0x44, 0x27, 0xff, 0x57, 0x44, 0x27, 0xff,
    0x57, 0x44, 0x27, 0xff, 0x57, 0x44, 0x27, 0xff, 0x57, 0x44, 0x27, 0xff,
    0x57, 0x44, 0x27, 0xff, 0x57, 0x44, 0x27, 0xff, 0x57, 0x44, 0x27, 0xff,
    0x57, 0x44, 0x27, 0xff, 0x57, 0x44, 0x27, 0xff, 0x57, 0x44, 0x27, 0xff,
    0x57, 0x44, 0x27, 0xff, 0x57, 0x44, 0x27, 0xff, 0x57, 0x44, 0x27, 0xff,
    0x57, 0x44, 0x27, 0xff, 0x57, 0x44, 0x27, 0xff, 0x57, 0x44, 0x27, 0xff,
    0x57, 0x44, 0x27, 0xff, 0x57, 0x44, 0x27, 0xff, 0x57, 0x44, 0x27, 0xff,
    0x57, 0x44, 0x27, 0xff, 0x57, 0x44, 0x27, 0xff, 0x57, 0x44, 0x27, 0xff,
    0x57, 0x44, 0x27, 0xff, 0x57, 0x44, 0x27, 0xff, 0x57, 0x44, 0x27, 0xff,
    0x57, 0x44, 0x27, 0xff, 0x57, 0x44, 0x27, 0xff, 0x57, 0x44, 0x27, 0xff,
    0x57, 0x44, 0x27, 0xff, 0x57, 0x44, 0x27, 0xff, 0x57, 0x44, 0x27, 0xff,
    0x57, 0x44, 0x27, 0xff, 0x57, 0x44, 0x27, 0xff, 0x3f, 0x31, 0x1c, 0xff,
    0x3f, 0x31, 0x1c, 0xff, 0x41, 0x33, 0x1f, 0xff, 0x78, 0x69, 0x52, 0xff,
    0x65, 0x53, 0x39, 0xff, 0x59, 0x46, 0x29, 0xff, 0x57, 0x44, 0x27, 0xff,
    0x57, 0x44, 0x27, 0xff, 0x57, 0x44, 0x27, 0xff, 0x57, 0x44, 0x27, 0xff,
    0x57, 0x44, 0x27, 0xff, 0x57, 0x44, 0x27, 0xff, 0x57, 0x44, 0x27, 0xff,
    0x57, 0x44, 0x27, 0xff, 0x57, 0x44, 0x27, 0xff, 0x57, 0x44, 0x27, 0xff,
    0x57, 0x44, 0x27, 0xff, 0x57, 0x44, 0x27, 0xff, 0x57, 0x44, 0x27, 0xff,
    0x57, 0x44, 0x27, 0xff, 0x57, 0x44, 0x27, 0xff, 0x57, 0x44, 0x27, 0xff,
    0x57, 0x44, 0x27, 0xff, 0x57, 0x44, 0x27, 0xff, 0x57, 0x44, 0x27, 0xff,
    0x57, 0x44, 0x27, 0xff, 0x57, 0x44, 0x27, 0xff, 0x57, 0x44, 0x27, 0xff,
    0x57, 0x44, 0x27, 0xff, 0x57, 0x44, 0x27, 0xff, 0x57, 0x44, 0x27, 0xff,
    0x57, 0x44, 0x27, 0xff, 0x57, 0x44, 0x27, 0xff, 0x57, 0x44, 0x27, 0xff,
    0x57, 0x44, 0x27, 0xff, 0x57, 0x44, 0x27, 0xff, 0x57, 0x44, 0x27, 0xff,
    0x57, 0x44, 0x27, 0xff, 0x57, 0x44, 0x27, 0xff, 0x57, 0x44, 0x27, 0xff,
    0x57, 0x44, 0x27, 0xff, 0x57, 0x44, 0x27, 0xff, 0x57, 0x44, 0x27, 0xff,
    0x57, 0x44, 0x27, 0xff, 0x57, 0x44, 0x27, 0xff, 0x57, 0x44, 0x27, 0xff,
    0x57, 0x44, 0x27, 0xff, 0x57, 0x44, 0x27, 0xff, 0x57, 0x44, 0x27, 0xff,
    0x57, 0x44, 0x27, 0xff, 0x3f, 0x31, 0x1c, 0xff, 0x3f, 0x31, 0x1c, 0xff,
    0x41, 0x33, 0x1f, 0xff, 0x78, 0x69, 0x52, 0xff, 0x65, 0x53, 0x39, 0xff,
    0x59, 0x46, 0x29, 0xff, 0x57, 0x44, 0x27, 0xff, 0x57, 0x44, 0x27, 0xff,
    0x57, 0x44, 0x27, 0xff, 0x57, 0x44, 0x27, 0xff, 0x57, 0x44, 0x27, 0xff,
    0x57, 0x44, 0x27, 0xff, 0x57, 0x44, 0x27, 0xff, 0x57, 0x44, 0x27, 0xff,
    0x57, 0x44, 0x27, 0xff, 0x57, 0x44, 0x27, 0xff, 0x57, 0x44, 0x27, 0xff,
    0x57, 0x44, 0x27, 0xff, 0x57, 0x44, 0x27, 0xff, 0x57, 0x44, 0x27, 0xff,
    0x57, 0x44, 0x27, 0xff, 0x57, 0x44, 0x27, 0xff, 0x57, 0x44, 0x27, 0xff,
    0x57, 0x44, 0x27, 0xff, 0x57, 0x44, 0x27, 0xff, 0x57, 0x44, 0x27, 0xff,
    0x57, 0x44, 0x27, 0xff, 0x57, 0x44, 0x27, 0xff, 0x57, 0x44, 0x27, 0xff,
    0x57, 0x44, 0x27, 0xff, 0x57, 0x44, 0x27, 0xff, 0x57, 0x44, 0x27, 0xff,
    0x57, 0x44, 0x27, 0xff, 0x57, 0x44, 0x27, 0xff, 0x57, 0x44, 0x27, 0xff,
    0x57, 0x44, 0x27, 0xff, 0x57, 0x44, 0x27, 0xff, 0x57, 0x44, 0x27, 0xff,
    0x57, 0x44, 0x27, 0xff, 0x57, 0x44, 0x27, 0xff, 0x57, 0x44, 0x27, 0xff,
    0x57, 0x44, 0x27, 0xff, 0x57, 0x44, 0x27, 0xff, 0x57, 0x44, 0x27, 0xff,
    0x57, 0x44, 0x27, 0xff, 0x57, 0x44, 0x27, 0xff, 0x57, 0x44, 0x27, 0xff,
    0x57, 0x44, 0x27, 0xff, 0x57, 0x44, 0x27, 0xff, 0x57, 0x44, 0x27, 0xff,
    0x3f, 0x31, 0x1c, 0xff, 0x3f, 0x31, 0x1c, 0xff, 0x41, 0x33, 0x1f, 0xff,
    0x78, 0x69, 0x52, 0xff, 0x64, 0x53, 0x39, 0xff, 0x59, 0x46, 0x29, 0xff,
    0x57, 0x44, 0x27, 0xff, 0x57, 0x44, 0x27, 0xff, 0x57, 0x44, 0x27, 0xff,
    0x57, 0x44, 0x27, 0xff, 0x57, 0x44, 0x27, 0xff, 0x57, 0x44, 0x27, 0xff,
    0x57, 0x44, 0x27, 0xff, 0x57, 0x44, 0x27, 0xff, 0x57, 0x44, 0x27, 0xff,
    0x57, 0x44, 0x27, 0xff, 0x57, 0x44, 0x27, 0xff, 0x57, 0x44, 0x27, 0xff,
    0x57, 0x44, 0x27, 0xff, 0x57, 0x44, 0x27, 0xff, 0x57, 0x44, 0x27, 0xff,
    0x57, 0x44, 0x27, 0xff, 0x57, 0x44, 0x27, 0xff, 0x57, 0x44, 0x27, 0xff,
    0x57, 0x44, 0x27, 0xff, 0x57, 0x44, 0x27, 0xff, 0x57, 0x44, 0x27, 0xff,
    0x57, 0x44, 0x27, 0xff, 0x57, 0x44, 0x27, 0xff, 0x57, 0x44, 0x27, 0xff,
    0x57, 0x44, 0x27, 0xff, 0x57, 0x44, 0x27, 0xff, 0x57, 0x44, 0x27, 0xff,
    0x57, 0x44, 0x27, 0xff, 0x57, 0x44, 0x27, 0xff, 0x57, 0x44, 0x27, 0xff,
    0x57, 0x44, 0x27, 0xff, 0x57, 0x44, 0x27, 0xff, 0x57, 0x44, 0x27, 0xff,
    0x57, 0x44, 0x27, 0xff, 0x57, 0x44, 0x27, 0xff, 0x57, 0x44, 0x27, 0xff,
    0x57, 0x44, 0x27, 0xff, 0x57, 0x44, 0x27, 0xff, 0x57, 0x44, 0x27, 0xff,
    0x57, 0x44, 0x27, 0xff, 0x57, 0x44, 0x27, 0xff, 0x57, 0x44, 0x27, 0xff,
    0x57, 0x44, 0x27, 0xff, 0x57, 0x44, 0x27, 0xff, 0x3f, 0x31, 0x1c, 0xff,
    0x3f, 0x31, 0x1c, 0xff, 0x41, 0x33, 0x1f, 0xff, 0x78, 0x69, 0x52, 0xff,
    0x64, 0x53, 0x39, 0xff, 0x59, 0x46, 0x29, 0xff, 0x57, 0x44, 0x27, 0xff,
    0x57, 0x44, 0x27, 0xff, 0x57, 0x44, 0x27, 0xff, 0x57, 0x44, 0x27, 0xff,
    0x57, 0x44, 0x27, 0xff, 0x57, 0x44, 0x27, 0xff, 0x57, 0x44, 0x27, 0xff,
    0x57, 0x44, 0x27, 0xff, 0x57, 0x44, 0x27, 0xff, 0x57, 0x44, 0x27, 0xff,
    0x57, 0x44, 0x27, 0xff, 0x57, 0x44, 0x27, 0xff, 0x57, 0x44, 0x27, 0xff,
    0x57, 0x44, 0x27, 0xff, 0x57, 0x44, 0x27, 0xff, 0x57, 0x44, 0x27, 0xff,
    0x57, 0x44, 0x27, 0xff, 0x57, 0x44, 0x27, 0xff, 0x57, 0x44, 0x27, 0xff,
    0x57, 0x44, 0x27, 0xff, 0x57, 0x44, 0x27, 0xff, 0x57, 0x44, 0x27, 0xff,
    0x57, 0x44, 0x27, 0xff, 0x57, 0x44, 0x27, 0xff, 0x57, 0x44, 0x27, 0xff,
    0x57, 0x44, 0x27, 0xff, 0x57, 0x44, 0x27, 0xff, 0x57, 0x44, 0x27, 0xff,
    0x57, 0x44, 0x27, 0xff, 0x57, 0x44, 0x27, 0xff, 0x57, 0x44, 0x27, 0xff,
    0x57, 0x44, 0x27, 0xff, 0x57, 0x44, 0x27, 0xff, 0x57, 0x44, 0x27, 0xff,
    0x57, 0x44, 0x27, 0xff, 0x57, 0x44, 0x27, 0xff, 0x57, 0x44, 0x27, 0xff,
    0x57, 0x44, 0x27, 0xff, 0x57, 0x44, 0x27, 0xff, 0x57, 0x44, 0x27, 0xff,
    0x57, 0x44, 0x27, 0xff, 0x57, 0x44, 0x27, 0xff, 0x57, 0x44, 0x27, 0xff,
    0x57, 0x44, 0x27, 0xff, 0x3f, 0x31, 0x1c, 0xff, 0x3f, 0x31, 0x1c, 0xff,
    0x41, 0x33, 0x1f, 0xff, 0x78, 0x69, 0x52, 0xff, 0x64, 0x53, 0x39, 0xff,
    0x59, 0x46, 0x29, 0xff, 0x57, 0x44, 0x27, 0xff, 0x57, 0x44, 0x27, 0xff,
    0x57, 0x44, 0x27, 0xff, 0x57, 0x44, 0x27, 0xff, 0x57, 0x44, 0x27, 0xff,
    0x57, 0x44, 0x27, 0xff, 0x57, 0x44, 0x27, 0xff, 0x57, 0x44, 0x27, 0xff,
    0x57, 0x44, 0x27, 0xff, 0x57, 0x44, 0x27, 0xff, 0x57, 0x44, 0x27, 0xff,
    0x57, 0x44, 0x27, 0xff, 0x57, 0x44, 0x27, 0xff, 0x57, 0x44, 0x27, 0xff,
    0x57, 0x44, 0x27, 0xff, 0x57, 0x44, 0x27, 0xff, 0x57, 0x44, 0x27, 0xff,
    0x57, 0x44, 0x27, 0xff, 0x57, 0x44, 0x27, 0xff, 0x57, 0x44, 0x27, 0xff,
    0x57, 0x44, 0x27, 0xff, 0x57, 0x44, 0x27, 0xff, 0x57, 0x44, 0x27, 0xff,
    0x57, 0x44, 0x27, 0xff, 0x57, 0x44, 0x27, 0xff, 0x57, 0x44, 0x27, 0xff,
    0x57, 0x44, 0x27, 0xff, 0x57, 0x44, 0x27, 0xff, 0x57, 0x44, 0x27, 0xff,
    0x57, 0x44, 0x27, 0xff, 0x57, 0x44, 0x27, 0xff, 0x57, 0x44, 0x27, 0xff,
    0x57, 0x44, 0x27, 0xff, 0x57, 0x44, 0x27, 0xff, 0x57, 0x44, 0x27, 0xff,
    0x57, 0x44, 0x27, 0xff, 0x57, 0x44, 0x27, 0xff, 0x57, 0x44, 0x27, 0xff,
    0x57, 0x44, 0x27, 0xff, 0x57, 0x44, 0x27, 0xff, 0x57, 0x44, 0x27, 0xff,
    0x57, 0x44, 0x27, 0xff, 0x57, 0x44, 0x27, 0xff, 0x57, 0x44, 0x27, 0xff,
    0x3f, 0x31, 0x1c, 0xff, 0x3f, 0x31, 0x1c, 0xff, 0x41, 0x33, 0x1f, 0xff,
    0x78, 0x69, 0x52, 0xff, 0x64, 0x53, 0x39, 0xff, 0x59, 0x46, 0x29, 0xff,
    0x57, 0x44, 0x27, 0xff, 0x57, 0x44, 0x27, 0xff, 0x57, 0x44, 0x27, 0xff,
    0x57, 0x44, 0x27, 0xff, 0x57, 0x44, 0x27, 0xff, 0x57, 0x44, 0x27, 0xff,
    0x57, 0x44, 0x27, 0xff, 0x57, 0x44, 0x27, 0xff, 0x57, 0x44, 0x27, 0xff,
    0x57, 0x44, 0x27, 0xff, 0x57, 0x44, 0x27, 0xff, 0x57, 0x44, 0x27, 0xff,
    0x57, 0x44, 0x27, 0xff, 0x57, 0x44, 0x27, 0xff, 0x57, 0x44, 0x27, 0xff,
    0x57, 0x44, 0x27, 0xff, 0x57, 0x44, 0x27, 0xff, 0x57, 0x44, 0x27, 0xff,
    0x57, 0x44, 0x27, 0xff, 0x57, 0x44, 0x27, 0xff, 0x57, 0x44, 0x27, 0xff,
    0x57, 0x44, 0x27, 0xff, 0x57, 0x44, 0x27, 0xff, 0x57, 0x44, 0x27, 0xff,
    0x57, 0x44, 0x27, 0xff, 0x57, 0x44, 0x27, 0xff, 0x57, 0x44, 0x27, 0xff,
    0x57, 0x44, 0x27, 0xff, 0x57, 0x44, 0x27, 0xff, 0x57, 0x44, 0x27, 0xff,
    0x57, 0x44, 0x27, 0xff, 0x57, 0x44, 0x27, 0xff, 0x57, 0x44, 0x27, 0xff,
    0x57, 0x44, 0x27, 0xff, 0x57, 0x44, 0x27, 0xff, 0x57, 0x44, 0x27, 0xff,
    0x57, 0x44, 0x27, 0xff, 0x57, 0x44, 0x27, 0xff, 0x57, 0x44, 0x27, 0xff,
    0x57, 0x44, 0x27, 0xff, 0x57, 0x44, 0x27, 0xff, 0x57, 0x44, 0x27, 0xff,
    0x57, 0x44, 0x27, 0xff, 0x57, 0x44, 0x27, 0xff, 0x3f, 0x31, 0x1c, 0xff,
    0x3f, 0x31, 0x1c, 0xff, 0x41, 0x33, 0x1f, 0xff, 0x78, 0x69, 0x52, 0xff,
    0x64, 0x53, 0x39, 0xff, 0x59, 0x46, 0x29, 0xff, 0x57, 0x44, 0x27, 0xff,
    0x57, 0x44, 0x27, 0xff, 0x57, 0x44, 0x27, 0xff, 0x57, 0x44, 0x27, 0xff,
    0x57, 0x44, 0x27, 0xff, 0x57, 0x44, 0x27, 0xff, 0x57, 0x44, 0x27, 0xff,
    0x57, 0x44, 0x27, 0xff, 0x57, 0x44, 0x27, 0xff, 0x57, 0x44, 0x27, 0xff,
    0x57, 0x44, 0x27, 0xff, 0x57, 0x44, 0x27, 0xff, 0x57, 0x44, 0x27, 0xff,
    0x57, 0x44, 0x27, 0xff, 0x57, 0x44, 0x27, 0xff, 0x57, 0x44, 0x27, 0xff,
    0x57, 0x44, 0x27, 0xff, 0x57, 0x44, 0x27, 0xff, 0x57, 0x44, 0x27, 0xff,
    0x57, 0x44, 0x27, 0xff, 0x57, 0x44, 0x27, 0xff, 0x57, 0x44, 0x27, 0xff,
    0x57, 0x44, 0x27, 0xff, 0x57, 0x44, 0x27, 0xff, 0x57, 0x44, 0x27, 0xff,
    0x57, 0x44, 0x27, 0xff, 0x57, 0x44, 0x27, 0xff, 0x57, 0x44, 0x27, 0xff,
    0x57, 0x44, 0x27, 0xff, 0x57, 0x44, 0x27, 0xff, 0x57, 0x44, 0x27, 0xff,
    0x57, 0x44, 0x27, 0xff, 0x57, 0x44, 0x27, 0xff, 0x57, 0x44, 0x27, 0xff,
    0x57, 0x44, 0x27, 0xff, 0x57, 0x44, 0x27, 0xff, 0x57, 0x44, 0x27, 0xff,
    0x57, 0x44, 0x27, 0xff, 0x57, 0x44, 0x27, 0xff, 0x57, 0x44, 0x27, 0xff,
    0x57, 0x44, 0x27, 0xff, 0x57, 0x44, 0x27, 0xff, 0x57, 0x44, 0x27, 0xff,
    0x57, 0x44, 0x27, 0xff, 0x3f, 0x31, 0x1c, 0xff, 0x3f, 0x31, 0x1c, 0xff,
    0x41, 0x33, 0x1f, 0xff, 0x78, 0x69, 0x52, 0xff, 0x64, 0x53, 0x39, 0xff,
    0x59, 0x46, 0x29, 0xff, 0x57, 0x44, 0x27, 0xff, 0x57, 0x44, 0x27, 0xff,
    0x57, 0x44, 0x27, 0xff, 0x57, 0x44, 0x27, 0xff, 0x57, 0x44, 0x27, 0xff,
    0x57, 0x44, 0x27, 0xff, 0x57, 0x44, 0x27, 0xff, 0x57, 0x44, 0x27, 0xff,
    0x57, 0x44, 0x27, 0xff, 0x57, 0x44, 0x27, 0xff, 0x57, 0x44, 0x27, 0xff,
    0x57, 0x44, 0x27, 0xff, 0x57, 0x44, 0x27, 0xff, 0x57, 0x44, 0x27, 0xff,
    0x57, 0x44, 0x27, 0xff, 0x57, 0x44, 0x27, 0xff, 0x57, 0x44, 0x27, 0xff,
    0x57, 0x44, 0x27, 0xff, 0x57, 0x44, 0x27, 0xff, 0x57, 0x44, 0x27, 0xff,
    0x57, 0x44, 0x27, 0xff, 0x57, 0x44, 0x27, 0xff, 0x57, 0x44, 0x27, 0xff,
    0x57, 0x44, 0x27, 0xff, 0x57, 0x44, 0x27, 0xff, 0x57, 0x44, 0x27, 0xff,
    0x57, 0x44, 0x27, 0xff, 0x57, 0x44, 0x27, 0xff, 0x57, 0x44, 0x27, 0xff,
    0x57, 0x44, 0x27, 0xff, 0x57, 0x44, 0x27, 0xff, 0x57, 0x44, 0x27, 0xff,
    0x57, 0x44, 0x27, 0xff, 0x57, 0x44, 0x27, 0xff, 0x57, 0x44, 0x27, 0xff,
    0x57, 0x44, 0x27, 0xff, 0x57, 0x44, 0x27, 0xff, 0x57, 0x44, 0x27, 0xff,
    0x57, 0x44, 0x27, 0xff, 0x57, 0x44, 0x27, 0xff, 0x57, 0x44, 0x27, 0xff,
    0x57, 0x44, 0x27, 0xff, 0x57, 0x44, 0x27, 0xff, 0x57, 0x44, 0x27, 0xff,
    0x3f, 0x31, 0x1c, 0xff, 0x3f, 0x31, 0x1c, 0xff, 0x41, 0x33, 0x1f, 0xff,
    0x78, 0x69, 0x52, 0xff, 0x64, 0x53, 0x39, 0xff, 0x59, 0x46, 0x29, 0xff,
    0x57, 0x44, 0x27, 0xff, 0x57, 0x44, 0x27, 0xff, 0x57, 0x44, 0x27, 0xff,
    0x57, 0x44, 0x27, 0xff, 0x57, 0x44, 0x27, 0xff, 0x57, 0x44, 0x27, 0xff,
    0x57, 0x44, 0x27, 0xff, 0x57, 0x44, 0x27, 0xff, 0x57, 0x44, 0x27, 0xff,
    0x57, 0x44, 0x27, 0xff, 0x57, 0x44, 0x27, 0xff, 0x57, 0x44, 0x27, 0xff,
    0x57, 0x44, 0x27, 0xff, 0x57, 0x44, 0x27, 0xff, 0x57, 0x44, 0x27, 0xff,
    0x57, 0x44, 0x27, 0xff, 0x57, 0x44, 0x27, 0xff, 0x57, 0x44, 0x27, 0xff,
    0x57, 0x44, 0x27, 0xff, 0x57, 0x44, 0x27, 0xff, 0x57, 0x44, 0x27, 0xff,
    0x57, 0x44, 0x27, 0xff, 0x57, 0x44, 0x27, 0xff, 0x57, 0x44, 0x27, 0xff,
    0x57, 0x44, 0x27, 0xff, 0x57, 0x44, 0x27, 0xff, 0x57, 0x44, 0x27, 0xff,
    0x57, 0x44, 0x27, 0xff, 0x57, 0x44, 0x27, 0xff, 0x57, 0x44, 0x27, 0xff,
    0x57, 0x44, 0x27, 0xff, 0x57, 0x44, 0x27, 0xff, 0x57, 0x44, 0x27, 0xff,
    0x57, 0x44, 0x27, 0xff, 0x57, 0x44, 0x27, 0xff, 0x57, 0x44, 0x27, 0xff,
    0x57, 0x44, 0x27, 0xff, 0x57, 0x44, 0x27, 0xff, 0x57, 0x44, 0x27, 0xff,
    0x57, 0x44, 0x27, 0xff, 0x57, 0x44, 0x27, 0xff, 0x57, 0x44, 0x27, 0xff,
    0x57, 0x44, 0x27, 0xff, 0x57, 0x44, 0x27, 0xff, 0x3f, 0x31, 0x1c, 0xff,
    0x3f, 0x31, 0x1c, 0xff, 0x41, 0x33, 0x1f, 0xff, 0x78, 0x69, 0x52, 0xff,
    0x65, 0x53, 0x39, 0xff, 0x58, 0x45, 0x29, 0xff, 0x57, 0x44, 0x27, 0xff,
    0x57, 0x44, 0x27, 0xff, 0x57, 0x44, 0x27, 0xff, 0x57, 0x44, 0x27, 0xff,
    0x57, 0x44, 0x27, 0xff, 0x57, 0x44, 0x27, 0xff, 0x57, 0x44, 0x27, 0xff,
    0x57, 0x44, 0x27, 0xff, 0x57, 0x44, 0x27, 0xff, 0x57, 0x44, 0x27, 0xff,
    0x57, 0x44, 0x27, 0xff, 0x57, 0x44, 0x27, 0xff, 0x57, 0x44, 0x27, 0xff,
    0x57, 0x44, 0x27, 0xff, 0x57, 0x44, 0x27, 0xff, 0x57, 0x44, 0x27, 0xff,
    0x57, 0x44, 0x27, 0xff, 0x57, 0x44, 0x27, 0xff, 0x57, 0x44, 0x27, 0xff,
    0x57, 0x44, 0x27, 0xff, 0x57, 0x44, 0x27, 0xff, 0x57, 0x44, 0x27, 0xff,
    0x57, 0x44, 0x27, 0xff, 0x57, 0x44, 0x27, 0xff, 0x57, 0x44, 0x27, 0xff,
    0x57, 0x44, 0x27, 0xff, 0x57, 0x44, 0x27, 0xff, 0x57, 0x44, 0x27, 0xff,
    0x57, 0x44, 0x27, 0xff, 0x57, 0x44, 0x27, 0xff, 0x57, 0x44, 0x27, 0xff,
    0x57, 0x44, 0x27, 0xff, 0x57, 0x44, 0x27, 0xff, 0x57, 0x44, 0x27, 0xff,
    0x57, 0x44, 0x27, 0xff, 0x57, 0x44, 0x27, 0xff, 0x57, 0x44, 0x27, 0xff,
    0x57, 0x44, 0x27, 0xff, 0x57, 0x44, 0x27, 0xff, 0x57, 0x44, 0x27, 0xff,
    0x57, 0x44, 0x27, 0xff, 0x57, 0x44, 0x27, 0xff, 0x57, 0x44, 0x27, 0xff,
    0x57, 0x44, 0x27, 0xff, 0x3f, 0x31, 0x1c, 0xff, 0x3f, 0x31, 0x1c, 0xff,
    0x41, 0x33, 0x1f, 0xff, 0x78, 0x69, 0x52, 0xff, 0x65, 0x53, 0x39, 0xff,
    0x59, 0x46, 0x29, 0xff, 0x57, 0x44, 0x27, 0xff, 0x57, 0x44, 0x27, 0xff,
    0x57, 0x44, 0x27, 0xff, 0x57, 0x44, 0x27, 0xff, 0x57, 0x44, 0x27, 0xff,
    0x57, 0x44, 0x27, 0xff, 0x57, 0x44, 0x27, 0xff, 0x57, 0x44, 0x27, 0xff,
    0x57, 0x44, 0x27, 0xff, 0x57, 0x44, 0x27, 0xff, 0x57, 0x44, 0x27, 0xff,
    0x57, 0x44, 0x27, 0xff, 0x57, 0x44, 0x27, 0xff, 0x57, 0x44, 0x27, 0xff,
    0x57, 0x44, 0x27, 0xff, 0x57, 0x44, 0x27, 0xff, 0x57, 0x44, 0x27, 0xff,
    0x57, 0x44, 0x27, 0xff, 0x57, 0x44, 0x27, 0xff, 0x57, 0x44, 0x27, 0xff,
    0x57, 0x44, 0x27, 0xff, 0x57, 0x44, 0x27, 0xff, 0x57, 0x44, 0x27, 0xff,
    0x57, 0x44, 0x27, 0xff, 0x57, 0x44, 0x27, 0xff, 0x57, 0x44, 0x27, 0xff,
    0x57, 0x44, 0x27, 0xff, 0x57, 0x44, 0x27, 0xff, 0x57, 0x44, 0x27, 0xff,
    0x57, 0x44, 0x27, 0xff, 0x57, 0x44, 0x27, 0xff, 0x57, 0x44, 0x27, 0xff,
    0x57, 0x44, 0x27, 0xff, 0x57, 0x44, 0x27, 0xff, 0x57, 0x44, 0x27, 0xff,
    0x57, 0x44, 0x27, 0xff, 0x57, 0x44, 0x27, 0xff, 0x57, 0x44, 0x27, 0xff,
    0x57, 0x44, 0x27, 0xff, 0x57, 0x44, 0x27, 0xff, 0x57, 0x44, 0x27, 0xff,
    0x57, 0x44, 0x27, 0xff, 0x57, 0x44, 0x27, 0xff, 0x57, 0x44, 0x27, 0xff,
    0x3f, 0x31, 0x1c, 0xff, 0x3f, 0x31, 0x1c, 0xff, 0x41, 0x33, 0x1f, 0xff,
    0x78, 0x69, 0x52, 0xff, 0x65, 0x53, 0x39, 0xff, 0x59, 0x46, 0x29, 0xff,
    0x57, 0x44, 0x27, 0xff, 0x57, 0x44, 0x27, 0xff, 0x57, 0x44, 0x27, 0xff,
    0x57, 0x44, 0x27, 0xff, 0x57, 0x44, 0x27, 0xff, 0x57, 0x44, 0x27, 0xff,
    0x57, 0x44, 0x27, 0xff, 0x57, 0x44, 0x27, 0xff, 0x57, 0x44, 0x27, 0xff,
    0x57, 0x44, 0x27, 0xff, 0x57, 0x44, 0x27, 0xff, 0x57, 0x44, 0x27, 0xff,
    0x57, 0x44, 0x27, 0xff, 0x57, 0x44, 0x27, 0xff, 0x57, 0x44, 0x27, 0xff,
    0x57, 0x44, 0x27, 0xff, 0x57, 0x44, 0x27, 0xff, 0x57, 0x44, 0x27, 0xff,
    0x57, 0x44, 0x27, 0xff, 0x57, 0x44, 0x27, 0xff, 0x57, 0x44, 0x27, 0xff,
    0x57, 0x44, 0x27, 0xff, 0x57, 0x44, 0x27, 0xff, 0x57, 0x44, 0x27, 0xff,
    0x57, 0x44, 0x27, 0xff, 0x57, 0x44, 0x27, 0xff, 0x57, 0x44, 0x27, 0xff,
    0x57, 0x44, 0x27, 0xff, 0x57, 0x44, 0x27, 0xff, 0x57, 0x44, 0x27, 0xff,
    0x57, 0x44, 0x27, 0xff, 0x57, 0x44, 0x27, 0xff, 0x57, 0x44, 0x27, 0xff,
    0x57, 0x44, 0x27, 0xff, 0x57, 0x44, 0x27, 0xff, 0x57, 0x44, 0x27, 0xff,
    0x57, 0x44, 0x27, 0xff, 0x57, 0x44, 0x27, 0xff, 0x57, 0x44, 0x27, 0xff,
    0x57, 0x44, 0x27, 0xff, 0x57, 0x44, 0x27, 0xff, 0x57, 0x44, 0x27, 0xff,
    0x57, 0x44, 0x27, 0xff, 0x57, 0x44, 0x27, 0xff, 0x3f, 0x31, 0x1c, 0xff,
    0x3f, 0x31, 0x1c, 0xff, 0x41, 0x33, 0x1f, 0xff, 0x78, 0x69, 0x52, 0xff,
    0x64, 0x53, 0x39, 0xff, 0x59, 0x46, 0x29, 0xff, 0x57, 0x44, 0x27, 0xff,
    0x57, 0x44, 0x27, 0xff, 0x57, 0x44, 0x27, 0xff, 0x57, 0x44, 0x27, 0xff,
    0x57, 0x44, 0x27, 0xff, 0x57, 0x44, 0x27, 0xff, 0x57, 0x44, 0x27, 0xff,
    0x57, 0x44, 0x27, 0xff, 0x57, 0x44, 0x27, 0xff, 0x57, 0x44, 0x27, 0xff,
    0x57, 0x44, 0x27, 0xff, 0x57, 0x44, 0x27, 0xff, 0x57, 0x44, 0x27, 0xff,
    0x57, 0x44, 0x27, 0xff, 0x57, 0x44, 0x27, 0xff, 0x57, 0x44, 0x27, 0xff,
    0x57, 0x44, 0x27, 0xff, 0x57, 0x44, 0x27, 0xff, 0x57, 0x44, 0x27, 0xff,
    0x57, 0x44, 0x27, 0xff, 0x57, 0x44, 0x27, 0xff, 0x57, 0x44, 0x27, 0xff,
    0x57, 0x44, 0x27, 0xff, 0x57, 0x44, 0x27, 0xff, 0x57, 0x44, 0x27, 0xff,
    0x57, 0x44, 0x27, 0xff, 0x57, 0x44, 0x27, 0xff, 0x57, 0x44, 0x27, 0xff,
    0x57, 0x44, 0x27, 0xff, 0x57, 0x44, 0x27, 0xff, 0x57, 0x44, 0x27, 0xff,
    0x57, 0x44, 0x27, 0xff, 0x57, 0x44, 0x27, 0xff, 0x57, 0x44, 0x27, 0xff,
    0x57, 0x44, 0x27, 0xff, 0x57, 0x44, 0x27, 0xff, 0x57, 0x44, 0x27, 0xff,
    0x57, 0x44, 0x27, 0xff, 0x57, 0x44, 0x27, 0xff, 0x57, 0x44, 0x27, 0xff,
    0x57, 0x44, 0x27, 0xff, 0x57, 0x44, 0x27, 0xff, 0x57, 0x44, 0x27, 0xff,
    0x57, 0x44, 0x27, 0xff, 0x3f, 0x31, 0x1c, 0xff, 0x3f, 0x31, 0x1c, 0xff,
    0x41, 0x33, 0x1f, 0xff, 0x78, 0x69, 0x52, 0xff, 0x65, 0x53, 0x39, 0xff,
    0x59, 0x46, 0x29, 0xff, 0x57, 0x44, 0x27, 0xff, 0x57, 0x44, 0x27, 0xff,
    0x57, 0x44, 0x27, 0xff, 0x57, 0x44, 0x27, 0xff, 0x57, 0x44, 0x27, 0xff,
    0x57, 0x44, 0x27, 0xff, 0x57, 0x44, 0x27, 0xff, 0x57, 0x44, 0x27, 0xff,
    0x57, 0x44, 0x27, 0xff, 0x57, 0x44, 0x27, 0xff, 0x57, 0x44, 0x27, 0xff,
    0x57, 0x44, 0x27, 0xff, 0x57, 0x44, 0x27, 0xff, 0x57, 0x44, 0x27, 0xff,
    0x57, 0x44, 0x27, 0xff, 0x57, 0x44, 0x27, 0xff, 0x57, 0x44, 0x27, 0xff,
    0x57, 0x44, 0x27, 0xff, 0x57, 0x44, 0x27, 0xff, 0x57, 0x44, 0x27, 0xff,
    0x57, 0x44, 0x27, 0xff, 0x57, 0x44, 0x27, 0xff, 0x57, 0x44, 0x27, 0xff,
    0x57, 0x44, 0x27, 0xff, 0x57, 0x44, 0x27, 0xff, 0x57, 0x44, 0x27, 0xff,
    0x57, 0x44, 0x27, 0xff, 0x57, 0x44, 0x27, 0xff, 0x57, 0x44, 0x27, 0xff,
    0x57, 0x44, 0x27, 0xff, 0x57, 0x44, 0x27, 0xff, 0x57, 0x44, 0x27, 0xff,
    0x57, 0x44, 0x27, 0xff, 0x57, 0x44, 0x27, 0xff, 0x57, 0x44, 0x27, 0xff,
    0x57, 0x44, 0x27, 0xff, 0x57, 0x44, 0x27, 0xff, 0x57, 0x44, 0x27, 0xff,
    0x57, 0x44, 0x27, 0xff, 0x57, 0x44, 0x27, 0xff, 0x57, 0x44, 0x27, 0xff,
    0x57, 0x44, 0x27, 0xff, 0x57, 0x44, 0x27, 0xff, 0x57, 0x44, 0x27, 0xff,
    0x3f, 0x31, 0x1c, 0xff, 0x3f, 0x31, 0x1c, 0xff, 0x41, 0x33, 0x1f, 0xff,
    0x78, 0x69, 0x52, 0xff, 0x65, 0x53, 0x39, 0xff, 0x59, 0x46, 0x29, 0xff,
    0x57, 0x44, 0x27, 0xff, 0x57, 0x44, 0x27, 0xff, 0x57, 0x44, 0x27, 0xff,
    0x57, 0x44, 0x27, 0xff, 0x57, 0x44, 0x27, 0xff, 0x57, 0x44, 0x27, 0xff,
    0x57, 0x44, 0x27, 0xff, 0x57, 0x44, 0x27, 0xff, 0x57, 0x44, 0x27, 0xff,
    0x57, 0x44, 0x27, 0xff, 0x57, 0x44, 0x27, 0xff, 0x57, 0x44, 0x27, 0xff,
    0x57, 0x44, 0x27, 0xff, 0x57, 0x44, 0x27, 0xff, 0x57, 0x44, 0x27, 0xff,
    0x57, 0x44, 0x27, 0xff, 0x57, 0x44, 0x27, 0xff, 0x57, 0x44, 0x27, 0xff,
    0x57, 0x44, 0x27, 0xff, 0x57, 0x44, 0x27, 0xff, 0x57, 0x44, 0x27, 0xff,
    0x57, 0x44, 0x27, 0xff, 0x57, 0x44, 0x27, 0xff, 0x57, 0x44, 0x27, 0xff,
    0x57, 0x44, 0x27, 0xff, 0x57, 0x44, 0x27, 0xff, 0x57, 0x44, 0x27, 0xff,
    0x57, 0x44, 0x27, 0xff, 0x57, 0x44, 0x27, 0xff, 0x57, 0x44, 0x27, 0xff,
    0x57, 0x44, 0x27, 0xff, 0x57, 0x44, 0x27, 0xff, 0x57, 0x44, 0x27, 0xff,
    0x57, 0x44, 0x27, 0xff, 0x57, 0x44, 0x27, 0xff, 0x57, 0x44, 0x27, 0xff,
    0x57, 0x44, 0x27, 0xff, 0x57, 0x44, 0x27, 0xff, 0x57, 0x44, 0x27, 0xff,
    0x57, 0x44, 0x27, 0xff, 0x57, 0x44, 0x27, 0xff, 0x57, 0x44, 0x27, 0xff,
    0x57, 0x44, 0x27, 0xff, 0x57, 0x44, 0x27, 0xff, 0x3f, 0x31, 0x1c, 0xff,
    0x3f, 0x31, 0x1c, 0xff, 0x41, 0x33, 0x1f, 0xff, 0x78, 0x69, 0x52, 0xff,
    0x65, 0x53, 0x39, 0xff, 0x59, 0x46, 0x29, 0xff, 0x57, 0x44, 0x27, 0xff,
    0x57, 0x44, 0x27, 0xff, 0x57, 0x44, 0x27, 0xff, 0x57, 0x44, 0x27, 0xff,
    0x57, 0x44, 0x27, 0xff, 0x57, 0x44, 0x27, 0xff, 0x57, 0x44, 0x27, 0xff,
    0x57, 0x44, 0x27, 0xff, 0x57, 0x44, 0x27, 0xff, 0x57, 0x44, 0x27, 0xff,
    0x57, 0x44, 0x27, 0xff, 0x57, 0x44, 0x27, 0xff, 0x57, 0x44, 0x27, 0xff,
    0x57, 0x44, 0x27, 0xff, 0x57, 0x44, 0x27, 0xff, 0x57, 0x44, 0x27, 0xff,
    0x57, 0x44, 0x27, 0xff, 0x57, 0x44, 0x27, 0xff, 0x57, 0x44, 0x27, 0xff,
    0x57, 0x44, 0x27, 0xff, 0x57, 0x44, 0x27, 0xff, 0x57, 0x44, 0x27, 0xff,
    0x57, 0x44, 0x27, 0xff, 0x57, 0x44, 0x27, 0xff, 0x57, 0x44, 0x27, 0xff,
    0x57, 0x44, 0x27, 0xff, 0x57, 0x44, 0x27, 0xff, 0x57, 0x44, 0x27, 0xff,
    0x57, 0x44, 0x27, 0xff, 0x57, 0x44, 0x27, 0xff, 0x57, 0x44, 0x27, 0xff,
    0x57, 0x44, 0x27, 0xff, 0x57, 0x44, 0x27, 0xff, 0x57, 0x44, 0x27, 0xff,
    0x57, 0x44, 0x27, 0xff, 0x57, 0x44, 0x27, 0xff, 0x57, 0x44, 0x27, 0xff,
    0x57, 0x44, 0x27, 0xff, 0x57, 0x44, 0x27, 0xff, 0x57, 0x44, 0x27, 0xff,
    0x57, 0x44, 0x27, 0xff, 0x57, 0x44, 0x27, 0xff, 0x57, 0x44, 0x27, 0xff,
    0x57, 0x44, 0x27, 0xff, 0x3f, 0x31, 0x1c, 0xff, 0x3f, 0x31, 0x1c, 0xff,
    0x41, 0x33, 0x1f, 0xff, 0x78, 0x69, 0x52, 0xff, 0x65, 0x53, 0x39, 0xff,
    0x59, 0x46, 0x29, 0xff, 0x57, 0x44, 0x27, 0xff, 0x57, 0x44, 0x27, 0xff,
    0x57, 0x44, 0x27, 0xff, 0x57, 0x44, 0x27, 0xff, 0x57, 0x44, 0x27, 0xff,
    0x57, 0x44, 0x27, 0xff, 0x57, 0x44, 0x27, 0xff, 0x57, 0x44, 0x27, 0xff,
    0x57, 0x44, 0x27, 0xff, 0x57, 0x44, 0x27, 0xff, 0x57, 0x44, 0x27, 0xff,
    0x57, 0x44, 0x27, 0xff, 0x57, 0x44, 0x27, 0xff, 0x57, 0x44, 0x27, 0xff,
    0x57, 0x44, 0x27, 0xff, 0x57, 0x44, 0x27, 0xff, 0x57, 0x44, 0x27, 0xff,
    0x57, 0x44, 0x27, 0xff, 0x57, 0x44, 0x27, 0xff, 0x57, 0x44, 0x27, 0xff,
    0x57, 0x44, 0x27, 0xff, 0x57, 0x44, 0x27, 0xff, 0x57, 0x44, 0x27, 0xff,
    0x57, 0x44, 0x27, 0xff, 0x57, 0x44, 0x27, 0xff, 0x57, 0x44, 0x27, 0xff,
    0x57, 0x44, 0x27, 0xff, 0x57, 0x44, 0x27, 0xff, 0x57, 0x44, 0x27, 0xff,
    0x57, 0x44, 0x27, 0xff, 0x57, 0x44, 0x27, 0xff, 0x57, 0x44, 0x27, 0xff,
    0x57, 0x44, 0x27, 0xff, 0x57, 0x44, 0x27, 0xff, 0x57, 0x44, 0x27, 0xff,
    0x57, 0x44, 0x27, 0xff, 0x57, 0x44, 0x27, 0xff, 0x57, 0x44, 0x27, 0xff,
    0x57, 0x44, 0x27, 0xff, 0x57, 0x44, 0x27, 0xff, 0x57, 0x44, 0x27, 0xff,
    0x57, 0x44, 0x27, 0xff, 0x57, 0x44, 0x27, 0xff, 0x57, 0x44, 0x27, 0xff,
    0x3f, 0x31, 0x1c, 0xff, 0x3f, 0x31, 0x1c, 0xff, 0x41, 0x33, 0x1f, 0xff,
    0x78, 0x69, 0x52, 0xff, 0x64, 0x53, 0x39, 0xff, 0x58, 0x45, 0x29, 0xff,
    0x57, 0x44, 0x27, 0xff, 0x57, 0x44, 0x27, 0xff, 0x57, 0x44, 0x27, 0xff,
    0x57, 0x44, 0x27, 0xff, 0x57, 0x44, 0x27, 0xff, 0x57, 0x44, 0x27, 0xff,
    0x57, 0x44, 0x27, 0xff, 0x57, 0x44, 0x27, 0xff, 0x57, 0x44, 0x27, 0xff,
    0x57, 0x44, 0x27, 0xff, 0x57, 0x44, 0x27, 0xff, 0x57, 0x44, 0x27, 0xff,
    0x57, 0x44, 0x27, 0xff, 0x57, 0x44, 0x27, 0xff, 0x57, 0x44, 0x27, 0xff,
    0x57, 0x44, 0x27, 0xff, 0x57, 0x44, 0x27, 0xff, 0x57, 0x44, 0x27, 0xff,
    0x57, 0x44, 0x27, 0xff, 0x57, 0x44, 0x27, 0xff, 0x57, 0x44, 0x27, 0xff,
    0x57, 0x44, 0x27, 0xff, 0x57, 0x44, 0x27, 0xff, 0x57, 0x44, 0x27, 0xff,
    0x57, 0x44, 0x27, 0xff, 0x57, 0x44, 0x27, 0xff, 0x57, 0x44, 0x27, 0xff,
    0x57, 0x44, 0x27, 0xff, 0x57, 0x44, 0x27, 0xff, 0x57, 0x44, 0x27, 0xff,
    0x57, 0x44, 0x27, 0xff, 0x57, 0x44, 0x27, 0xff, 0x57, 0x44, 0x27, 0xff,
    0x57, 0x44, 0x27, 0xff, 0x57, 0x44, 0x27, 0xff, 0x57, 0x44, 0x27, 0xff,
    0x57, 0x44, 0x27, 0xff, 0x57, 0x44, 0x27, 0xff, 0x57, 0x44, 0x27, 0xff,
    0x57, 0x44, 0x27, 0xff, 0x57, 0x44, 0x27, 0xff, 0x57, 0x44, 0x27, 0xff,
    0x57, 0x44, 0x27, 0xff, 0x57, 0x44, 0x27, 0xff, 0x3f, 0x31, 0x1c, 0xff,
    0x3f, 0x31, 0x1c, 0xff, 0x41, 0x33, 0x1f, 0xff, 0x78, 0x69, 0x52, 0xff,
    0x65, 0x53, 0x39, 0xff, 0x59, 0x46, 0x29, 0xff, 0x57, 0x44, 0x27, 0xff,
    0x57, 0x44, 0x27, 0xff, 0x57, 0x44, 0x27, 0xff, 0x57, 0x44, 0x27, 0xff,
    0x57, 0x44, 0x27, 0xff, 0x57, 0x44, 0x27, 0xff, 0x57, 0x44, 0x27, 0xff,
    0x57, 0x44, 0x27, 0xff, 0x57, 0x44, 0x27, 0xff, 0x57, 0x44, 0x27, 0xff,
    0x57, 0x44, 0x27, 0xff, 0x57, 0x44, 0x27, 0xff, 0x57, 0x44, 0x27, 0xff,
    0x57, 0x44, 0x27, 0xff, 0x57, 0x44, 0x27, 0xff, 0x57, 0x44, 0x27, 0xff,
    0x57, 0x44, 0x27, 0xff, 0x57, 0x44, 0x27, 0xff, 0x57, 0x44, 0x27, 0xff,
    0x57, 0x44, 0x27, 0xff, 0x57, 0x44, 0x27, 0xff, 0x57, 0x44, 0x27, 0xff,
    0x57, 0x44, 0x27, 0xff, 0x57, 0x44, 0x27, 0xff, 0x57, 0x44, 0x27, 0xff,
    0x57, 0x44, 0x27, 0xff, 0x57, 0x44, 0x27, 0xff, 0x57, 0x44, 0x27, 0xff,
    0x57, 0x44, 0x27, 0xff, 0x57, 0x44, 0x27, 0xff, 0x57, 0x44, 0x27, 0xff,
    0x57, 0x44, 0x27, 0xff, 0x57, 0x44, 0x27, 0xff, 0x57, 0x44, 0x27, 0xff,
    0x57, 0x44, 0x27, 0xff, 0x57, 0x44, 0x27, 0xff, 0x57, 0x44, 0x27, 0xff,
    0x57, 0x44, 0x27, 0xff, 0x57, 0x44, 0x27, 0xff, 0x57, 0x44, 0x27, 0xff,
    0x57, 0x44, 0x27, 0xff, 0x57, 0x44, 0x27, 0xff, 0x57, 0x44, 0x27, 0xff,
    0x57, 0x44, 0x27, 0xff, 0x3f, 0x31, 0x1c, 0xff, 0x3f, 0x31, 0x1c, 0xff,
    0x41, 0x33, 0x1f, 0xff, 0x78, 0x69, 0x52, 0xff, 0x65, 0x53, 0x39, 0xff,
    0x59, 0x46, 0x29, 0xff, 0x57, 0x44, 0x27, 0xff, 0x57, 0x44, 0x27, 0xff,
    0x57, 0x44, 0x27, 0xff, 0x57, 0x44, 0x27, 0xff, 0x57, 0x44, 0x27, 0xff,
    0x57, 0x44, 0x27, 0xff, 0x57, 0x44, 0x27, 0xff, 0x57, 0x44, 0x27, 0xff,
    0x57, 0x44, 0x27, 0xff, 0x57, 0x44, 0x27, 0xff, 0x57, 0x44, 0x27, 0xff,
    0x57, 0x44, 0x27, 0xff, 0x57, 0x44, 0x27, 0xff, 0x57, 0x44, 0x27, 0xff,
    0x57, 0x44, 0x27, 0xff, 0x57, 0x44, 0x27, 0xff, 0x57, 0x44, 0x27, 0xff,
    0x57, 0x44, 0x27, 0xff, 0x57, 0x44, 0x27, 0xff, 0x57, 0x44, 0x27, 0xff,
    0x57, 0x44, 0x27, 0xff, 0x57, 0x44, 0x27, 0xff, 0x57, 0x44, 0x27, 0xff,
    0x57, 0x44, 0x27, 0xff, 0x57, 0x44, 0x27, 0xff, 0x57, 0x44, 0x27, 0xff,
    0x57, 0x44, 0x27, 0xff, 0x57, 0x44, 0x27, 0xff, 0x57, 0x44, 0x27, 0xff,
    0x57, 0x44, 0x27, 0xff, 0x57, 0x44, 0x27, 0xff, 0x57, 0x44, 0x27, 0xff,
    0x57, 0x44, 0x27, 0xff, 0x57, 0x44, 0x27, 0xff, 0x57, 0x44, 0x27, 0xff,
    0x57, 0x44, 0x27, 0xff, 0x57, 0x44, 0x27, 0xff, 0x57, 0x44, 0x27, 0xff,
    0x57, 0x44, 0x27, 0xff, 0x57, 0x44, 0x27, 0xff, 0x57, 0x44, 0x27, 0xff,
    0x57, 0x44, 0x27, 0xff, 0x57, 0x44, 0x27, 0xff, 0x57, 0x44, 0x27, 0xff,
    0x3f, 0x31, 0x1c, 0xff, 0x3f, 0x31, 0x1c, 0xff, 0x41, 0x33, 0x1f, 0xff,
    0x78, 0x69, 0x52, 0xff, 0x64, 0x53, 0x39, 0xff, 0x58, 0x45, 0x29, 0xff,
    0x57, 0x44, 0x27, 0xff, 0x57, 0x44, 0x27, 0xff, 0x57, 0x44, 0x27, 0xff,
    0x57, 0x44, 0x27, 0xff, 0x57, 0x44, 0x27, 0xff, 0x57, 0x44, 0x27, 0xff,
    0x57, 0x44, 0x27, 0xff, 0x57, 0x44, 0x27, 0xff, 0x57, 0x44, 0x27, 0xff,
    0x57, 0x44, 0x27, 0xff, 0x57, 0x44, 0x27, 0xff, 0x57, 0x44, 0x27, 0xff,
    0x57, 0x44, 0x27, 0xff, 0x57, 0x44, 0x27, 0xff, 0x57, 0x44, 0x27, 0xff,
    0x57, 0x44, 0x27, 0xff, 0x57, 0x44, 0x27, 0xff, 0x57, 0x44, 0x27, 0xff,
    0x57, 0x44, 0x27, 0xff, 0x57, 0x44, 0x27, 0xff, 0x57, 0x44, 0x27, 0xff,
    0x57, 0x44, 0x27, 0xff, 0x57, 0x44, 0x27, 0xff, 0x57, 0x44, 0x27, 0xff,
    0x57, 0x44, 0x27, 0xff, 0x57, 0x44, 0x27, 0xff, 0x57, 0x44, 0x27, 0xff,
    0x57, 0x44, 0x27, 0xff, 0x57, 0x44, 0x27, 0xff, 0x57, 0x44, 0x27, 0xff,
    0x57, 0x44, 0x27, 0xff, 0x57, 0x44, 0x27, 0xff, 0x57, 0x44, 0x27, 0xff,
    0x57, 0x44, 0x27, 0xff, 0x57, 0x44, 0x27, 0xff, 0x57, 0x44, 0x27, 0xff,
    0x57, 0x44, 0x27, 0xff, 0x57, 0x44, 0x27, 0xff, 0x57, 0x44, 0x27, 0xff,
    0x57, 0x44, 0x27, 0xff, 0x57, 0x44, 0x27, 0xff, 0x57, 0x44, 0x27, 0xff,
    0x57, 0x44, 0x27, 0xff, 0x57, 0x44, 0x27, 0xff, 0x3f, 0x31, 0x1c, 0xff,
    0x3f, 0x31, 0x1c, 0xff, 0x41, 0x33, 0x1f, 0xff, 0x78, 0x69, 0x52, 0xff,
    0x65, 0x53, 0x39, 0xff, 0x58, 0x45, 0x29, 0xff, 0x57, 0x44, 0x27, 0xff,
    0x57, 0x44, 0x27, 0xff, 0x57, 0x44, 0x27, 0xff, 0x57, 0x44, 0x27, 0xff,
    0x57, 0x44, 0x27, 0xff, 0x57, 0x44, 0x27, 0xff, 0x57, 0x44, 0x27, 0xff,
    0x57, 0x44, 0x27, 0xff, 0x57, 0x44, 0x27, 0xff, 0x57, 0x44, 0x27, 0xff,
    0x57, 0x44, 0x27, 0xff, 0x57, 0x44, 0x27, 0xff, 0x57, 0x44, 0x27, 0xff,
    0x57, 0x44, 0x27, 0xff, 0x57, 0x44, 0x27, 0xff, 0x57, 0x44, 0x27, 0xff,
    0x57, 0x44, 0x27, 0xff, 0x57, 0x44, 0x27, 0xff, 0x57, 0x44, 0x27, 0xff,
    0x57, 0x44, 0x27, 0xff, 0x57, 0x44, 0x27, 0xff, 0x57, 0x44, 0x27, 0xff,
    0x57, 0x44, 0x27, 0xff, 0x57, 0x44, 0x27, 0xff, 0x57, 0x44, 0x27, 0xff,
    0x57, 0x44, 0x27, 0xff, 0x57, 0x44, 0x27, 0xff, 0x57, 0x44, 0x27, 0xff,
    0x57, 0x44, 0x27, 0xff, 0x57, 0x44, 0x27, 0xff, 0x57, 0x44, 0x27, 0xff,
    0x57, 0x44, 0x27, 0xff, 0x57, 0x44, 0x27, 0xff, 0x57, 0x44, 0x27, 0xff,
    0x57, 0x44, 0x27, 0xff, 0x57, 0x44, 0x27, 0xff, 0x57, 0x44, 0x27, 0xff,
    0x57, 0x44, 0x27, 0xff, 0x57, 0x44, 0x27, 0xff, 0x57, 0x44, 0x27, 0xff,
    0x57, 0x44, 0x27, 0xff, 0x57, 0x44, 0x27, 0xff, 0x57, 0x44, 0x27, 0xff,
    0x57, 0x44, 0x27, 0xff, 0x3f, 0x31, 0x1c, 0xff, 0x3f, 0x31, 0x1c, 0xff,
    0x41, 0x33, 0x1f, 0xff, 0x78, 0x69, 0x52, 0xff, 0x65, 0x53, 0x39, 0xff,
    0x59, 0x46, 0x29, 0xff, 0x57, 0x44, 0x27, 0xff, 0x57, 0x44, 0x27, 0xff,
    0x57, 0x44, 0x27, 0xff, 0x57, 0x44, 0x27, 0xff, 0x57, 0x44, 0x27, 0xff,
    0x57, 0x44, 0x27, 0xff, 0x57, 0x44, 0x27, 0xff, 0x57, 0x44, 0x27, 0xff,
    0x57, 0x44, 0x27, 0xff, 0x57, 0x44, 0x27, 0xff, 0x57, 0x44, 0x27, 0xff,
    0x57, 0x44, 0x27, 0xff, 0x57, 0x44, 0x27, 0xff, 0x57, 0x44, 0x27, 0xff,
    0x57, 0x44, 0x27, 0xff, 0x57, 0x44, 0x27, 0xff, 0x57, 0x44, 0x27, 0xff,
    0x57, 0x44, 0x27, 0xff, 0x57, 0x44, 0x27, 0xff, 0x57, 0x44, 0x27, 0xff,
    0x57, 0x44, 0x27, 0xff, 0x57, 0x44, 0x27, 0xff, 0x57, 0x44, 0x27, 0xff,
    0x57, 0x44, 0x27, 0xff, 0x57, 0x44, 0x27, 0xff, 0x57, 0x44, 0x27, 0xff,
    0x57, 0x44, 0x27, 0xff, 0x57, 0x44, 0x27, 0xff, 0x57, 0x44, 0x27, 0xff,
    0x57, 0x44, 0x27, 0xff, 0x57, 0x44, 0x27, 0xff, 0x57, 0x44, 0x27, 0xff,
    0x57, 0x44, 0x27, 0xff, 0x57, 0x44, 0x27, 0xff, 0x57, 0x44, 0x27, 0xff,
    0x57, 0x44, 0x27, 0xff, 0x57, 0x44, 0x27, 0xff, 0x57, 0x44, 0x27, 0xff,
    0x57, 0x44, 0x27, 0xff, 0x57, 0x44, 0x27, 0xff, 0x57, 0x44, 0x27, 0xff,
    0x57, 0x44, 0x27, 0xff, 0x57, 0x44, 0x27, 0xff, 0x57, 0x44, 0x27, 0xff,
    0x3f, 0x31, 0x1c, 0xff, 0x3f, 0x31, 0x1c, 0xff, 0x41, 0x33, 0x1f, 0xff,
    0x78, 0x69, 0x52, 0xff, 0x65, 0x53, 0x39, 0xff, 0x59, 0x46, 0x29, 0xff,
    0x57, 0x44, 0x27, 0xff, 0x57, 0x44, 0x27, 0xff, 0x57, 0x44, 0x27, 0xff,
    0x57, 0x44, 0x27, 0xff, 0x57, 0x44, 0x27, 0xff, 0x57, 0x44, 0x27, 0xff,
    0x57, 0x44, 0x27, 0xff, 0x57, 0x44, 0x27, 0xff, 0x57, 0x44, 0x27, 0xff,
    0x57, 0x44, 0x27, 0xff, 0x57, 0x44, 0x27, 0xff, 0x57, 0x44, 0x27, 0xff,
    0x57, 0x44, 0x27, 0xff, 0x57, 0x44, 0x27, 0xff, 0x57, 0x44, 0x27, 0xff,
    0x57, 0x44, 0x27, 0xff, 0x57, 0x44, 0x27, 0xff, 0x57, 0x44, 0x27, 0xff,
    0x57, 0x44, 0x27, 0xff, 0x57, 0x44, 0x27, 0xff, 0x57, 0x44, 0x27, 0xff,
    0x57, 0x44, 0x27, 0xff, 0x57, 0x44, 0x27, 0xff, 0x57, 0x44, 0x27, 0xff,
    0x57, 0x44, 0x27, 0xff, 0x57, 0x44, 0x27, 0xff, 0x57, 0x44, 0x27, 0xff,
    0x57, 0x44, 0x27, 0xff, 0x57, 0x44, 0x27, 0xff, 0x57, 0x44, 0x27, 0xff,
    0x57, 0x44, 0x27, 0xff, 0x57, 0x44, 0x27, 0xff, 0x57, 0x44, 0x27, 0xff,
    0x57, 0x44, 0x27, 0xff, 0x57, 0x44, 0x27, 0xff, 0x57, 0x44, 0x27, 0xff,
    0x57, 0x44, 0x27, 0xff, 0x57, 0x44, 0x27, 0xff, 0x57, 0x44, 0x27, 0xff,
    0x57, 0x44, 0x27, 0xff, 0x57, 0x44, 0x27, 0xff, 0x57, 0x44, 0x27, 0xff,
    0x57, 0x44, 0x27, 0xff, 0x57, 0x44, 0x27, 0xff, 0x3f, 0x31, 0x1c, 0xff,
    0x3f, 0x31, 0x1c, 0xff, 0x41, 0x33, 0x1f, 0xff, 0x78, 0x69, 0x52, 0xff,
    0x65, 0x53, 0x39, 0xff, 0x59, 0x46, 0x29, 0xff, 0x57, 0x44, 0x27, 0xff,
    0x57, 0x44, 0x27, 0xff, 0x57, 0x44, 0x27, 0xff, 0x57, 0x44, 0x27, 0xff,
    0x57, 0x44, 0x27, 0xff, 0x57, 0x44, 0x27, 0xff, 0x57, 0x44, 0x27, 0xff,
    0x57, 0x44, 0x27, 0xff, 0x57, 0x44, 0x27, 0xff, 0x57, 0x44, 0x27, 0xff,
    0x57, 0x44, 0x27, 0xff, 0x57, 0x44, 0x27, 0xff, 0x57, 0x44, 0x27, 0xff,
    0x57, 0x44, 0x27, 0xff, 0x57, 0x44, 0x27, 0xff, 0x57, 0x44, 0x27, 0xff,
    0x57, 0x44, 0x27, 0xff, 0x57, 0x44, 0x27, 0xff, 0x57, 0x44, 0x27, 0xff,
    0x57, 0x44, 0x27, 0xff, 0x57, 0x44, 0x27, 0xff, 0x57, 0x44, 0x27, 0xff,
    0x57, 0x44, 0x27, 0xff, 0x57, 0x44, 0x27, 0xff, 0x57, 0x44, 0x27, 0xff,
    0x57, 0x44, 0x27, 0xff, 0x57, 0x44, 0x27, 0xff, 0x57, 0x44, 0x27, 0xff,
    0x57, 0x44, 0x27, 0xff, 0x57, 0x44, 0x27, 0xff, 0x57, 0x44, 0x27, 0xff,
    0x57, 0x44, 0x27, 0xff, 0x57, 0x44, 0x27, 0xff, 0x57, 0x44, 0x27, 0xff,
    0x57, 0x44, 0x27, 0xff, 0x57, 0x44, 0x27, 0xff, 0x57, 0x44, 0x27, 0xff,
    0x57, 0x44, 0x27, 0xff, 0x57, 0x44, 0x27, 0xff, 0x57, 0x44, 0x27, 0xff,
    0x57, 0x44, 0x27, 0xff, 0x57, 0x44, 0x27, 0xff, 0x57, 0x44, 0x27, 0xff,
    0x57, 0x44, 0x27, 0xff, 0x3f, 0x31, 0x1c, 0xff, 0x3f, 0x31, 0x1c, 0xff,
    0x41, 0x33, 0x1f, 0xff, 0x78, 0x69, 0x52, 0xff, 0x64, 0x53, 0x39, 0xff,
    0x59, 0x46, 0x29, 0xff, 0x57, 0x44, 0x27, 0xff, 0x57, 0x44, 0x27, 0xff,
    0x57, 0x44, 0x27, 0xff, 0x57, 0x44, 0x27, 0xff, 0x57, 0x44, 0x27, 0xff,
    0x57, 0x44, 0x27, 0xff, 0x57, 0x44, 0x27, 0xff, 0x57, 0x44, 0x27, 0xff,
    0x57, 0x44, 0x27, 0xff, 0x57, 0x44, 0x27, 0xff, 0x57, 0x44, 0x27, 0xff,
    0x57, 0x44, 0x27, 0xff, 0x57, 0x44, 0x27, 0xff, 0x57, 0x44, 0x27, 0xff,
    0x57, 0x44, 0x27, 0xff, 0x57, 0x44, 0x27, 0xff, 0x57, 0x44, 0x27, 0xff,
    0x57, 0x44, 0x27, 0xff, 0x57, 0x44, 0x27, 0xff, 0x57, 0x44, 0x27, 0xff,
    0x57, 0x44, 0x27, 0xff, 0x57, 0x44, 0x27, 0xff, 0x57, 0x44, 0x27, 0xff,
    0x57, 0x44, 0x27, 0xff, 0x57, 0x44, 0x27, 0xff, 0x57, 0x44, 0x27, 0xff,
    0x57, 0x44, 0x27, 0xff, 0x57, 0x44, 0x27, 0xff, 0x57, 0x44, 0x27, 0xff,
    0x57, 0x44, 0x27, 0xff, 0x57, 0x44, 0x27, 0xff, 0x57, 0x44, 0x27, 0xff,
    0x57, 0x44, 0x27, 0xff, 0x57, 0x44, 0x27, 0xff, 0x57, 0x44, 0x27, 0xff,
    0x57, 0x44, 0x27, 0xff, 0x57, 0x44, 0x27, 0xff, 0x57, 0x44, 0x27, 0xff,
    0x57, 0x44, 0x27, 0xff, 0x57, 0x44, 0x27, 0xff, 0x57, 0x44, 0x27, 0xff,
    0x57, 0x44, 0x27, 0xff, 0x57, 0x44, 0x27, 0xff, 0x57, 0x44, 0x27, 0xff,
    0x3f, 0x31, 0x1c, 0xff, 0x3f, 0x31, 0x1c, 0xff, 0x41, 0x33, 0x1f, 0xff,
    0x78, 0x69, 0x52, 0xff, 0x65, 0x53, 0x39, 0xff, 0x59, 0x46, 0x29, 0xff,
    0x57, 0x44, 0x27, 0xff, 0x57, 0x44, 0x27, 0xff, 0x57, 0x44, 0x27, 0xff,
    0x57, 0x44, 0x27, 0xff, 0x57, 0x44, 0x27, 0xff, 0x57, 0x44, 0x27, 0xff,
    0x57, 0x44, 0x27, 0xff, 0x57, 0x44, 0x27, 0xff, 0x57, 0x44, 0x27, 0xff,
    0x57, 0x44, 0x27, 0xff, 0x57, 0x44, 0x27, 0xff, 0x57, 0x44, 0x27, 0xff,
    0x57, 0x44, 0x27, 0xff, 0x57, 0x44, 0x27, 0xff, 0x57, 0x44, 0x27, 0xff,
    0x57, 0x44, 0x27, 0xff, 0x57, 0x44, 0x27, 0xff, 0x57, 0x44, 0x27, 0xff,
    0x57, 0x44, 0x27, 0xff, 0x57, 0x44, 0x27, 0xff, 0x57, 0x44, 0x27, 0xff,
    0x57, 0x44, 0x27, 0xff, 0x57, 0x44, 0x27, 0xff, 0x57, 0x44, 0x27, 0xff,
    0x57, 0x44, 0x27, 0xff, 0x57, 0x44, 0x27, 0xff, 0x57, 0x44, 0x27, 0xff,
    0x57, 0x44, 0x27, 0xff, 0x57, 0x44, 0x27, 0xff, 0x57, 0x44, 0x27, 0xff,
    0x57, 0x44, 0x27, 0xff, 0x57, 0x44, 0x27, 0xff, 0x57, 0x44, 0x27, 0xff,
    0x57, 0x44, 0x27, 0xff, 0x57, 0x44, 0x27, 0xff, 0x57, 0x44, 0x27, 0xff,
    0x57, 0x44, 0x27, 0xff, 0x57, 0x44, 0x27, 0xff, 0x57, 0x44, 0x27, 0xff,
    0x57, 0x44, 0x27, 0xff, 0x57, 0x44, 0x27, 0xff, 0x57, 0x44, 0x27, 0xff,
    0x57, 0x44, 0x27, 0xff, 0x57, 0x44, 0x27, 0xff, 0x3f, 0x31, 0x1c, 0xff,
    0x3f, 0x31, 0x1c, 0xff, 0x41, 0x33, 0x1f, 0xff, 0x78, 0x69, 0x52, 0xff,
    0x64, 0x53, 0x39, 0xff, 0x59, 0x46, 0x29, 0xff, 0x57, 0x44, 0x27, 0xff,
    0x57, 0x44, 0x27, 0xff, 0x57, 0x44, 0x27, 0xff, 0x57, 0x44, 0x27, 0xff,
    0x57, 0x44, 0x27, 0xff, 0x57, 0x44, 0x27, 0xff, 0x57, 0x44, 0x27, 0xff,
    0x57, 0x44, 0x27, 0xff, 0x57, 0x44, 0x27, 0xff, 0x57, 0x44, 0x27, 0xff,
    0x57, 0x44, 0x27, 0xff, 0x57, 0x44, 0x27, 0xff, 0x57, 0x44, 0x27, 0xff,
    0x57, 0x44, 0x27, 0xff, 0x57, 0x44, 0x27, 0xff, 0x57, 0x44, 0x27, 0xff,
    0x57, 0x44, 0x27, 0xff, 0x57, 0x44, 0x27, 0xff, 0x57, 0x44, 0x27, 0xff,
    0x57, 0x44, 0x27, 0xff, 0x57, 0x44, 0x27, 0xff, 0x57, 0x44, 0x27, 0xff,
    0x57, 0x44, 0x27, 0xff, 0x57, 0x44, 0x27, 0xff, 0x57, 0x44, 0x27, 0xff,
    0x57, 0x44, 0x27, 0xff, 0x57, 0x44, 0x27, 0xff, 0x57, 0x44, 0x27, 0xff,
    0x57, 0x44, 0x27, 0xff, 0x57, 0x44, 0x27, 0xff, 0x57, 0x44, 0x27, 0xff,
    0x57, 0x44, 0x27, 0xff, 0x57, 0x44, 0x27, 0xff, 0x57, 0x44, 0x27, 0xff,
    0x57, 0x44, 0x27, 0xff, 0x57, 0x44, 0x27, 0xff, 0x57, 0x44, 0x27, 0xff,
    0x57, 0x44, 0x27, 0xff, 0x57, 0x44, 0x27, 0xff, 0x57, 0x44, 0x27, 0xff,
    0x57, 0x44, 0x27, 0xff, 0x57, 0x44, 0x27, 0xff, 0x57, 0x44, 0x27, 0xff,
    0x57, 0x44, 0x27, 0xff, 0x3f, 0x31, 0x1c, 0xff, 0x3f, 0x31, 0x1c, 0xff,
    0x41, 0x33, 0x1f, 0xff, 0x78, 0x69, 0x52, 0xff, 0x64, 0x53, 0x38, 0xff,
    0x59, 0x46, 0x29, 0xff, 0x57, 0x44, 0x27, 0xff, 0x57, 0x44, 0x27, 0xff,
    0x57, 0x44, 0x27, 0xff, 0x57, 0x44, 0x27, 0xff, 0x57, 0x44, 0x27, 0xff,
    0x57, 0x44, 0x27, 0xff, 0x57, 0x44, 0x27, 0xff, 0x57, 0x44, 0x27, 0xff,
    0x57, 0x44, 0x27, 0xff, 0x57, 0x44, 0x27, 0xff, 0x57, 0x44, 0x27, 0xff,
    0x57, 0x44, 0x27, 0xff, 0x57, 0x44, 0x27, 0xff, 0x57, 0x44, 0x27, 0xff,
    0x57, 0x44, 0x27, 0xff, 0x57, 0x44, 0x27, 0xff, 0x57, 0x44, 0x27, 0xff,
    0x57, 0x44, 0x27, 0xff, 0x57, 0x44, 0x27, 0xff, 0x57, 0x44, 0x27, 0xff,
    0x57, 0x44, 0x27, 0xff, 0x57, 0x44, 0x27, 0xff, 0x57, 0x44, 0x27, 0xff,
    0x57, 0x44, 0x27, 0xff, 0x57, 0x44, 0x27, 0xff, 0x57, 0x44, 0x27, 0xff,
    0x57, 0x44, 0x27, 0xff, 0x57, 0x44, 0x27, 0xff, 0x57, 0x44, 0x27, 0xff,
    0x57, 0x44, 0x27, 0xff, 0x57, 0x44, 0x27, 0xff, 0x57, 0x44, 0x27, 0xff,
    0x57, 0x44, 0x27, 0xff, 0x57, 0x44, 0x27, 0xff, 0x57, 0x44, 0x27, 0xff,
    0x57, 0x44, 0x27, 0xff, 0x57, 0x44, 0x27, 0xff, 0x57, 0x44, 0x27, 0xff,
    0x57, 0x44, 0x27, 0xff, 0x57, 0x44, 0x27, 0xff, 0x57, 0x44, 0x27, 0xff,
    0x57, 0x44, 0x27, 0xff, 0x57, 0x44, 0x27, 0xff, 0x57, 0x44, 0x27, 0xff,
    0x3f, 0x31, 0x1c, 0xff, 0x3f, 0x31, 0x1c, 0xff, 0x41, 0x33, 0x1f, 0xff,
    0x78, 0x69, 0x52, 0xff, 0x65, 0x53, 0x39, 0xff, 0x59, 0x46, 0x29, 0xff,
    0x57, 0x44, 0x27, 0xff, 0x57, 0x44, 0x27, 0xff, 0x57, 0x44, 0x27, 0xff,
    0x57, 0x44, 0x27, 0xff, 0x57, 0x44, 0x27, 0xff, 0x57, 0x44, 0x27, 0xff,
    0x57, 0x44, 0x27, 0xff, 0x57, 0x44, 0x27, 0xff, 0x57, 0x44, 0x27, 0xff,
    0x57, 0x44, 0x27, 0xff, 0x57, 0x44, 0x27, 0xff, 0x57, 0x44, 0x27, 0xff,
    0x57, 0x44, 0x27, 0xff, 0x57, 0x44, 0x27, 0xff, 0x57, 0x44, 0x27, 0xff,
    0x57, 0x44, 0x27, 0xff, 0x57, 0x44, 0x27, 0xff, 0x57, 0x44, 0x27, 0xff,
    0x57, 0x44, 0x27, 0xff, 0x57, 0x44, 0x27, 0xff, 0x57, 0x44, 0x27, 0xff,
    0x57, 0x44, 0x27, 0xff, 0x57, 0x44, 0x27, 0xff, 0x57, 0x44, 0x27, 0xff,
    0x57, 0x44, 0x27, 0xff, 0x57, 0x44, 0x27, 0xff, 0x57, 0x44, 0x27, 0xff,
    0x57, 0x44, 0x27, 0xff, 0x57, 0x44, 0x27, 0xff, 0x57, 0x44, 0x27, 0xff,
    0x57, 0x44, 0x27, 0xff, 0x57, 0x44, 0x27, 0xff, 0x57, 0x44, 0x27, 0xff,
    0x57, 0x44, 0x27, 0xff, 0x57, 0x44, 0x27, 0xff, 0x57, 0x44, 0x27, 0xff,
    0x57, 0x44, 0x27, 0xff, 0x57, 0x44, 0x27, 0xff, 0x57, 0x44, 0x27, 0xff,
    0x57, 0x44, 0x27, 0xff, 0x57, 0x44, 0x27, 0xff, 0x57, 0x44, 0x27, 0xff,
    0x57, 0x44, 0x27, 0xff, 0x57, 0x44, 0x27, 0xff, 0x3f, 0x31, 0x1c, 0xff,
    0x3f, 0x31, 0x1c, 0xff, 0x41, 0x33, 0x1f, 0xff, 0x78, 0x69, 0x52, 0xff,
    0x65, 0x53, 0x39, 0xff, 0x59, 0x46, 0x29, 0xff, 0x57, 0x44, 0x27, 0xff,
    0x57, 0x44, 0x27, 0xff, 0x57, 0x44, 0x27, 0xff, 0x57, 0x44, 0x27, 0xff,
    0x57, 0x44, 0x27, 0xff, 0x57, 0x44, 0x27, 0xff, 0x57, 0x44, 0x27, 0xff,
    0x57, 0x44, 0x27, 0xff, 0x57, 0x44, 0x27, 0xff, 0x57, 0x44, 0x27, 0xff,
    0x57, 0x44, 0x27, 0xff, 0x57, 0x44, 0x27, 0xff, 0x57, 0x44, 0x27, 0xff,
    0x57, 0x44, 0x27, 0xff, 0x57, 0x44, 0x27, 0xff, 0x57, 0x44, 0x27, 0xff,
    0x57, 0x44, 0x27, 0xff, 0x57, 0x44, 0x27, 0xff, 0x57, 0x44, 0x27, 0xff,
    0x57, 0x44, 0x27, 0xff, 0x57, 0x44, 0x27, 0xff, 0x57, 0x44, 0x27, 0xff,
    0x57, 0x44, 0x27, 0xff, 0x57, 0x44, 0x27, 0xff, 0x57, 0x44, 0x27, 0xff,
    0x57, 0x44, 0x27, 0xff, 0x57, 0x44, 0x27, 0xff, 0x57, 0x44, 0x27, 0xff,
    0x57, 0x44, 0x27, 0xff, 0x57, 0x44, 0x27, 0xff, 0x57, 0x44, 0x27, 0xff,
    0x57, 0x44, 0x27, 0xff, 0x57, 0x44, 0x27, 0xff, 0x57, 0x44, 0x27, 0xff,
    0x57, 0x44, 0x27, 0xff, 0x57, 0x44, 0x27, 0xff, 0x57, 0x44, 0x27, 0xff,
    0x57, 0x44, 0x27, 0xff, 0x57, 0x44, 0x27, 0xff, 0x57, 0x44, 0x27, 0xff,
    0x57, 0x44, 0x27, 0xff, 0x57, 0x44, 0x27, 0xff, 0x57, 0x44, 0x27, 0xff,
    0x57, 0x44, 0x27, 0xff, 0x3f, 0x31, 0x1c, 0xff, 0x3f, 0x31, 0x1c, 0xff,
    0x41, 0x33, 0x1f, 0xff, 0x78, 0x69, 0x52, 0xff, 0x64, 0x53, 0x39, 0xff,
    0x59, 0x46, 0x29, 0xff, 0x57, 0x44, 0x27, 0xff, 0x57, 0x44, 0x27, 0xff,
    0x57, 0x44, 0x27, 0xff, 0x57, 0x44, 0x27, 0xff, 0x57, 0x44, 0x27, 0xff,
    0x57, 0x44, 0x27, 0xff, 0x57, 0x44, 0x27, 0xff, 0x57, 0x44, 0x27, 0xff,
    0x57, 0x44, 0x27, 0xff, 0x57, 0x44, 0x27, 0xff, 0x57, 0x44, 0x27, 0xff,
    0x57, 0x44, 0x27, 0xff, 0x57, 0x44, 0x27, 0xff, 0x57, 0x44, 0x27, 0xff,
    0x57, 0x44, 0x27, 0xff, 0x57, 0x44, 0x27, 0xff, 0x57, 0x44, 0x27, 0xff,
    0x57, 0x44, 0x27, 0xff, 0x57, 0x44, 0x27, 0xff, 0x57, 0x44, 0x27, 0xff,
    0x57, 0x44, 0x27, 0xff, 0x57, 0x44, 0x27, 0xff, 0x57, 0x44, 0x27, 0xff,
    0x57, 0x44, 0x27, 0xff, 0x57, 0x44, 0x27, 0xff, 0x57, 0x44, 0x27, 0xff,
    0x57, 0x44, 0x27, 0xff, 0x57, 0x44, 0x27, 0xff, 0x57, 0x44, 0x27, 0xff,
    0x57, 0x44, 0x27, 0xff, 0x57, 0x44, 0x27, 0xff, 0x57, 0x44, 0x27, 0xff,
    0x57, 0x44, 0x27, 0xff, 0x57, 0x44, 0x27, 0xff, 0x57, 0x44, 0x27, 0xff,
    0x57, 0x44, 0x27, 0xff, 0x57, 0x44, 0x27, 0xff, 0x57, 0x44, 0x27, 0xff,
    0x57, 0x44, 0x27, 0xff, 0x57, 0x44, 0x27, 0xff, 0x57, 0x44, 0x27, 0xff,
    0x57, 0x44, 0x27, 0xff, 0x57, 0x44, 0x27, 0xff, 0x57, 0x44, 0x27, 0xff,
    0x3f, 0x31, 0x1c, 0xff, 0x3f, 0x31, 0x1c, 0xff, 0x41, 0x33, 0x1f, 0xff,
    0x78, 0x69, 0x52, 0xff, 0x65, 0x53, 0x39, 0xff, 0x59, 0x46, 0x29, 0xff,
    0x57, 0x44, 0x27, 0xff, 0x57, 0x44, 0x27, 0xff, 0x57, 0x44, 0x27, 0xff,
    0x57, 0x44, 0x27, 0xff, 0x57, 0x44, 0x27, 0xff, 0x57, 0x44, 0x27, 0xff,
    0x57, 0x44, 0x27, 0xff, 0x57, 0x44, 0x27, 0xff, 0x57, 0x44, 0x27, 0xff,
    0x57, 0x44, 0x27, 0xff, 0x57, 0x44, 0x27, 0xff, 0x57, 0x44, 0x27, 0xff,
    0x57, 0x44, 0x27, 0xff, 0x57, 0x44, 0x27, 0xff, 0x57, 0x44, 0x27, 0xff,
    0x57, 0x44, 0x27, 0xff, 0x57, 0x44, 0x27, 0xff, 0x57, 0x44, 0x27, 0xff,
    0x57, 0x44, 0x27, 0xff, 0x57, 0x44, 0x27, 0xff, 0x57, 0x44, 0x27, 0xff,
    0x57, 0x44, 0x27, 0xff, 0x57, 0x44, 0x27, 0xff, 0x57, 0x44, 0x27, 0xff,
    0x57, 0x44, 0x27, 0xff, 0x57, 0x44, 0x27, 0xff, 0x57, 0x44, 0x27, 0xff,
    0x57, 0x44, 0x27, 0xff, 0x57, 0x44, 0x27, 0xff, 0x57, 0x44, 0x27, 0xff,
    0x57, 0x44, 0x27, 0xff, 0x57, 0x44, 0x27, 0xff, 0x57, 0x44, 0x27, 0xff,
    0x57, 0x44, 0x27, 0xff, 0x57, 0x44, 0x27, 0xff, 0x57, 0x44, 0x27, 0xff,
    0x57, 0x44, 0x27, 0xff, 0x57, 0x44, 0x27, 0xff, 0x57, 0x44, 0x27, 0xff,
    0x57, 0x44, 0x27, 0xff, 0x57, 0x44, 0x27, 0xff, 0x57, 0x44, 0x27, 0xff,
    0x57, 0x44, 0x27, 0xff, 0x57, 0x44, 0x27, 0xff, 0x3f, 0x31, 0x1c, 0xff,
    0x3f, 0x31, 0x1c, 0xff, 0x41, 0x33, 0x1f, 0xff, 0x78, 0x69, 0x52, 0xff,
    0x65, 0x53, 0x39, 0xff, 0x59, 0x46, 0x29, 0xff, 0x57, 0x44, 0x27, 0xff,
    0x57, 0x44, 0x27, 0xff, 0x57, 0x44, 0x27, 0xff, 0x57, 0x44, 0x27, 0xff,
    0x57, 0x44, 0x27, 0xff, 0x57, 0x44, 0x27, 0xff, 0x57, 0x44, 0x27, 0xff,
    0x57, 0x44, 0x27, 0xff, 0x57, 0x44, 0x27, 0xff, 0x57, 0x44, 0x27, 0xff,
    0x57, 0x44, 0x27, 0xff, 0x57, 0x44, 0x27, 0xff, 0x57, 0x44, 0x27, 0xff,
    0x57, 0x44, 0x27, 0xff, 0x57, 0x44, 0x27, 0xff, 0x57, 0x44, 0x27, 0xff,
    0x57, 0x44, 0x27, 0xff, 0x57, 0x44, 0x27, 0xff, 0x57, 0x44, 0x27, 0xff,
    0x57, 0x44, 0x27, 0xff, 0x57, 0x44, 0x27, 0xff, 0x57, 0x44, 0x27, 0xff,
    0x57, 0x44, 0x27, 0xff, 0x57, 0x44, 0x27, 0xff, 0x57, 0x44, 0x27, 0xff,
    0x57, 0x44, 0x27, 0xff, 0x57, 0x44, 0x27, 0xff, 0x57, 0x44, 0x27, 0xff,
    0x57, 0x44, 0x27, 0xff, 0x57, 0x44, 0x27, 0xff, 0x57, 0x44, 0x27, 0xff,
    0x57, 0x44, 0x27, 0xff, 0x57, 0x44, 0x27, 0xff, 0x57, 0x44, 0x27, 0xff,
    0x57, 0x44, 0x27, 0xff, 0x57, 0x44, 0x27, 0xff, 0x57, 0x44, 0x27, 0xff,
    0x57, 0x44, 0x27, 0xff, 0x57, 0x44, 0x27, 0xff, 0x57, 0x44, 0x27, 0xff,
    0x57, 0x44, 0x27, 0xff, 0x57, 0x44, 0x27, 0xff, 0x57, 0x44, 0x27, 0xff,
    0x57, 0x44, 0x27, 0xff, 0x3f, 0x31, 0x1c, 0xff, 0x3f, 0x31, 0x1c, 0xff,
    0x41, 0x33, 0x1f, 0xff, 0x78, 0x69, 0x52, 0xff, 0x64, 0x53, 0x39, 0xff,
    0x59, 0x46, 0x29, 0xff, 0x57, 0x44, 0x27, 0xff, 0x57, 0x44, 0x27, 0xff,
    0x57, 0x44, 0x27, 0xff, 0x57, 0x44, 0x27, 0xff, 0x57, 0x44, 0x27, 0xff,
    0x57, 0x44, 0x27, 0xff, 0x57, 0x44, 0x27, 0xff, 0x57, 0x44, 0x27, 0xff,
    0x57, 0x44, 0x27, 0xff, 0x57, 0x44, 0x27, 0xff, 0x57, 0x44, 0x27, 0xff,
    0x57, 0x44, 0x27, 0xff, 0x57, 0x44, 0x27, 0xff, 0x57, 0x44, 0x27, 0xff,
    0x57, 0x44, 0x27, 0xff, 0x57, 0x44, 0x27, 0xff, 0x57, 0x44, 0x27, 0xff,
    0x57, 0x44, 0x27, 0xff, 0x57, 0x44, 0x27, 0xff, 0x57, 0x44, 0x27, 0xff,
    0x57, 0x44, 0x27, 0xff, 0x57, 0x44, 0x27, 0xff, 0x57, 0x44, 0x27, 0xff,
    0x57, 0x44, 0x27, 0xff, 0x57, 0x44, 0x27, 0xff, 0x57, 0x44, 0x27, 0xff,
    0x57, 0x44, 0x27, 0xff, 0x57, 0x44, 0x27, 0xff, 0x57, 0x44, 0x27, 0xff,
    0x57, 0x44, 0x27, 0xff, 0x57, 0x44, 0x27, 0xff, 0x57, 0x44, 0x27, 0xff,
    0x57, 0x44, 0x27, 0xff, 0x57, 0x44, 0x27, 0xff, 0x57, 0x44, 0x27, 0xff,
    0x57, 0x44, 0x27, 0xff, 0x57, 0x44, 0x27, 0xff, 0x57, 0x44, 0x27, 0xff,
    0x57, 0x44, 0x27, 0xff, 0x57, 0x44, 0x27, 0xff, 0x57, 0x44, 0x27, 0xff,
    0x57, 0x44, 0x27, 0xff, 0x57, 0x44, 0x27, 0xff, 0x57, 0x44, 0x27, 0xff,
    0x3f, 0x31, 0x1c, 0xff, 0x3f, 0x31, 0x1c, 0xff, 0x41, 0x33, 0x1f, 0xff,
    0x78, 0x69, 0x52, 0xff, 0x64, 0x53, 0x39, 0xff, 0x59, 0x46, 0x29, 0xff,
    0x57, 0x44, 0x27, 0xff, 0x57, 0x44, 0x27, 0xff, 0x57, 0x44, 0x27, 0xff,
    0x57, 0x44, 0x27, 0xff, 0x57, 0x44, 0x27, 0xff, 0x57, 0x44, 0x27, 0xff,
    0x57, 0x44, 0x27, 0xff, 0x57, 0x44, 0x27, 0xff, 0x57, 0x44, 0x27, 0xff,
    0x57, 0x44, 0x27, 0xff, 0x57, 0x44, 0x27, 0xff, 0x57, 0x44, 0x27, 0xff,
    0x57, 0x44, 0x27, 0xff, 0x57, 0x44, 0x27, 0xff, 0x57, 0x44, 0x27, 0xff,
    0x57, 0x44, 0x27, 0xff, 0x57, 0x44, 0x27, 0xff, 0x57, 0x44, 0x27, 0xff,
    0x57, 0x44, 0x27, 0xff, 0x57, 0x44, 0x27, 0xff, 0x57, 0x44, 0x27, 0xff,
    0x57, 0x44, 0x27, 0xff, 0x57, 0x44, 0x27, 0xff, 0x57, 0x44, 0x27, 0xff,
    0x57, 0x44, 0x27, 0xff, 0x57, 0x44, 0x27, 0xff, 0x57, 0x44, 0x27, 0xff,
    0x57, 0x44, 0x27, 0xff, 0x57, 0x44, 0x27, 0xff, 0x57, 0x44, 0x27, 0xff,
    0x57, 0x44, 0x27, 0xff, 0x57, 0x44, 0x27, 0xff, 0x57, 0x44, 0x27, 0xff,
    0x57, 0x44, 0x27, 0xff, 0x57, 0x44, 0x27, 0xff, 0x57, 0x44, 0x27, 0xff,
    0x57, 0x44, 0x27, 0xff, 0x57, 0x44, 0x27, 0xff, 0x57, 0x44, 0x27, 0xff,
    0x57, 0x44, 0x27, 0xff, 0x57, 0x44, 0x27, 0xff, 0x57, 0x44, 0x27, 0xff,
    0x57, 0x44, 0x27, 0xff, 0x57, 0x44, 0x27, 0xff, 0x3f, 0x31, 0x1c, 0xff,
    0x3f, 0x31, 0x1c, 0xff, 0x41, 0x33, 0x1f, 0xff, 0x78, 0x69, 0x52, 0xff,
    0x64, 0x53, 0x39, 0xff, 0x59, 0x46, 0x29, 0xff, 0x57, 0x44, 0x27, 0xff,
    0x57, 0x44, 0x27, 0xff, 0x57, 0x44, 0x27, 0xff, 0x57, 0x44, 0x27, 0xff,
    0x57, 0x44, 0x27, 0xff, 0x57, 0x44, 0x27, 0xff, 0x57, 0x44, 0x27, 0xff,
    0x57, 0x44, 0x27, 0xff, 0x57, 0x44, 0x27, 0xff, 0x57, 0x44, 0x27, 0xff,
    0x57, 0x44, 0x27, 0xff, 0x57, 0x44, 0x27, 0xff, 0x57, 0x44, 0x27, 0xff,
    0x57, 0x44, 0x27, 0xff, 0x57, 0x44, 0x27, 0xff, 0x57, 0x44, 0x27, 0xff,
    0x57, 0x44, 0x27, 0xff, 0x57, 0x44, 0x27, 0xff, 0x57, 0x44, 0x27, 0xff,
    0x57, 0x44, 0x27, 0xff, 0x57, 0x44, 0x27, 0xff, 0x57, 0x44, 0x27, 0xff,
    0x57, 0x44, 0x27, 0xff, 0x57, 0x44, 0x27, 0xff, 0x57, 0x44, 0x27, 0xff,
    0x57, 0x44, 0x27, 0xff, 0x57, 0x44, 0x27, 0xff, 0x57, 0x44, 0x27, 0xff,
    0x57, 0x44, 0x27, 0xff, 0x57, 0x44, 0x27, 0xff, 0x57, 0x44, 0x27, 0xff,
    0x57, 0x44, 0x27, 0xff, 0x57, 0x44, 0x27, 0xff, 0x57, 0x44, 0x27, 0xff,
    0x57, 0x44, 0x27, 0xff, 0x57, 0x44, 0x27, 0xff, 0x57, 0x44, 0x27, 0xff,
    0x57, 0x44, 0x27, 0xff, 0x57, 0x44, 0x27, 0xff, 0x57, 0x44, 0x27, 0xff,
    0x57, 0x44, 0x27, 0xff, 0x57, 0x44, 0x27, 0xff, 0x57, 0x44, 0x27, 0xff,
    0x57, 0x44, 0x27, 0xff, 0x3f, 0x31, 0x1c, 0xff, 0x3f, 0x31, 0x1c, 0xff,
    0x41, 0x33, 0x1f, 0xff, 0x78, 0x69, 0x52, 0xff, 0x64, 0x53, 0x39, 0xff,
    0x59, 0x46, 0x29, 0xff, 0x57, 0x44, 0x27, 0xff, 0x57, 0x44, 0x27, 0xff,
    0x57, 0x44, 0x27, 0xff, 0x57, 0x44, 0x27, 0xff, 0x57, 0x44, 0x27, 0xff,
    0x57, 0x44, 0x27, 0xff, 0x57, 0x44, 0x27, 0xff, 0x57, 0x44, 0x27, 0xff,
    0x57, 0x44, 0x27, 0xff, 0x57, 0x44, 0x27, 0xff, 0x57, 0x44, 0x27, 0xff,
    0x57, 0x44, 0x27, 0xff, 0x57, 0x44, 0x27, 0xff, 0x57, 0x44, 0x27, 0xff,
    0x57, 0x44, 0x27, 0xff, 0x57, 0x44, 0x27, 0xff, 0x57, 0x44, 0x27, 0xff,
    0x57, 0x44, 0x27, 0xff, 0x57, 0x44, 0x27, 0xff, 0x57, 0x44, 0x27, 0xff,
    0x57, 0x44, 0x27, 0xff, 0x57, 0x44, 0x27, 0xff, 0x57, 0x44, 0x27, 0xff,
    0x57, 0x44, 0x27, 0xff, 0x57, 0x44, 0x27, 0xff, 0x57, 0x44, 0x27, 0xff,
    0x57, 0x44, 0x27, 0xff, 0x57, 0x44, 0x27, 0xff, 0x57, 0x44, 0x27, 0xff,
    0x57, 0x44, 0x27, 0xff, 0x57, 0x44, 0x27, 0xff, 0x57, 0x44, 0x27, 0xff,
    0x57, 0x44, 0x27, 0xff, 0x57, 0x44, 0x27, 0xff, 0x57, 0x44, 0x27, 0xff,
    0x57, 0x44, 0x27, 0xff, 0x57, 0x44, 0x27, 0xff, 0x57, 0x44, 0x27, 0xff,
    0x57, 0x44, 0x27, 0xff, 0x57, 0x44, 0x27, 0xff, 0x57, 0x44, 0x27, 0xff,
    0x57, 0x44, 0x27, 0xff, 0x57, 0x44, 0x27, 0xff, 0x57, 0x44, 0x27, 0xff,
    0x3f, 0x31, 0x1c, 0xff, 0x3f, 0x31, 0x1c, 0xff, 0x41, 0x33, 0x1f, 0xff,
    0x78, 0x69, 0x52, 0xff, 0x65, 0x53, 0x39, 0xff, 0x59, 0x46, 0x29, 0xff,
    0x57, 0x44, 0x27, 0xff, 0x57, 0x44, 0x27, 0xff, 0x57, 0x44, 0x27, 0xff,
    0x57, 0x44, 0x27, 0xff, 0x57, 0x44, 0x27, 0xff, 0x57, 0x44, 0x27, 0xff,
    0x57, 0x44, 0x27, 0xff, 0x57, 0x44, 0x27, 0xff, 0x57, 0x44, 0x27, 0xff,
    0x57, 0x44, 0x27, 0xff, 0x57, 0x44, 0x27, 0xff, 0x57, 0x44, 0x27, 0xff,
    0x57, 0x44, 0x27, 0xff, 0x57, 0x44, 0x27, 0xff, 0x57, 0x44, 0x27, 0xff,
    0x57, 0x44, 0x27, 0xff, 0x57, 0x44, 0x27, 0xff, 0x57, 0x44, 0x27, 0xff,
    0x57, 0x44, 0x27, 0xff, 0x57, 0x44, 0x27, 0xff, 0x57, 0x44, 0x27, 0xff,
    0x57, 0x44, 0x27, 0xff, 0x57, 0x44, 0x27, 0xff, 0x57, 0x44, 0x27, 0xff,
    0x57, 0x44, 0x27, 0xff, 0x57, 0x44, 0x27, 0xff, 0x57, 0x44, 0x27, 0xff,
    0x57, 0x44, 0x27, 0xff, 0x57, 0x44, 0x27, 0xff, 0x57, 0x44, 0x27, 0xff,
    0x57, 0x44, 0x27, 0xff, 0x57, 0x44, 0x27, 0xff, 0x57, 0x44, 0x27, 0xff,
    0x57, 0x44, 0x27, 0xff, 0x57, 0x44, 0x27, 0xff, 0x57, 0x44, 0x27, 0xff,
    0x57, 0x44, 0x27, 0xff, 0x57, 0x44, 0x27, 0xff, 0x57, 0x44, 0x27, 0xff,
    0x57, 0x44, 0x27, 0xff, 0x57, 0x44, 0x27, 0xff, 0x57, 0x44, 0x27, 0xff,
    0x57, 0x44, 0x27, 0xff, 0x57, 0x44, 0x27, 0xff, 0x3f, 0x31, 0x1c, 0xff,
    0x3f, 0x31, 0x1c, 0xff, 0x41, 0x33, 0x1f, 0xff, 0x78, 0x69, 0x52, 0xff,
    0x65, 0x53, 0x39, 0xff, 0x59, 0x46, 0x29, 0xff, 0x57, 0x44, 0x27, 0xff,
    0x57, 0x44, 0x27, 0xff, 0x57, 0x44, 0x27, 0xff, 0x57, 0x44, 0x27, 0xff,
    0x57, 0x44, 0x27, 0xff, 0x57, 0x44, 0x27, 0xff, 0x57, 0x44, 0x27, 0xff,
    0x57, 0x44, 0x27, 0xff, 0x57, 0x44, 0x27, 0xff, 0x57, 0x44, 0x27, 0xff,
    0x57, 0x44, 0x27, 0xff, 0x57, 0x44, 0x27, 0xff, 0x57, 0x44, 0x27, 0xff,
    0x57, 0x44, 0x27, 0xff, 0x57, 0x44, 0x27, 0xff, 0x57, 0x44, 0x27, 0xff,
    0x57, 0x44, 0x27, 0xff, 0x57, 0x44, 0x27, 0xff, 0x57, 0x44, 0x27, 0xff,
    0x57, 0x44, 0x27, 0xff, 0x57, 0x44, 0x27, 0xff, 0x57, 0x44, 0x27, 0xff,
    0x57, 0x44, 0x27, 0xff, 0x57, 0x44, 0x27, 0xff, 0x57, 0x44, 0x27, 0xff,
    0x57, 0x44, 0x27, 0xff, 0x57, 0x44, 0x27, 0xff, 0x57, 0x44, 0x27, 0xff,
    0x57, 0x44, 0x27, 0xff, 0x57, 0x44, 0x27, 0xff, 0x57, 0x44, 0x27, 0xff,
    0x57, 0x44, 0x27, 0xff, 0x57, 0x44, 0x27, 0xff, 0x57, 0x44, 0x27, 0xff,
    0x57, 0x44, 0x27, 0xff, 0x57, 0x44, 0x27, 0xff, 0x57, 0x44, 0x27, 0xff,
    0x57, 0x44, 0x27, 0xff, 0x57, 0x44, 0x27, 0xff, 0x57, 0x44, 0x27, 0xff,
    0x57, 0x44, 0x27, 0xff, 0x57, 0x44, 0x27, 0xff, 0x57, 0x44, 0x27, 0xff,
    0x57, 0x44, 0x27, 0xff, 0x3f, 0x31, 0x1c, 0xff, 0x3f, 0x31, 0x1c, 0xff,
    0x41, 0x33, 0x1f, 0xff, 0x78, 0x69, 0x52, 0xff, 0x65, 0x53, 0x39, 0xff,
    0x59, 0x46, 0x29, 0xff, 0x57, 0x44, 0x27, 0xff, 0x57, 0x44, 0x27, 0xff,
    0x57, 0x44, 0x27, 0xff, 0x57, 0x44, 0x27, 0xff, 0x57, 0x44, 0x27, 0xff,
    0x57, 0x44, 0x27, 0xff, 0x57, 0x44, 0x27, 0xff, 0x57, 0x44, 0x27, 0xff,
    0x57, 0x44, 0x27, 0xff, 0x57, 0x44, 0x27, 0xff, 0x57, 0x44, 0x27, 0xff,
    0x57, 0x44, 0x27, 0xff, 0x57, 0x44, 0x27, 0xff, 0x57, 0x44, 0x27, 0xff,
    0x57, 0x44, 0x27, 0xff, 0x57, 0x44, 0x27, 0xff, 0x57, 0x44, 0x27, 0xff,
    0x57, 0x44, 0x27, 0xff, 0x57, 0x44, 0x27, 0xff, 0x57, 0x44, 0x27, 0xff,
    0x57, 0x44, 0x27, 0xff, 0x57, 0x44, 0x27, 0xff, 0x57, 0x44, 0x27, 0xff,
    0x57, 0x44, 0x27, 0xff, 0x57, 0x44, 0x27, 0xff, 0x57, 0x44, 0x27, 0xff,
    0x57, 0x44, 0x27, 0xff, 0x57, 0x44, 0x27, 0xff, 0x57, 0x44, 0x27, 0xff,
    0x57, 0x44, 0x27, 0xff, 0x57, 0x44, 0x27, 0xff, 0x57, 0x44, 0x27, 0xff,
    0x57, 0x44, 0x27, 0xff, 0x57, 0x44, 0x27, 0xff, 0x57, 0x44, 0x27, 0xff,
    0x57, 0x44, 0x27, 0xff, 0x57, 0x44, 0x27, 0xff, 0x57, 0x44, 0x27, 0xff,
    0x57, 0x44, 0x27, 0xff, 0x57, 0x44, 0x27, 0xff, 0x57, 0x44, 0x27, 0xff,
    0x57, 0x44, 0x27, 0xff, 0x57, 0x44, 0x27, 0xff, 0x57, 0x44, 0x27, 0xff,
    0x3f, 0x31, 0x1c, 0xff, 0x3f, 0x31, 0x1c, 0xff, 0x41, 0x33, 0x1f, 0xff,
    0x78, 0x69, 0x52, 0xff, 0x64, 0x53, 0x39, 0xff, 0x59, 0x46, 0x29, 0xff,
    0x57, 0x44, 0x27, 0xff, 0x57, 0x44, 0x27, 0xff, 0x57, 0x44, 0x27, 0xff,
    0x57, 0x44, 0x27, 0xff, 0x57, 0x44, 0x27, 0xff, 0x57, 0x44, 0x27, 0xff,
    0x57, 0x44, 0x27, 0xff, 0x57, 0x44, 0x27, 0xff, 0x57, 0x44, 0x27, 0xff,
    0x57, 0x44, 0x27, 0xff, 0x57, 0x44, 0x27, 0xff, 0x57, 0x44, 0x27, 0xff,
    0x57, 0x44, 0x27, 0xff, 0x57, 0x44, 0x27, 0xff, 0x57, 0x44, 0x27, 0xff,
    0x57, 0x44, 0x27, 0xff, 0x57, 0x44, 0x27, 0xff, 0x57, 0x44, 0x27, 0xff,
    0x57, 0x44, 0x27, 0xff, 0x57, 0x44, 0x27, 0xff, 0x57, 0x44, 0x27, 0xff,
    0x57, 0x44, 0x27, 0xff, 0x57, 0x44, 0x27, 0xff, 0x57, 0x44, 0x27, 0xff,
    0x57, 0x44, 0x27, 0xff, 0x57, 0x44, 0x27, 0xff, 0x57, 0x44, 0x27, 0xff,
    0x57, 0x44, 0x27, 0xff, 0x57, 0x44, 0x27, 0xff, 0x57, 0x44, 0x27, 0xff,
    0x57, 0x44, 0x27, 0xff, 0x57, 0x44, 0x27, 0xff, 0x57, 0x44, 0x27, 0xff,
    0x57, 0x44, 0x27, 0xff, 0x57, 0x44, 0x27, 0xff, 0x57, 0x44, 0x27, 0xff,
    0x57, 0x44, 0x27, 0xff, 0x57, 0x44, 0x27, 0xff, 0x57, 0x44, 0x27, 0xff,
    0x57, 0x44, 0x27, 0xff, 0x57, 0x44, 0x27, 0xff, 0x57, 0x44, 0x27, 0xff,
    0x57, 0x44, 0x27, 0xff, 0x57, 0x44, 0x27, 0xff, 0x3f, 0x31, 0x1c, 0xff,
    0x3f, 0x31, 0x1c, 0xff, 0x41, 0x33, 0x1f, 0xff, 0x78, 0x69, 0x52, 0xff,
    0x65, 0x53, 0x39, 0xff, 0x59, 0x46, 0x29, 0xff, 0x57, 0x44, 0x27, 0xff,
    0x57, 0x44, 0x27, 0xff, 0x57, 0x44, 0x27, 0xff, 0x57, 0x44, 0x27, 0xff,
    0x57, 0x44, 0x27, 0xff, 0x57, 0x44, 0x27, 0xff, 0x57, 0x44, 0x27, 0xff,
    0x57, 0x44, 0x27, 0xff, 0x57, 0x44, 0x27, 0xff, 0x57, 0x44, 0x27, 0xff,
    0x57, 0x44, 0x27, 0xff, 0x57, 0x44, 0x27, 0xff, 0x57, 0x44, 0x27, 0xff,
    0x57, 0x44, 0x27, 0xff, 0x57, 0x44, 0x27, 0xff, 0x57, 0x44, 0x27, 0xff,
    0x57, 0x44, 0x27, 0xff, 0x57, 0x44, 0x27, 0xff, 0x57, 0x44, 0x27, 0xff,
    0x57, 0x44, 0x27, 0xff, 0x57, 0x44, 0x27, 0xff, 0x57, 0x44, 0x27, 0xff,
    0x57, 0x44, 0x27, 0xff, 0x57, 0x44, 0x27, 0xff, 0x57, 0x44, 0x27, 0xff,
    0x57, 0x44, 0x27, 0xff, 0x57, 0x44, 0x27, 0xff, 0x57, 0x44, 0x27, 0xff,
    0x57, 0x44, 0x27, 0xff, 0x57, 0x44, 0x27, 0xff, 0x57, 0x44, 0x27, 0xff,
    0x57, 0x44, 0x27, 0xff, 0x57, 0x44, 0x27, 0xff, 0x57, 0x44, 0x27, 0xff,
    0x57, 0x44, 0x27, 0xff, 0x57, 0x44, 0x27, 0xff, 0x57, 0x44, 0x27, 0xff,
    0x57, 0x44, 0x27, 0xff, 0x57, 0x44, 0x27, 0xff, 0x57, 0x44, 0x27, 0xff,
    0x57, 0x44, 0x27, 0xff, 0x57, 0x44, 0x27, 0xff, 0x57, 0x44, 0x27, 0xff,
    0x57, 0x44, 0x27, 0xff, 0x3f, 0x31, 0x1c, 0xff, 0x3f, 0x31, 0x1c, 0xff,
    0x41, 0x33, 0x1f, 0xff, 0x78, 0x69, 0x52, 0xff, 0x65, 0x53, 0x39, 0xff,
    0x59, 0x46, 0x29, 0xff, 0x57, 0x44, 0x27, 0xff, 0x57, 0x44, 0x27, 0xff,
    0x57, 0x44, 0x27, 0xff, 0x57, 0x44, 0x27, 0xff, 0x57, 0x44, 0x27, 0xff,
    0x57, 0x44, 0x27, 0xff, 0x57, 0x44, 0x27, 0xff, 0x57, 0x44, 0x27, 0xff,
    0x57, 0x44, 0x27, 0xff, 0x57, 0x44, 0x27, 0xff, 0x57, 0x44, 0x27, 0xff,
    0x57, 0x44, 0x27, 0xff, 0x57, 0x44, 0x27, 0xff, 0x57, 0x44, 0x27, 0xff,
    0x57, 0x44, 0x27, 0xff, 0x57, 0x44, 0x27, 0xff, 0x57, 0x44, 0x27, 0xff,
    0x57, 0x44, 0x27, 0xff, 0x57, 0x44, 0x27, 0xff, 0x57, 0x44, 0x27, 0xff,
    0x57, 0x44, 0x27, 0xff, 0x57, 0x44, 0x27, 0xff, 0x57, 0x44, 0x27, 0xff,
    0x57, 0x44, 0x27, 0xff, 0x57, 0x44, 0x27, 0xff, 0x57, 0x44, 0x27, 0xff,
    0x57, 0x44, 0x27, 0xff, 0x57, 0x44, 0x27, 0xff, 0x57, 0x44, 0x27, 0xff,
    0x57, 0x44, 0x27, 0xff, 0x57, 0x44, 0x27, 0xff, 0x57, 0x44, 0x27, 0xff,
    0x57, 0x44, 0x27, 0xff, 0x57, 0x44, 0x27, 0xff, 0x57, 0x44, 0x27, 0xff,
    0x57, 0x44, 0x27, 0xff, 0x57, 0x44, 0x27, 0xff, 0x57, 0x44, 0x27, 0xff,
    0x57, 0x44, 0x27, 0xff, 0x57, 0x44, 0x27, 0xff, 0x57, 0x44, 0x27, 0xff,
    0x57, 0x44, 0x27, 0xff, 0x57, 0x44, 0x27, 0xff, 0x57, 0x44, 0x27, 0xff,
    0x3f, 0x31, 0x1c, 0xff, 0x3f, 0x31, 0x1c, 0xff, 0x41, 0x33, 0x1f, 0xff,
    0x78, 0x69, 0x52, 0xff, 0x65, 0x53, 0x39, 0xff, 0x59, 0x46, 0x29, 0xff,
    0x57, 0x44, 0x27, 0xff, 0x57, 0x44, 0x27, 0xff, 0x57, 0x44, 0x27, 0xff,
    0x57, 0x44, 0x27, 0xff, 0x57, 0x44, 0x27, 0xff, 0x57, 0x44, 0x27, 0xff,
    0x57, 0x44, 0x27, 0xff, 0x57, 0x44, 0x27, 0xff, 0x57, 0x44, 0x27, 0xff,
    0x57, 0x44, 0x27, 0xff, 0x57, 0x44, 0x27, 0xff, 0x57, 0x44, 0x27, 0xff,
    0x57, 0x44, 0x27, 0xff, 0x57, 0x44, 0x27, 0xff, 0x57, 0x44, 0x27, 0xff,
    0x57, 0x44, 0x27, 0xff, 0x57, 0x44, 0x27, 0xff, 0x57, 0x44, 0x27, 0xff,
    0x57, 0x44, 0x27, 0xff, 0x57, 0x44, 0x27, 0xff, 0x57, 0x44, 0x27, 0xff,
    0x57, 0x44, 0x27, 0xff, 0x57, 0x44, 0x27, 0xff, 0x57, 0x44, 0x27, 0xff,
    0x57, 0x44, 0x27, 0xff, 0x57, 0x44, 0x27, 0xff, 0x57, 0x44, 0x27, 0xff,
    0x57, 0x44, 0x27, 0xff, 0x57, 0x44, 0x27, 0xff, 0x57, 0x44, 0x27, 0xff,
    0x57, 0x44, 0x27, 0xff, 0x57, 0x44, 0x27, 0xff, 0x57, 0x44, 0x27, 0xff,
    0x57, 0x44, 0x27, 0xff, 0x57, 0x44, 0x27, 0xff, 0x57, 0x44, 0x27, 0xff,
    0x57, 0x44, 0x27, 0xff, 0x57, 0x44, 0x27, 0xff, 0x57, 0x44, 0x27, 0xff,
    0x57, 0x44, 0x27, 0xff, 0x57, 0x44, 0x27, 0xff, 0x57, 0x44, 0x27, 0xff,
    0x57, 0x44, 0x27, 0xff, 0x57, 0x44, 0x27, 0xff, 0x3f, 0x31, 0x1c, 0xff,
    0x3f, 0x31, 0x1c, 0xff, 0x41, 0x33, 0x1f, 0xff, 0x78, 0x69, 0x52, 0xff,
    0x64, 0x53, 0x39, 0xff, 0x59, 0x46, 0x29, 0xff, 0x57, 0x44, 0x27, 0xff,
    0x57, 0x44, 0x27, 0xff, 0x57, 0x44, 0x27, 0xff, 0x57, 0x44, 0x27, 0xff,
    0x57, 0x44, 0x27, 0xff, 0x57, 0x44, 0x27, 0xff, 0x57, 0x44, 0x27, 0xff,
    0x57, 0x44, 0x27, 0xff, 0x57, 0x44, 0x27, 0xff, 0x57, 0x44, 0x27, 0xff,
    0x57, 0x44, 0x27, 0xff, 0x57, 0x44, 0x27, 0xff, 0x57, 0x44, 0x27, 0xff,
    0x57, 0x44, 0x27, 0xff, 0x57, 0x44, 0x27, 0xff, 0x57, 0x44, 0x27, 0xff,
    0x57, 0x44, 0x27, 0xff, 0x57, 0x44, 0x27, 0xff, 0x57, 0x44, 0x27, 0xff,
    0x57, 0x44, 0x27, 0xff, 0x57, 0x44, 0x27, 0xff, 0x57, 0x44, 0x27, 0xff,
    0x57, 0x44, 0x27, 0xff, 0x57, 0x44, 0x27, 0xff, 0x57, 0x44, 0x27, 0xff,
    0x57, 0x44, 0x27, 0xff, 0x57, 0x44, 0x27, 0xff, 0x57, 0x44, 0x27, 0xff,
    0x57, 0x44, 0x27, 0xff, 0x57, 0x44, 0x27, 0xff, 0x57, 0x44, 0x27, 0xff,
    0x57, 0x44, 0x27, 0xff, 0x57, 0x44, 0x27, 0xff, 0x57, 0x44, 0x27, 0xff,
    0x57, 0x44, 0x27, 0xff, 0x57, 0x44, 0x27, 0xff, 0x57, 0x44, 0x27, 0xff,
    0x57, 0x44, 0x27, 0xff, 0x57, 0x44, 0x27, 0xff, 0x57, 0x44, 0x27, 0xff,
    0x57, 0x44, 0x27, 0xff, 0x57, 0x44, 0x27, 0xff, 0x57, 0x44, 0x27, 0xff,
    0x57, 0x44, 0x27, 0xff, 0x3f, 0x31, 0x1c, 0xff, 0x3f, 0x31, 0x1c, 0xff,
    0x41, 0x33, 0x1f, 0xff, 0x78, 0x69, 0x52, 0xff, 0x65, 0x53, 0x39, 0xff,
    0x59, 0x46, 0x29, 0xff, 0x57, 0x44, 0x27, 0xff, 0x57, 0x44, 0x27, 0xff,
    0x57, 0x44, 0x27, 0xff, 0x57, 0x44, 0x27, 0xff, 0x57, 0x44, 0x27, 0xff,
    0x57, 0x44, 0x27, 0xff, 0x57, 0x44, 0x27, 0xff, 0x57, 0x44, 0x27, 0xff,
    0x57, 0x44, 0x27, 0xff, 0x57, 0x44, 0x27, 0xff, 0x57, 0x44, 0x27, 0xff,
    0x57, 0x44, 0x27, 0xff, 0x57, 0x44, 0x27, 0xff, 0x57, 0x44, 0x27, 0xff,
    0x57, 0x44, 0x27, 0xff, 0x57, 0x44, 0x27, 0xff, 0x57, 0x44, 0x27, 0xff,
    0x57, 0x44, 0x27, 0xff, 0x57, 0x44, 0x27, 0xff, 0x57, 0x44, 0x27, 0xff,
    0x57, 0x44, 0x27, 0xff, 0x57, 0x44, 0x27, 0xff, 0x57, 0x44, 0x27, 0xff,
    0x57, 0x44, 0x27, 0xff, 0x57, 0x44, 0x27, 0xff, 0x57, 0x44, 0x27, 0xff,
    0x57, 0x44, 0x27, 0xff, 0x57, 0x44, 0x27, 0xff, 0x57, 0x44, 0x27, 0xff,
    0x57, 0x44, 0x27, 0xff, 0x57, 0x44, 0x27, 0xff, 0x57, 0x44, 0x27, 0xff,
    0x57, 0x44, 0x27, 0xff, 0x57, 0x44, 0x27, 0xff, 0x57, 0x44, 0x27, 0xff,
    0x57, 0x44, 0x27, 0xff, 0x57, 0x44, 0x27, 0xff, 0x57, 0x44, 0x27, 0xff,
    0x57, 0x44, 0x27, 0xff, 0x57, 0x44, 0x27, 0xff, 0x57, 0x44, 0x27, 0xff,
    0x57, 0x44, 0x27, 0xff, 0x57, 0x44, 0x27, 0xff, 0x57, 0x44, 0x27, 0xff,
    0x3f, 0x31, 0x1c, 0xff, 0x3f, 0x31, 0x1c, 0xff, 0x41, 0x33, 0x1f, 0xff,
    0x78, 0x69, 0x52, 0xff, 0x65, 0x53, 0x39, 0xff, 0x59, 0x46, 0x29, 0xff,
    0x57, 0x44, 0x27, 0xff, 0x57, 0x44, 0x27, 0xff, 0x57, 0x44, 0x27, 0xff,
    0x57, 0x44, 0x27, 0xff, 0x57, 0x44, 0x27, 0xff, 0x57, 0x44, 0x27, 0xff,
    0x57, 0x44, 0x27, 0xff, 0x57, 0x44, 0x27, 0xff, 0x57, 0x44, 0x27, 0xff,
    0x57, 0x44, 0x27, 0xff, 0x57, 0x44, 0x27, 0xff, 0x57, 0x44, 0x27, 0xff,
    0x57, 0x44, 0x27, 0xff, 0x57, 0x44, 0x27, 0xff, 0x57, 0x44, 0x27, 0xff,
    0x57, 0x44, 0x27, 0xff, 0x57, 0x44, 0x27, 0xff, 0x57, 0x44, 0x27, 0xff,
    0x57, 0x44, 0x27, 0xff, 0x57, 0x44, 0x27, 0xff, 0x57, 0x44, 0x27, 0xff,
    0x57, 0x44, 0x27, 0xff, 0x57, 0x44, 0x27, 0xff, 0x57, 0x44, 0x27, 0xff,
    0x57, 0x44, 0x27, 0xff, 0x57, 0x44, 0x27, 0xff, 0x57, 0x44, 0x27, 0xff,
    0x57, 0x44, 0x27, 0xff, 0x57, 0x44, 0x27, 0xff, 0x57, 0x44, 0x27, 0xff,
    0x57, 0x44, 0x27, 0xff, 0x57, 0x44, 0x27, 0xff, 0x57, 0x44, 0x27, 0xff,
    0x57, 0x44, 0x27, 0xff, 0x57, 0x44, 0x27, 0xff, 0x57, 0x44, 0x27, 0xff,
    0x57, 0x44, 0x27, 0xff, 0x57, 0x44, 0x27, 0xff, 0x57, 0x44, 0x27, 0xff,
    0x57, 0x44, 0x27, 0xff, 0x57, 0x44, 0x27, 0xff, 0x57, 0x44, 0x27, 0xff,
    0x57, 0x44, 0x27, 0xff, 0x57, 0x44, 0x27, 0xff, 0x3f, 0x31, 0x1c, 0xff,
    0x3f, 0x31, 0x1c, 0xff, 0x41, 0x33, 0x1f, 0xff, 0x78, 0x69, 0x52, 0xff,
    0x64, 0x53, 0x39, 0xff, 0x59, 0x46, 0x29, 0xff, 0x57, 0x44, 0x27, 0xff,
    0x57, 0x44, 0x27, 0xff, 0x57, 0x44, 0x27, 0xff, 0x57, 0x44, 0x27, 0xff,
    0x57, 0x44, 0x27, 0xff, 0x57, 0x44, 0x27, 0xff, 0x57, 0x44, 0x27, 0xff,
    0x57, 0x44, 0x27, 0xff, 0x57, 0x44, 0x27, 0xff, 0x57, 0x44, 0x27, 0xff,
    0x57, 0x44, 0x27, 0xff, 0x57, 0x44, 0x27, 0xff, 0x57, 0x44, 0x27, 0xff,
    0x57, 0x44, 0x27, 0xff, 0x57, 0x44, 0x27, 0xff, 0x57, 0x44, 0x27, 0xff,
    0x57, 0x44, 0x27, 0xff, 0x57, 0x44, 0x27, 0xff, 0x57, 0x44, 0x27, 0xff,
    0x57, 0x44, 0x27, 0xff, 0x57, 0x44, 0x27, 0xff, 0x57, 0x44, 0x27, 0xff,
    0x57, 0x44, 0x27, 0xff, 0x57, 0x44, 0x27, 0xff, 0x57, 0x44, 0x27, 0xff,
    0x57, 0x44, 0x27, 0xff, 0x57, 0x44, 0x27, 0xff, 0x57, 0x44, 0x27, 0xff,
    0x57, 0x44, 0x27, 0xff, 0x57, 0x44, 0x27, 0xff, 0x57, 0x44, 0x27, 0xff,
    0x57, 0x44, 0x27, 0xff, 0x57, 0x44, 0x27, 0xff, 0x57, 0x44, 0x27, 0xff,
    0x57, 0x44, 0x27, 0xff, 0x57, 0x44, 0x27, 0xff, 0x57, 0x44, 0x27, 0xff,
    0x57, 0x44, 0x27, 0xff, 0x57, 0x44, 0x27, 0xff, 0x57, 0x44, 0x27, 0xff,
    0x57, 0x44, 0x27, 0xff, 0x57, 0x44, 0x27, 0xff, 0x57, 0x44, 0x27, 0xff,
    0x57, 0x44, 0x27, 0xff, 0x3f, 0x31, 0x1c, 0xff, 0x3f, 0x31, 0x1c, 0xff,
    0x41, 0x33, 0x1f, 0xff, 0x78, 0x69, 0x52, 0xff, 0x64, 0x53, 0x39, 0xff,
    0x59, 0x46, 0x29, 0xff, 0x57, 0x44, 0x27, 0xff, 0x57, 0x44, 0x27, 0xff,
    0x57, 0x44, 0x27, 0xff, 0x57, 0x44, 0x27, 0xff, 0x57, 0x44, 0x27, 0xff,
    0x57, 0x44, 0x27, 0xff, 0x57, 0x44, 0x27, 0xff, 0x57, 0x44, 0x27, 0xff,
    0x57, 0x44, 0x27, 0xff, 0x57, 0x44, 0x27, 0xff, 0x57, 0x44, 0x27, 0xff,
    0x57, 0x44, 0x27, 0xff, 0x57, 0x44, 0x27, 0xff, 0x57, 0x44, 0x27, 0xff,
    0x57, 0x44, 0x27, 0xff, 0x57, 0x44, 0x27, 0xff, 0x57, 0x44, 0x27, 0xff,
    0x57, 0x44, 0x27, 0xff, 0x57, 0x44, 0x27, 0xff, 0x57, 0x44, 0x27, 0xff,
    0x57, 0x44, 0x27, 0xff, 0x57, 0x44, 0x27, 0xff, 0x57, 0x44, 0x27, 0xff,
    0x57, 0x44, 0x27, 0xff, 0x57, 0x44, 0x27, 0xff, 0x57, 0x44, 0x27, 0xff,
    0x57, 0x44, 0x27, 0xff, 0x57, 0x44, 0x27, 0xff, 0x57, 0x44, 0x27, 0xff,
    0x57, 0x44, 0x27, 0xff, 0x57, 0x44, 0x27, 0xff, 0x57, 0x44, 0x27, 0xff,
    0x57, 0x44, 0x27, 0xff, 0x57, 0x44, 0x27, 0xff, 0x57, 0x44, 0x27, 0xff,
    0x57, 0x44, 0x27, 0xff, 0x57, 0x44, 0x27, 0xff, 0x57, 0x44, 0x27, 0xff,
    0x57, 0x44, 0x27, 0xff, 0x57, 0x44, 0x27, 0xff, 0x57, 0x44, 0x27, 0xff,
    0x57, 0x44, 0x27, 0xff, 0x57, 0x44, 0x27, 0xff, 0x57, 0x44, 0x27, 0xff,
    0x3f, 0x31, 0x1c, 0xff, 0x3f, 0x31, 0x1c, 0xff, 0x41, 0x33, 0x1f, 0xff,
    0x78, 0x69, 0x52, 0xff, 0x64, 0x53, 0x39, 0xff, 0x59, 0x46, 0x29, 0xff,
    0x57, 0x44, 0x27, 0xff, 0x57, 0x44, 0x27, 0xff, 0x57, 0x44, 0x27, 0xff,
    0x57, 0x44, 0x27, 0xff, 0x57, 0x44, 0x27, 0xff, 0x57, 0x44, 0x27, 0xff,
    0x57, 0x44, 0x27, 0xff, 0x57, 0x44, 0x27, 0xff, 0x57, 0x44, 0x27, 0xff,
    0x57, 0x44, 0x27, 0xff, 0x57, 0x44, 0x27, 0xff, 0x57, 0x44, 0x27, 0xff,
    0x57, 0x44, 0x27, 0xff, 0x57, 0x44, 0x27, 0xff, 0x57, 0x44, 0x27, 0xff,
    0x57, 0x44, 0x27, 0xff, 0x57, 0x44, 0x27, 0xff, 0x57, 0x44, 0x27, 0xff,
    0x57, 0x44, 0x27, 0xff, 0x57, 0x44, 0x27, 0xff, 0x57, 0x44, 0x27, 0xff,
    0x57, 0x44, 0x27, 0xff, 0x57, 0x44, 0x27, 0xff, 0x57, 0x44, 0x27, 0xff,
    0x57, 0x44, 0x27, 0xff, 0x57, 0x44, 0x27, 0xff, 0x57, 0x44, 0x27, 0xff,
    0x57, 0x44, 0x27, 0xff, 0x57, 0x44, 0x27, 0xff, 0x57, 0x44, 0x27, 0xff,
    0x57, 0x44, 0x27, 0xff, 0x57, 0x44, 0x27, 0xff, 0x57, 0x44, 0x27, 0xff,
    0x57, 0x44, 0x27, 0xff, 0x57, 0x44, 0x27, 0xff, 0x57, 0x44, 0x27, 0xff,
    0x57, 0x44, 0x27, 0xff, 0x57, 0x44, 0x27, 0xff, 0x57, 0x44, 0x27, 0xff,
    0x57, 0x44, 0x27, 0xff, 0x57, 0x44, 0x27, 0xff, 0x57, 0x44, 0x27, 0xff,
    0x57, 0x44, 0x27, 0xff, 0x57, 0x44, 0x27, 0xff, 0x3f, 0x31, 0x1c, 0xff,
    0x3f, 0x31, 0x1c, 0xff, 0x41, 0x33, 0x1f, 0xff, 0x78, 0x69, 0x52, 0xff,
    0x65, 0x53, 0x39, 0xff, 0x59, 0x46, 0x29, 0xff, 0x57, 0x44, 0x27, 0xff,
    0x57, 0x44, 0x27, 0xff, 0x57, 0x44, 0x27, 0xff, 0x57, 0x44, 0x27, 0xff,
    0x57, 0x44, 0x27, 0xff, 0x57, 0x44, 0x27, 0xff, 0x57, 0x44, 0x27, 0xff,
    0x57, 0x44, 0x27, 0xff, 0x57, 0x44, 0x27, 0xff, 0x57, 0x44, 0x27, 0xff,
    0x57, 0x44, 0x27, 0xff, 0x57, 0x44, 0x27, 0xff, 0x57, 0x44, 0x27, 0xff,
    0x57, 0x44, 0x27, 0xff, 0x57, 0x44, 0x27, 0xff, 0x57, 0x44, 0x27, 0xff,
    0x57, 0x44, 0x27, 0xff, 0x57, 0x44, 0x27, 0xff, 0x57, 0x44, 0x27, 0xff,
    0x57, 0x44, 0x27, 0xff, 0x57, 0x44, 0x27, 0xff, 0x57, 0x44, 0x27, 0xff,
    0x57, 0x44, 0x27, 0xff, 0x57, 0x44, 0x27, 0xff, 0x57, 0x44, 0x27, 0xff,
    0x57, 0x44, 0x27, 0xff, 0x57, 0x44, 0x27, 0xff, 0x57, 0x44, 0x27, 0xff,
    0x57, 0x44, 0x27, 0xff, 0x57, 0x44, 0x27, 0xff, 0x57, 0x44, 0x27, 0xff,
    0x57, 0x44, 0x27, 0xff, 0x57, 0x44, 0x27, 0xff, 0x57, 0x44, 0x27, 0xff,
    0x57, 0x44, 0x27, 0xff, 0x57, 0x44, 0x27, 0xff, 0x57, 0x44, 0x27, 0xff,
    0x57, 0x44, 0x27, 0xff, 0x57, 0x44, 0x27, 0xff, 0x57, 0x44, 0x27, 0xff,
    0x57, 0x44, 0x27, 0xff, 0x57, 0x44, 0x27, 0xff, 0x57, 0x44, 0x27, 0xff,
    0x57, 0x44, 0x27, 0xff, 0x3f, 0x31, 0x1c, 0xff, 0x3f, 0x31, 0x1c, 0xff,
    0x41, 0x33, 0x1f, 0xff, 0x78, 0x69, 0x52, 0xff, 0x64, 0x53, 0x39, 0xff,
    0x59, 0x46, 0x29, 0xff, 0x57, 0x44, 0x27, 0xff, 0x57, 0x44, 0x27, 0xff,
    0x57, 0x44, 0x27, 0xff, 0x57, 0x44, 0x27, 0xff, 0x57, 0x44, 0x27, 0xff,
    0x57, 0x44, 0x27, 0xff, 0x57, 0x44, 0x27, 0xff, 0x57, 0x44, 0x27, 0xff,
    0x57, 0x44, 0x27, 0xff, 0x57, 0x44, 0x27, 0xff, 0x57, 0x44, 0x27, 0xff,
    0x57, 0x44, 0x27, 0xff, 0x57, 0x44, 0x27, 0xff, 0x57, 0x44, 0x27, 0xff,
    0x57, 0x44, 0x27, 0xff, 0x57, 0x44, 0x27, 0xff, 0x57, 0x44, 0x27, 0xff,
    0x57, 0x44, 0x27, 0xff, 0x57, 0x44, 0x27, 0xff, 0x57, 0x44, 0x27, 0xff,
    0x57, 0x44, 0x27, 0xff, 0x57, 0x44, 0x27, 0xff, 0x57, 0x44, 0x27, 0xff,
    0x57, 0x44, 0x27, 0xff, 0x57, 0x44, 0x27, 0xff, 0x57, 0x44, 0x27, 0xff,
    0x57, 0x44, 0x27, 0xff, 0x57, 0x44, 0x27, 0xff, 0x57, 0x44, 0x27, 0xff,
    0x57, 0x44, 0x27, 0xff, 0x57, 0x44, 0x27, 0xff, 0x57, 0x44, 0x27, 0xff,
    0x57, 0x44, 0x27, 0xff, 0x57, 0x44, 0x27, 0xff, 0x57, 0x44, 0x27, 0xff,
    0x57, 0x44, 0x27, 0xff, 0x57, 0x44, 0x27, 0xff, 0x57, 0x44, 0x27, 0xff,
    0x57, 0x44, 0x27, 0xff, 0x57, 0x44, 0x27, 0xff, 0x57, 0x44, 0x27, 0xff,
    0x57, 0x44, 0x27, 0xff, 0x57, 0x44, 0x27, 0xff, 0x57, 0x44, 0x27, 0xff,
    0x3f, 0x31, 0x1c, 0xff, 0x3f, 0x31, 0x1c, 0xff, 0x41, 0x33, 0x1f, 0xff,
    0x78, 0x69, 0x52, 0xff, 0x65, 0x53, 0x39, 0xff, 0x59, 0x46, 0x29, 0xff,
    0x57, 0x44, 0x27, 0xff, 0x57, 0x44, 0x27, 0xff, 0x57, 0x44, 0x27, 0xff,
    0x57, 0x44, 0x27, 0xff, 0x57, 0x44, 0x27, 0xff, 0x57, 0x44, 0x27, 0xff,
    0x57, 0x44, 0x27, 0xff, 0x57, 0x44, 0x27, 0xff, 0x57, 0x44, 0x27, 0xff,
    0x57, 0x44, 0x27, 0xff, 0x57, 0x44, 0x27, 0xff, 0x57, 0x44, 0x27, 0xff,
    0x57, 0x44, 0x27, 0xff, 0x57, 0x44, 0x27, 0xff, 0x57, 0x44, 0x27, 0xff,
    0x57, 0x44, 0x27, 0xff, 0x57, 0x44, 0x27, 0xff, 0x57, 0x44, 0x27, 0xff,
    0x57, 0x44, 0x27, 0xff, 0x57, 0x44, 0x27, 0xff, 0x57, 0x44, 0x27, 0xff,
    0x57, 0x44, 0x27, 0xff, 0x57, 0x44, 0x27, 0xff, 0x57, 0x44, 0x27, 0xff,
    0x57, 0x44, 0x27, 0xff, 0x57, 0x44, 0x27, 0xff, 0x57, 0x44, 0x27, 0xff,
    0x57, 0x44, 0x27, 0xff, 0x57, 0x44, 0x27, 0xff, 0x57, 0x44, 0x27, 0xff,
    0x57, 0x44, 0x27, 0xff, 0x57, 0x44, 0x27, 0xff, 0x57, 0x44, 0x27, 0xff,
    0x57, 0x44, 0x27, 0xff, 0x57, 0x44, 0x27, 0xff, 0x57, 0x44, 0x27, 0xff,
    0x57, 0x44, 0x27, 0xff, 0x57, 0x44, 0x27, 0xff, 0x57, 0x44, 0x27, 0xff,
    0x57, 0x44, 0x27, 0xff, 0x57, 0x44, 0x27, 0xff, 0x57, 0x44, 0x27, 0xff,
    0x57, 0x44, 0x27, 0xff, 0x57, 0x44, 0x27, 0xff, 0x3f, 0x31, 0x1c, 0xff,
    0x3f, 0x31, 0x1c, 0xff, 0x41, 0x33, 0x1f, 0xff, 0x78, 0x69, 0x52, 0xff,
    0x65, 0x53, 0x39, 0xff, 0x59, 0x46, 0x29, 0xff, 0x57, 0x44, 0x27, 0xff,
    0x57, 0x44, 0x27, 0xff, 0x57, 0x44, 0x27, 0xff, 0x57, 0x44, 0x27, 0xff,
    0x57, 0x44, 0x27, 0xff, 0x57, 0x44, 0x27, 0xff, 0x57, 0x44, 0x27, 0xff,
    0x57, 0x44, 0x27, 0xff, 0x57, 0x44, 0x27, 0xff, 0x57, 0x44, 0x27, 0xff,
    0x57, 0x44, 0x27, 0xff, 0x57, 0x44, 0x27, 0xff, 0x57, 0x44, 0x27, 0xff,
    0x57, 0x44, 0x27, 0xff, 0x57, 0x44, 0x27, 0xff, 0x57, 0x44, 0x27, 0xff,
    0x57, 0x44, 0x27, 0xff, 0x57, 0x44, 0x27, 0xff, 0x57, 0x44, 0x27, 0xff,
    0x57, 0x44, 0x27, 0xff, 0x57, 0x44, 0x27, 0xff, 0x57, 0x44, 0x27, 0xff,
    0x57, 0x44, 0x27, 0xff, 0x57, 0x44, 0x27, 0xff, 0x57, 0x44, 0x27, 0xff,
    0x57, 0x44, 0x27, 0xff, 0x57, 0x44, 0x27, 0xff, 0x57, 0x44, 0x27, 0xff,
    0x57, 0x44, 0x27, 0xff, 0x57, 0x44, 0x27, 0xff, 0x57, 0x44, 0x27, 0xff,
    0x57, 0x44, 0x27, 0xff, 0x57, 0x44, 0x27, 0xff, 0x57, 0x44, 0x27, 0xff,
    0x57, 0x44, 0x27, 0xff, 0x57, 0x44, 0x27, 0xff, 0x57, 0x44, 0x27, 0xff,
    0x57, 0x44, 0x27, 0xff, 0x57, 0x44, 0x27, 0xff, 0x57, 0x44, 0x27, 0xff,
    0x57, 0x44, 0x27, 0xff, 0x57, 0x44, 0x27, 0xff, 0x57, 0x44, 0x27, 0xff,
    0x57, 0x44, 0x27, 0xff, 0x3f, 0x31, 0x1c, 0xff, 0x3f, 0x31, 0x1c, 0xff,
    0x41, 0x33, 0x1f, 0xff, 0x78, 0x69, 0x52, 0xff, 0x64, 0x53, 0x39, 0xff,
    0x59, 0x46, 0x29, 0xff, 0x57, 0x44, 0x27, 0xff, 0x57, 0x44, 0x27, 0xff,
    0x57, 0x44, 0x27, 0xff, 0x57, 0x44, 0x27, 0xff, 0x57, 0x44, 0x27, 0xff,
    0x57, 0x44, 0x27, 0xff, 0x57, 0x44, 0x27, 0xff, 0x57, 0x44, 0x27, 0xff,
    0x57, 0x44, 0x27, 0xff, 0x57, 0x44, 0x27, 0xff, 0x57, 0x44, 0x27, 0xff,
    0x57, 0x44, 0x27, 0xff, 0x57, 0x44, 0x27, 0xff, 0x57, 0x44, 0x27, 0xff,
    0x57, 0x44, 0x27, 0xff, 0x57, 0x44, 0x27, 0xff, 0x57, 0x44, 0x27, 0xff,
    0x57, 0x44, 0x27, 0xff, 0x57, 0x44, 0x27, 0xff, 0x57, 0x44, 0x27, 0xff,
    0x57, 0x44, 0x27, 0xff, 0x57, 0x44, 0x27, 0xff, 0x57, 0x44, 0x27, 0xff,
    0x57, 0x44, 0x27, 0xff, 0x57, 0x44, 0x27, 0xff, 0x57, 0x44, 0x27, 0xff,
    0x57, 0x44, 0x27, 0xff, 0x57, 0x44, 0x27, 0xff, 0x57, 0x44, 0x27, 0xff,
    0x57, 0x44, 0x27, 0xff, 0x57, 0x44, 0x27, 0xff, 0x57, 0x44, 0x27, 0xff,
    0x57, 0x44, 0x27, 0xff, 0x57, 0x44, 0x27, 0xff, 0x57, 0x44, 0x27, 0xff,
    0x57, 0x44, 0x27, 0xff, 0x57, 0x44, 0x27, 0xff, 0x57, 0x44, 0x27, 0xff,
    0x57, 0x44, 0x27, 0xff, 0x57, 0x44, 0x27, 0xff, 0x57, 0x44, 0x27, 0xff,
    0x57, 0x44, 0x27, 0xff, 0x57, 0x44, 0x27, 0xff, 0x57, 0x44, 0x27, 0xff,
    0x3f, 0x31, 0x1c, 0xff, 0x3f, 0x31, 0x1c, 0xff, 0x41, 0x33, 0x1f, 0xff,
    0x78, 0x69, 0x52, 0xff, 0x64, 0x53, 0x39, 0xff, 0x59, 0x46, 0x29, 0xff,
    0x57, 0x44, 0x27, 0xff, 0x57, 0x44, 0x27, 0xff, 0x57, 0x44, 0x27, 0xff,
    0x57, 0x44, 0x27, 0xff, 0x57, 0x44, 0x27, 0xff, 0x57, 0x44, 0x27, 0xff,
    0x57, 0x44, 0x27, 0xff, 0x57, 0x44, 0x27, 0xff, 0x57, 0x44, 0x27, 0xff,
    0x57, 0x44, 0x27, 0xff, 0x57, 0x44, 0x27, 0xff, 0x57, 0x44, 0x27, 0xff,
    0x57, 0x44, 0x27, 0xff, 0x57, 0x44, 0x27, 0xff, 0x57, 0x44, 0x27, 0xff,
    0x57, 0x44, 0x27, 0xff, 0x57, 0x44, 0x27, 0xff, 0x57, 0x44, 0x27, 0xff,
    0x57, 0x44, 0x27, 0xff, 0x57, 0x44, 0x27, 0xff, 0x57, 0x44, 0x27, 0xff,
    0x57, 0x44, 0x27, 0xff, 0x57, 0x44, 0x27, 0xff, 0x57, 0x44, 0x27, 0xff,
    0x57, 0x44, 0x27, 0xff, 0x57, 0x44, 0x27, 0xff, 0x57, 0x44, 0x27, 0xff,
    0x57, 0x44, 0x27, 0xff, 0x57, 0x44, 0x27, 0xff, 0x57, 0x44, 0x27, 0xff,
    0x57, 0x44, 0x27, 0xff, 0x57, 0x44, 0x27, 0xff, 0x57, 0x44, 0x27, 0xff,
    0x57, 0x44, 0x27, 0xff, 0x57, 0x44, 0x27, 0xff, 0x57, 0x44, 0x27, 0xff,
    0x57, 0x44, 0x27, 0xff, 0x57, 0x44, 0x27, 0xff, 0x57, 0x44, 0x27, 0xff,
    0x57, 0x44, 0x27, 0xff, 0x57, 0x44, 0x27, 0xff, 0x57, 0x44, 0x27, 0xff,
    0x57, 0x44, 0x27, 0xff, 0x57, 0x44, 0x27, 0xff, 0x3f, 0x31, 0x1c, 0xff,
    0x3f, 0x31, 0x1c, 0xff, 0x41, 0x33, 0x1f, 0xff, 0x78, 0x69, 0x52, 0xff,
    0x64, 0x53, 0x39, 0xff, 0x59, 0x46, 0x29, 0xff, 0x57, 0x44, 0x27, 0xff,
    0x57, 0x44, 0x27, 0xff, 0x57, 0x44, 0x27, 0xff, 0x57, 0x44, 0x27, 0xff,
    0x57, 0x44, 0x27, 0xff, 0x57, 0x44, 0x27, 0xff, 0x57, 0x44, 0x27, 0xff,
    0x57, 0x44, 0x27, 0xff, 0x57, 0x44, 0x27, 0xff, 0x57, 0x44, 0x27, 0xff,
    0x57, 0x44, 0x27, 0xff, 0x57, 0x44, 0x27, 0xff, 0x57, 0x44, 0x27, 0xff,
    0x57, 0x44, 0x27, 0xff, 0x57, 0x44, 0x27, 0xff, 0x57, 0x44, 0x27, 0xff,
    0x57, 0x44, 0x27, 0xff, 0x57, 0x44, 0x27, 0xff, 0x57, 0x44, 0x27, 0xff,
    0x57, 0x44, 0x27, 0xff, 0x57, 0x44, 0x27, 0xff, 0x57, 0x44, 0x27, 0xff,
    0x57, 0x44, 0x27, 0xff, 0x57, 0x44, 0x27, 0xff, 0x57, 0x44, 0x27, 0xff,
    0x57, 0x44, 0x27, 0xff, 0x57, 0x44, 0x27, 0xff, 0x57, 0x44, 0x27, 0xff,
    0x57, 0x44, 0x27, 0xff, 0x57, 0x44, 0x27, 0xff, 0x57, 0x44, 0x27, 0xff,
    0x57, 0x44, 0x27, 0xff, 0x57, 0x44, 0x27, 0xff, 0x57, 0x44, 0x27, 0xff,
    0x57, 0x44, 0x27, 0xff, 0x57, 0x44, 0x27, 0xff, 0x57, 0x44, 0x27, 0xff,
    0x57, 0x44, 0x27, 0xff, 0x57, 0x44, 0x27, 0xff, 0x57, 0x44, 0x27, 0xff,
    0x57, 0x44, 0x27, 0xff, 0x57, 0x44, 0x27, 0xff, 0x57, 0x44, 0x27, 0xff,
    0x57, 0x44, 0x27, 0xff, 0x3f, 0x31, 0x1c, 0xff, 0x3f, 0x31, 0x1c, 0xff,
    0x41, 0x33, 0x1f, 0xff, 0x78, 0x69, 0x52, 0xff, 0x64, 0x53, 0x39, 0xff,
    0x59, 0x46, 0x29, 0xff, 0x57, 0x44, 0x27, 0xff, 0x57, 0x44, 0x27, 0xff,
    0x57, 0x44, 0x27, 0xff, 0x57, 0x44, 0x27, 0xff, 0x57, 0x44, 0x27, 0xff,
    0x57, 0x44, 0x27, 0xff, 0x57, 0x44, 0x27, 0xff, 0x57, 0x44, 0x27, 0xff,
    0x57, 0x44, 0x27, 0xff, 0x57, 0x44, 0x27, 0xff, 0x57, 0x44, 0x27, 0xff,
    0x57, 0x44, 0x27, 0xff, 0x57, 0x44, 0x27, 0xff, 0x57, 0x44, 0x27, 0xff,
    0x57, 0x44, 0x27, 0xff, 0x57, 0x44, 0x27, 0xff, 0x57, 0x44, 0x27, 0xff,
    0x57, 0x44, 0x27, 0xff, 0x57, 0x44, 0x27, 0xff, 0x57, 0x44, 0x27, 0xff,
    0x57, 0x44, 0x27, 0xff, 0x57, 0x44, 0x27, 0xff, 0x57, 0x44, 0x27, 0xff,
    0x57, 0x44, 0x27, 0xff, 0x57, 0x44, 0x27, 0xff, 0x57, 0x44, 0x27, 0xff,
    0x57, 0x44, 0x27, 0xff, 0x57, 0x44, 0x27, 0xff, 0x57, 0x44, 0x27, 0xff,
    0x57, 0x44, 0x27, 0xff, 0x57, 0x44, 0x27, 0xff, 0x57, 0x44, 0x27, 0xff,
    0x57, 0x44, 0x27, 0xff, 0x57, 0x44, 0x27, 0xff, 0x57, 0x44, 0x27, 0xff,
    0x57, 0x44, 0x27, 0xff, 0x57, 0x44, 0x27, 0xff, 0x57, 0x44, 0x27, 0xff,
    0x57, 0x44, 0x27, 0xff, 0x57, 0x44, 0x27, 0xff, 0x57, 0x44, 0x27, 0xff,
    0x57, 0x44, 0x27, 0xff, 0x57, 0x44, 0x27, 0xff, 0x57, 0x44, 0x27, 0xff,
    0x3f, 0x31, 0x1c, 0xff, 0x3f, 0x31, 0x1c, 0xff, 0x41, 0x33, 0x1f, 0xff,
    0x78, 0x69, 0x52, 0xff, 0x65, 0x53, 0x39, 0xff, 0x58, 0x45, 0x29, 0xff,
    0x57, 0x44, 0x27, 0xff, 0x57, 0x44, 0x27, 0xff, 0x57, 0x44, 0x27, 0xff,
    0x57, 0x44, 0x27, 0xff, 0x57, 0x44, 0x27, 0xff, 0x57, 0x44, 0x27, 0xff,
    0x57, 0x44, 0x27, 0xff, 0x57, 0x44, 0x27, 0xff, 0x57, 0x44, 0x27, 0xff,
    0x57, 0x44, 0x27, 0xff, 0x57, 0x44, 0x27, 0xff, 0x57, 0x44, 0x27, 0xff,
    0x57, 0x44, 0x27, 0xff, 0x57, 0x44, 0x27, 0xff, 0x57, 0x44, 0x27, 0xff,
    0x57, 0x44, 0x27, 0xff, 0x57, 0x44, 0x27, 0xff, 0x57, 0x44, 0x27, 0xff,
    0x57, 0x44, 0x27, 0xff, 0x57, 0x44, 0x27, 0xff, 0x57, 0x44, 0x27, 0xff,
    0x57, 0x44, 0x27, 0xff, 0x57, 0x44, 0x27, 0xff, 0x57, 0x44, 0x27, 0xff,
    0x57, 0x44, 0x27, 0xff, 0x57, 0x44, 0x27, 0xff, 0x57, 0x44, 0x27, 0xff,
    0x57, 0x44, 0x27, 0xff, 0x57, 0x44, 0x27, 0xff, 0x57, 0x44, 0x27, 0xff,
    0x57, 0x44, 0x27, 0xff, 0x57, 0x44, 0x27, 0xff, 0x57, 0x44, 0x27, 0xff,
    0x57, 0x44, 0x27, 0xff, 0x57, 0x44, 0x27, 0xff, 0x57, 0x44, 0x27, 0xff,
    0x57, 0x44, 0x27, 0xff, 0x57, 0x44, 0x27, 0xff, 0x57, 0x44, 0x27, 0xff,
    0x57, 0x44, 0x27, 0xff, 0x57, 0x44, 0x27, 0xff, 0x57, 0x44, 0x27, 0xff,
    0x57, 0x44, 0x27, 0xff, 0x57, 0x44, 0x27, 0xff, 0x3f, 0x31, 0x1c, 0xff,
    0x3f, 0x31, 0x1c, 0xff, 0x41, 0x33, 0x1f, 0xff, 0x78, 0x69, 0x52, 0xff,
    0x65, 0x53, 0x39, 0xff, 0x59, 0x46, 0x29, 0xff, 0x57, 0x44, 0x27, 0xff,
    0x57, 0x44, 0x27, 0xff, 0x57, 0x44, 0x27, 0xff, 0x57, 0x44, 0x27, 0xff,
    0x57, 0x44, 0x27, 0xff, 0x57, 0x44, 0x27, 0xff, 0x57, 0x44, 0x27, 0xff,
    0x57, 0x44, 0x27, 0xff, 0x57, 0x44, 0x27, 0xff, 0x57, 0x44, 0x27, 0xff,
    0x57, 0x44, 0x27, 0xff, 0x57, 0x44, 0x27, 0xff, 0x57, 0x44, 0x27, 0xff,
    0x57, 0x44, 0x27, 0xff, 0x57, 0x44, 0x27, 0xff, 0x57, 0x44, 0x27, 0xff,
    0x57, 0x44, 0x27, 0xff, 0x57, 0x44, 0x27, 0xff, 0x57, 0x44, 0x27, 0xff,
    0x57, 0x44, 0x27, 0xff, 0x57, 0x44, 0x27, 0xff, 0x57, 0x44, 0x27, 0xff,
    0x57, 0x44, 0x27, 0xff, 0x57, 0x44, 0x27, 0xff, 0x57, 0x44, 0x27, 0xff,
    0x57, 0x44, 0x27, 0xff, 0x57, 0x44, 0x27, 0xff, 0x57, 0x44, 0x27, 0xff,
    0x57, 0x44, 0x27, 0xff, 0x57, 0x44, 0x27, 0xff, 0x57, 0x44, 0x27, 0xff,
    0x57, 0x44, 0x27, 0xff, 0x57, 0x44, 0x27, 0xff, 0x57, 0x44, 0x27, 0xff,
    0x57, 0x44, 0x27, 0xff, 0x57, 0x44, 0x27, 0xff, 0x57, 0x44, 0x27, 0xff,
    0x57, 0x44, 0x27, 0xff, 0x57, 0x44, 0x27, 0xff, 0x57, 0x44, 0x27, 0xff,
    0x57, 0x44, 0x27, 0xff, 0x57, 0x44, 0x27, 0xff, 0x57, 0x44, 0x27, 0xff,
    0x57, 0x44, 0x27, 0xff, 0x3f, 0x31, 0x1c, 0xff, 0x3f, 0x31, 0x1c, 0xff,
    0x41, 0x33, 0x1f, 0xff, 0x78, 0x69, 0x52, 0xff, 0x65, 0x53, 0x39, 0xff,
    0x59, 0x46, 0x29, 0xff, 0x57, 0x44, 0x27, 0xff, 0x57, 0x44, 0x27, 0xff,
    0x57, 0x44, 0x27, 0xff, 0x57, 0x44, 0x27, 0xff, 0x57, 0x44, 0x27, 0xff,
    0x57, 0x44, 0x27, 0xff, 0x57, 0x44, 0x27, 0xff, 0x57, 0x44, 0x27, 0xff,
    0x57, 0x44, 0x27, 0xff, 0x57, 0x44, 0x27, 0xff, 0x57, 0x44, 0x27, 0xff,
    0x57, 0x44, 0x27, 0xff, 0x57, 0x44, 0x27, 0xff, 0x57, 0x44, 0x27, 0xff,
    0x57, 0x44, 0x27, 0xff, 0x57, 0x44, 0x27, 0xff, 0x57, 0x44, 0x27, 0xff,
    0x57, 0x44, 0x27, 0xff, 0x57, 0x44, 0x27, 0xff, 0x57, 0x44, 0x27, 0xff,
    0x57, 0x44, 0x27, 0xff, 0x57, 0x44, 0x27, 0xff, 0x57, 0x44, 0x27, 0xff,
    0x57, 0x44, 0x27, 0xff, 0x57, 0x44, 0x27, 0xff, 0x57, 0x44, 0x27, 0xff,
    0x57, 0x44, 0x27, 0xff, 0x57, 0x44, 0x27, 0xff, 0x57, 0x44, 0x27, 0xff,
    0x57, 0x44, 0x27, 0xff, 0x57, 0x44, 0x27, 0xff, 0x57, 0x44, 0x27, 0xff,
    0x57, 0x44, 0x27, 0xff, 0x57, 0x44, 0x27, 0xff, 0x57, 0x44, 0x27, 0xff,
    0x57, 0x44, 0x27, 0xff, 0x57, 0x44, 0x27, 0xff, 0x57, 0x44, 0x27, 0xff,
    0x57, 0x44, 0x27, 0xff, 0x57, 0x44, 0x27, 0xff, 0x57, 0x44, 0x27, 0xff,
    0x57, 0x44, 0x27, 0xff, 0x57, 0x44, 0x27, 0xff, 0x57, 0x44, 0x27, 0xff,
    0x3f, 0x31, 0x1c, 0xff, 0x3f, 0x31, 0x1c, 0xff, 0x41, 0x33, 0x1f, 0xff,
    0x78, 0x69, 0x52, 0xff, 0x65, 0x53, 0x39, 0xff, 0x59, 0x46, 0x29, 0xff,
    0x57, 0x44, 0x27, 0xff, 0x57, 0x44, 0x27, 0xff, 0x57, 0x44, 0x27, 0xff,
    0x57, 0x44, 0x27, 0xff, 0x57, 0x44, 0x27, 0xff, 0x57, 0x44, 0x27, 0xff,
    0x57, 0x44, 0x27, 0xff, 0x57, 0x44, 0x27, 0xff, 0x57, 0x44, 0x27, 0xff,
    0x57, 0x44, 0x27, 0xff, 0x57, 0x44, 0x27, 0xff, 0x57, 0x44, 0x27, 0xff,
    0x57, 0x44, 0x27, 0xff, 0x57, 0x44, 0x27, 0xff, 0x57, 0x44, 0x27, 0xff,
    0x57, 0x44, 0x27, 0xff, 0x57, 0x44, 0x27, 0xff, 0x57, 0x44, 0x27, 0xff,
    0x57, 0x44, 0x27, 0xff, 0x57, 0x44, 0x27, 0xff, 0x57, 0x44, 0x27, 0xff,
    0x57, 0x44, 0x27, 0xff, 0x57, 0x44, 0x27, 0xff, 0x57, 0x44, 0x27, 0xff,
    0x57, 0x44, 0x27, 0xff, 0x57, 0x44, 0x27, 0xff, 0x57, 0x44, 0x27, 0xff,
    0x57, 0x44, 0x27, 0xff, 0x57, 0x44, 0x27, 0xff, 0x57, 0x44, 0x27, 0xff,
    0x57, 0x44, 0x27, 0xff, 0x57, 0x44, 0x27, 0xff, 0x57, 0x44, 0x27, 0xff,
    0x57, 0x44, 0x27, 0xff, 0x57, 0x44, 0x27, 0xff, 0x57, 0x44, 0x27, 0xff,
    0x57, 0x44, 0x27, 0xff, 0x57, 0x44, 0x27, 0xff, 0x57, 0x44, 0x27, 0xff,
    0x57, 0x44, 0x27, 0xff, 0x57, 0x44, 0x27, 0xff, 0x57, 0x44, 0x27, 0xff,
    0x57, 0x44, 0x27, 0xff, 0x57, 0x44, 0x27, 0xff, 0x3f, 0x31, 0x1c, 0xff,
    0x3f, 0x31, 0x1c, 0xff, 0x41, 0x33, 0x1f, 0xff, 0x78, 0x69, 0x52, 0xff,
    0x65, 0x53, 0x39, 0xff, 0x59, 0x46, 0x29, 0xff, 0x57, 0x44, 0x27, 0xff,
    0x57, 0x44, 0x27, 0xff, 0x57, 0x44, 0x27, 0xff, 0x57, 0x44, 0x27, 0xff,
    0x57, 0x44, 0x27, 0xff, 0x57, 0x44, 0x27, 0xff, 0x57, 0x44, 0x27, 0xff,
    0x57, 0x44, 0x27, 0xff, 0x57, 0x44, 0x27, 0xff, 0x57, 0x44, 0x27, 0xff,
    0x57, 0x44, 0x27, 0xff, 0x57, 0x44, 0x27, 0xff, 0x57, 0x44, 0x27, 0xff,
    0x57, 0x44, 0x27, 0xff, 0x57, 0x44, 0x27, 0xff, 0x57, 0x44, 0x27, 0xff,
    0x57, 0x44, 0x27, 0xff, 0x57, 0x44, 0x27, 0xff, 0x57, 0x44, 0x27, 0xff,
    0x57, 0x44, 0x27, 0xff, 0x57, 0x44, 0x27, 0xff, 0x57, 0x44, 0x27, 0xff,
    0x57, 0x44, 0x27, 0xff, 0x57, 0x44, 0x27, 0xff, 0x57, 0x44, 0x27, 0xff,
    0x57, 0x44, 0x27, 0xff, 0x57, 0x44, 0x27, 0xff, 0x57, 0x44, 0x27, 0xff,
    0x57, 0x44, 0x27, 0xff, 0x57, 0x44, 0x27, 0xff, 0x57, 0x44, 0x27, 0xff,
    0x57, 0x44, 0x27, 0xff, 0x57, 0x44, 0x27, 0xff, 0x57, 0x44, 0x27, 0xff,
    0x57, 0x44, 0x27, 0xff, 0x57, 0x44, 0x27, 0xff, 0x57, 0x44, 0x27, 0xff,
    0x57, 0x44, 0x27, 0xff, 0x57, 0x44, 0x27, 0xff, 0x57, 0x44, 0x27, 0xff,
    0x57, 0x44, 0x27, 0xff, 0x57, 0x44, 0x27, 0xff, 0x57, 0x44, 0x27, 0xff,
    0x57, 0x44, 0x27, 0xff, 0x3f, 0x31, 0x1c, 0xff, 0x3f, 0x31, 0x1c, 0xff,
    0x41, 0x33, 0x1f, 0xff, 0x78, 0x69, 0x52, 0xff, 0x65, 0x53, 0x39, 0xff,
    0x59, 0x46, 0x29, 0xff, 0x57, 0x44, 0x27, 0xff, 0x57, 0x44, 0x27, 0xff,
    0x57, 0x44, 0x27, 0xff, 0x57, 0x44, 0x27, 0xff, 0x57, 0x44, 0x27, 0xff,
    0x57, 0x44, 0x27, 0xff, 0x57, 0x44, 0x27, 0xff, 0x57, 0x44, 0x27, 0xff,
    0x57, 0x44, 0x27, 0xff, 0x57, 0x44, 0x27, 0xff, 0x57, 0x44, 0x27, 0xff,
    0x57, 0x44, 0x27, 0xff, 0x57, 0x44, 0x27, 0xff, 0x57, 0x44, 0x27, 0xff,
    0x57, 0x44, 0x27, 0xff, 0x57, 0x44, 0x27, 0xff, 0x57, 0x44, 0x27, 0xff,
    0x57, 0x44, 0x27, 0xff, 0x57, 0x44, 0x27, 0xff, 0x57, 0x44, 0x27, 0xff,
    0x57, 0x44, 0x27, 0xff, 0x57, 0x44, 0x27, 0xff, 0x57, 0x44, 0x27, 0xff,
    0x57, 0x44, 0x27, 0xff, 0x57, 0x44, 0x27, 0xff, 0x57, 0x44, 0x27, 0xff,
    0x57, 0x44, 0x27, 0xff, 0x57, 0x44, 0x27, 0xff, 0x57, 0x44, 0x27, 0xff,
    0x57, 0x44, 0x27, 0xff, 0x57, 0x44, 0x27, 0xff, 0x57, 0x44, 0x27, 0xff,
    0x57, 0x44, 0x27, 0xff, 0x57, 0x44, 0x27, 0xff, 0x57, 0x44, 0x27, 0xff,
    0x57, 0x44, 0x27, 0xff, 0x57, 0x44, 0x27, 0xff, 0x57, 0x44, 0x27, 0xff,
    0x57, 0x44, 0x27, 0xff, 0x57, 0x44, 0x27, 0xff, 0x57, 0x44, 0x27, 0xff,
    0x57, 0x44, 0x27, 0xff, 0x57, 0x44, 0x27, 0xff, 0x57, 0x44, 0x27, 0xff,
    0x3f, 0x31, 0x1c, 0xff, 0x3f, 0x31, 0x1c, 0xff, 0x41, 0x33, 0x1f, 0xff,
    0x78, 0x69, 0x52, 0xff, 0x65, 0x53, 0x39, 0xff, 0x59, 0x46, 0x29, 0xff,
    0x57, 0x44, 0x27, 0xff, 0x57, 0x44, 0x27, 0xff, 0x57, 0x44, 0x27, 0xff,
    0x57, 0x44, 0x27, 0xff, 0x57, 0x44, 0x27, 0xff, 0x57, 0x44, 0x27, 0xff,
    0x57, 0x44, 0x27, 0xff, 0x57, 0x44, 0x27, 0xff, 0x57, 0x44, 0x27, 0xff,
    0x57, 0x44, 0x27, 0xff, 0x57, 0x44, 0x27, 0xff, 0x57, 0x44, 0x27, 0xff,
    0x57, 0x44, 0x27, 0xff, 0x57, 0x44, 0x27, 0xff, 0x57, 0x44, 0x27, 0xff,
    0x57, 0x44, 0x27, 0xff, 0x57, 0x44, 0x27, 0xff, 0x57, 0x44, 0x27, 0xff,
    0x57, 0x44, 0x27, 0xff, 0x57, 0x44, 0x27, 0xff, 0x57, 0x44, 0x27, 0xff,
    0x57, 0x44, 0x27, 0xff, 0x57, 0x44, 0x27, 0xff, 0x57, 0x44, 0x27, 0xff,
    0x57, 0x44, 0x27, 0xff, 0x57, 0x44, 0x27, 0xff, 0x57, 0x44, 0x27, 0xff,
    0x57, 0x44, 0x27, 0xff, 0x57, 0x44, 0x27, 0xff, 0x57, 0x44, 0x27, 0xff,
    0x57, 0x44, 0x27, 0xff, 0x57, 0x44, 0x27, 0xff, 0x57, 0x44, 0x27, 0xff,
    0x57, 0x44, 0x27, 0xff, 0x57, 0x44, 0x27, 0xff, 0x57, 0x44, 0x27, 0xff,
    0x57, 0x44, 0x27, 0xff, 0x57, 0x44, 0x27, 0xff, 0x57, 0x44, 0x27, 0xff,
    0x57, 0x44, 0x27, 0xff, 0x57, 0x44, 0x27, 0xff, 0x57, 0x44, 0x27, 0xff,
    0x57, 0x44, 0x27, 0xff, 0x57, 0x44, 0x27, 0xff, 0x3f, 0x31, 0x1c, 0xff,
    0x3f, 0x31, 0x1c, 0xff, 0x41, 0x33, 0x1f, 0xff, 0x78, 0x69, 0x52, 0xff,
    0x65, 0x53, 0x39, 0xff, 0x59, 0x46, 0x29, 0xff, 0x57, 0x44, 0x27, 0xff,
    0x57, 0x44, 0x27, 0xff, 0x57, 0x44, 0x27, 0xff, 0x57, 0x44, 0x27, 0xff,
    0x57, 0x44, 0x27, 0xff, 0x57, 0x44, 0x27, 0xff, 0x57, 0x44, 0x27, 0xff,
    0x57, 0x44, 0x27, 0xff, 0x57, 0x44, 0x27, 0xff, 0x57, 0x44, 0x27, 0xff,
    0x57, 0x44, 0x27, 0xff, 0x57, 0x44, 0x27, 0xff, 0x57, 0x44, 0x27, 0xff,
    0x57, 0x44, 0x27, 0xff, 0x57, 0x44, 0x27, 0xff, 0x57, 0x44, 0x27, 0xff,
    0x57, 0x44, 0x27, 0xff, 0x57, 0x44, 0x27, 0xff, 0x57, 0x44, 0x27, 0xff,
    0x57, 0x44, 0x27, 0xff, 0x57, 0x44, 0x27, 0xff, 0x57, 0x44, 0x27, 0xff,
    0x57, 0x44, 0x27, 0xff, 0x57, 0x44, 0x27, 0xff, 0x57, 0x44, 0x27, 0xff,
    0x57, 0x44, 0x27, 0xff, 0x57, 0x44, 0x27, 0xff, 0x57, 0x44, 0x27, 0xff,
    0x57, 0x44, 0x27, 0xff, 0x57, 0x44, 0x27, 0xff, 0x57, 0x44, 0x27, 0xff,
    0x57, 0x44, 0x27, 0xff, 0x57, 0x44, 0x27, 0xff, 0x57, 0x44, 0x27, 0xff,
    0x57, 0x44, 0x27, 0xff, 0x57, 0x44, 0x27, 0xff, 0x57, 0x44, 0x27, 0xff,
    0x57, 0x44, 0x27, 0xff, 0x57, 0x44, 0x27, 0xff, 0x57, 0x44, 0x27, 0xff,
    0x57, 0x44, 0x27, 0xff, 0x57, 0x44, 0x27, 0xff, 0x57, 0x44, 0x27, 0xff,
    0x57, 0x44, 0x27, 0xff, 0x3f, 0x31, 0x1c, 0xff, 0x3f, 0x31, 0x1c, 0xff,
    0x41, 0x33, 0x1f, 0xff, 0x78, 0x69, 0x52, 0xff, 0x64, 0x53, 0x39, 0xff,
    0x59, 0x46, 0x29, 0xff, 0x57, 0x44, 0x27, 0xff, 0x57, 0x44, 0x27, 0xff,
    0x57, 0x44, 0x27, 0xff, 0x57, 0x44, 0x27, 0xff, 0x57, 0x44, 0x27, 0xff,
    0x57, 0x44, 0x27, 0xff, 0x57, 0x44, 0x27, 0xff, 0x57, 0x44, 0x27, 0xff,
    0x57, 0x44, 0x27, 0xff, 0x57, 0x44, 0x27, 0xff, 0x57, 0x44, 0x27, 0xff,
    0x57, 0x44, 0x27, 0xff, 0x57, 0x44, 0x27, 0xff, 0x57, 0x44, 0x27, 0xff,
    0x57, 0x44, 0x27, 0xff, 0x57, 0x44, 0x27, 0xff, 0x57, 0x44, 0x27, 0xff,
    0x57, 0x44, 0x27, 0xff, 0x57, 0x44, 0x27, 0xff, 0x57, 0x44, 0x27, 0xff,
    0x57, 0x44, 0x27, 0xff, 0x57, 0x44, 0x27, 0xff, 0x57, 0x44, 0x27, 0xff,
    0x57, 0x44, 0x27, 0xff, 0x57, 0x44, 0x27, 0xff, 0x57, 0x44, 0x27, 0xff,
    0x57, 0x44, 0x27, 0xff, 0x57, 0x44, 0x27, 0xff, 0x57, 0x44, 0x27, 0xff,
    0x57, 0x44, 0x27, 0xff, 0x57, 0x44, 0x27, 0xff, 0x57, 0x44, 0x27, 0xff,
    0x57, 0x44, 0x27, 0xff, 0x57, 0x44, 0x27, 0xff, 0x57, 0x44, 0x27, 0xff,
    0x57, 0x44, 0x27, 0xff, 0x57, 0x44, 0x27, 0xff, 0x57, 0x44, 0x27, 0xff,
    0x57, 0x44, 0x27, 0xff, 0x57, 0x44, 0x27, 0xff, 0x57, 0x44, 0x27, 0xff,
    0x57, 0x44, 0x27, 0xff, 0x57, 0x44, 0x27, 0xff, 0x57, 0x44, 0x27, 0xff,
    0x3f, 0x31, 0x1c, 0xff, 0x3f, 0x31, 0x1c, 0xff, 0x41, 0x33, 0x1f, 0xff,
    0x78, 0x69, 0x52, 0xff, 0x64, 0x53, 0x38, 0xff, 0x59, 0x46, 0x29, 0xff,
    0x57, 0x44, 0x27, 0xff, 0x57, 0x44, 0x27, 0xff, 0x57, 0x44, 0x27, 0xff,
    0x57, 0x44, 0x27, 0xff, 0x57, 0x44, 0x27, 0xff, 0x57, 0x44, 0x27, 0xff,
    0x57, 0x44, 0x27, 0xff, 0x57, 0x44, 0x27, 0xff, 0x57, 0x44, 0x27, 0xff,
    0x57, 0x44, 0x27, 0xff, 0x57, 0x44, 0x27, 0xff, 0x57, 0x44, 0x27, 0xff,
    0x57, 0x44, 0x27, 0xff, 0x57, 0x44, 0x27, 0xff, 0x57, 0x44, 0x27, 0xff,
    0x57, 0x44, 0x27, 0xff, 0x57, 0x44, 0x27, 0xff, 0x57, 0x44, 0x27, 0xff,
    0x57, 0x44, 0x27, 0xff, 0x57, 0x44, 0x27, 0xff, 0x57, 0x44, 0x27, 0xff,
    0x57, 0x44, 0x27, 0xff, 0x57, 0x44, 0x27, 0xff, 0x57, 0x44, 0x27, 0xff,
    0x57, 0x44, 0x27, 0xff, 0x57, 0x44, 0x27, 0xff, 0x57, 0x44, 0x27, 0xff,
    0x57, 0x44, 0x27, 0xff, 0x57, 0x44, 0x27, 0xff, 0x57, 0x44, 0x27, 0xff,
    0x57, 0x44, 0x27, 0xff, 0x57, 0x44, 0x27, 0xff, 0x57, 0x44, 0x27, 0xff,
    0x57, 0x44, 0x27, 0xff, 0x57, 0x44, 0x27, 0xff, 0x57, 0x44, 0x27, 0xff,
    0x57, 0x44, 0x27, 0xff, 0x57, 0x44, 0x27, 0xff, 0x57, 0x44, 0x27, 0xff,
    0x57, 0x44, 0x27, 0xff, 0x57, 0x44, 0x27, 0xff, 0x57, 0x44, 0x27, 0xff,
    0x57, 0x44, 0x27, 0xff, 0x57, 0x44, 0x27, 0xff, 0x3f, 0x31, 0x1c, 0xff,
    0x3f, 0x31, 0x1c, 0xff, 0x41, 0x33, 0x1f, 0xff, 0x78, 0x69, 0x52, 0xff,
    0x64, 0x53, 0x39, 0xff, 0x59, 0x46, 0x29, 0xff, 0x57, 0x44, 0x27, 0xff,
    0x57, 0x44, 0x27, 0xff, 0x57, 0x44, 0x27, 0xff, 0x57, 0x44, 0x27, 0xff,
    0x57, 0x44, 0x27, 0xff, 0x57, 0x44, 0x27, 0xff, 0x57, 0x44, 0x27, 0xff,
    0x57, 0x44, 0x27, 0xff, 0x57, 0x44, 0x27, 0xff, 0x57, 0x44, 0x27, 0xff,
    0x57, 0x44, 0x27, 0xff, 0x57, 0x44, 0x27, 0xff, 0x57, 0x44, 0x27, 0xff,
    0x57, 0x44, 0x27, 0xff, 0x57, 0x44, 0x27, 0xff, 0x57, 0x44, 0x27, 0xff,
    0x57, 0x44, 0x27, 0xff, 0x57, 0x44, 0x27, 0xff, 0x57, 0x44, 0x27, 0xff,
    0x57, 0x44, 0x27, 0xff, 0x57, 0x44, 0x27, 0xff, 0x57, 0x44, 0x27, 0xff,
    0x57, 0x44, 0x27, 0xff, 0x57, 0x44, 0x27, 0xff, 0x57, 0x44, 0x27, 0xff,
    0x57, 0x44, 0x27, 0xff, 0x57, 0x44, 0x27, 0xff, 0x57, 0x44, 0x27, 0xff,
    0x57, 0x44, 0x27, 0xff, 0x57, 0x44, 0x27, 0xff, 0x57, 0x44, 0x27, 0xff,
    0x57, 0x44, 0x27, 0xff, 0x57, 0x44, 0x27, 0xff, 0x57, 0x44, 0x27, 0xff,
    0x57, 0x44, 0x27, 0xff, 0x57, 0x44, 0x27, 0xff, 0x57, 0x44, 0x27, 0xff,
    0x57, 0x44, 0x27, 0xff, 0x57, 0x44, 0x27, 0xff, 0x57, 0x44, 0x27, 0xff,
    0x57, 0x44, 0x27, 0xff, 0x57, 0x44, 0x27, 0xff, 0x57, 0x44, 0x27, 0xff,
    0x57, 0x44, 0x27, 0xff, 0x3f, 0x31, 0x1c, 0xff, 0x3f, 0x31, 0x1c, 0xff,
    0x41, 0x33, 0x1f, 0xff, 0x78, 0x69, 0x52, 0xff, 0x65, 0x53, 0x39, 0xff,
    0x59, 0x46, 0x29, 0xff, 0x57, 0x44, 0x27, 0xff, 0x57, 0x44, 0x27, 0xff,
    0x57, 0x44, 0x27, 0xff, 0x57, 0x44, 0x27, 0xff, 0x57, 0x44, 0x27, 0xff,
    0x57, 0x44, 0x27, 0xff, 0x57, 0x44, 0x27, 0xff, 0x57, 0x44, 0x27, 0xff,
    0x57, 0x44, 0x27, 0xff, 0x57, 0x44, 0x27, 0xff, 0x57, 0x44, 0x27, 0xff,
    0x57, 0x44, 0x27, 0xff, 0x57, 0x44, 0x27, 0xff, 0x57, 0x44, 0x27, 0xff,
    0x57, 0x44, 0x27, 0xff, 0x57, 0x44, 0x27, 0xff, 0x57, 0x44, 0x27, 0xff,
    0x57, 0x44, 0x27, 0xff, 0x57, 0x44, 0x27, 0xff, 0x57, 0x44, 0x27, 0xff,
    0x57, 0x44, 0x27, 0xff, 0x57, 0x44, 0x27, 0xff, 0x57, 0x44, 0x27, 0xff,
    0x57, 0x44, 0x27, 0xff, 0x57, 0x44, 0x27, 0xff, 0x57, 0x44, 0x27, 0xff,
    0x57, 0x44, 0x27, 0xff, 0x57, 0x44, 0x27, 0xff, 0x57, 0x44, 0x27, 0xff,
    0x57, 0x44, 0x27, 0xff, 0x57, 0x44, 0x27, 0xff, 0x57, 0x44, 0x27, 0xff,
    0x57, 0x44, 0x27, 0xff, 0x57, 0x44, 0x27, 0xff, 0x57, 0x44, 0x27, 0xff,
    0x57, 0x44, 0x27, 0xff, 0x57, 0x44, 0x27, 0xff, 0x57, 0x44, 0x27, 0xff,
    0x57, 0x44, 0x27, 0xff, 0x57, 0x44, 0x27, 0xff, 0x57, 0x44, 0x27, 0xff,
    0x57, 0x44, 0x27, 0xff, 0x57, 0x44, 0x27, 0xff, 0x57, 0x44, 0x27, 0xff,
    0x3f, 0x31, 0x1c, 0xff, 0x3f, 0x31, 0x1c, 0xff, 0x41, 0x33, 0x1f, 0xff,
    0x78, 0x69, 0x52, 0xff, 0x65, 0x53, 0x39, 0xff, 0x59, 0x46, 0x29, 0xff,
    0x57, 0x44, 0x27, 0xff, 0x57, 0x44, 0x27, 0xff, 0x57, 0x44, 0x27, 0xff,
    0x57, 0x44, 0x27, 0xff, 0x57, 0x44, 0x27, 0xff, 0x57, 0x44, 0x27, 0xff,
    0x57, 0x44, 0x27, 0xff, 0x57, 0x44, 0x27, 0xff, 0x57, 0x44, 0x27, 0xff,
    0x57, 0x44, 0x27, 0xff, 0x57, 0x44, 0x27, 0xff, 0x57, 0x44, 0x27, 0xff,
    0x57, 0x44, 0x27, 0xff, 0x57, 0x44, 0x27, 0xff, 0x57, 0x44, 0x27, 0xff,
    0x57, 0x44, 0x27, 0xff, 0x57, 0x44, 0x27, 0xff, 0x57, 0x44, 0x27, 0xff,
    0x57, 0x44, 0x27, 0xff, 0x57, 0x44, 0x27, 0xff, 0x57, 0x44, 0x27, 0xff,
    0x57, 0x44, 0x27, 0xff, 0x57, 0x44, 0x27, 0xff, 0x57, 0x44, 0x27, 0xff,
    0x57, 0x44, 0x27, 0xff, 0x57, 0x44, 0x27, 0xff, 0x57, 0x44, 0x27, 0xff,
    0x57, 0x44, 0x27, 0xff, 0x57, 0x44, 0x27, 0xff, 0x57, 0x44, 0x27, 0xff,
    0x57, 0x44, 0x27, 0xff, 0x57, 0x44, 0x27, 0xff, 0x57, 0x44, 0x27, 0xff,
    0x57, 0x44, 0x27, 0xff, 0x57, 0x44, 0x27, 0xff, 0x57, 0x44, 0x27, 0xff,
    0x57, 0x44, 0x27, 0xff, 0x57, 0x44, 0x27, 0xff, 0x57, 0x44, 0x27, 0xff,
    0x57, 0x44, 0x27, 0xff, 0x57, 0x44, 0x27, 0xff, 0x57, 0x44, 0x27, 0xff,
    0x57, 0x44, 0x27, 0xff, 0x57, 0x44, 0x27, 0xff, 0x3f, 0x31, 0x1c, 0xff,
    0x3f, 0x31, 0x1c, 0xff, 0x41, 0x33, 0x1f, 0xff, 0x78, 0x69, 0x52, 0xff,
    0x64, 0x53, 0x39, 0xff, 0x59, 0x46, 0x29, 0xff, 0x57, 0x44, 0x27, 0xff,
    0x57, 0x44, 0x27, 0xff, 0x57, 0x44, 0x27, 0xff, 0x57, 0x44, 0x27, 0xff,
    0x57, 0x44, 0x27, 0xff, 0x57, 0x44, 0x27, 0xff, 0x57, 0x44, 0x27, 0xff,
    0x57, 0x44, 0x27, 0xff, 0x57, 0x44, 0x27, 0xff, 0x57, 0x44, 0x27, 0xff,
    0x57, 0x44, 0x27, 0xff, 0x57, 0x44, 0x27, 0xff, 0x57, 0x44, 0x27, 0xff,
    0x57, 0x44, 0x27, 0xff, 0x57, 0x44, 0x27, 0xff, 0x57, 0x44, 0x27, 0xff,
    0x57, 0x44, 0x27, 0xff, 0x57, 0x44, 0x27, 0xff, 0x57, 0x44, 0x27, 0xff,
    0x57, 0x44, 0x27, 0xff, 0x57, 0x44, 0x27, 0xff, 0x57, 0x44, 0x27, 0xff,
    0x57, 0x44, 0x27, 0xff, 0x57, 0x44, 0x27, 0xff, 0x57, 0x44, 0x27, 0xff,
    0x57, 0x44, 0x27, 0xff, 0x57, 0x44, 0x27, 0xff, 0x57, 0x44, 0x27, 0xff,
    0x57, 0x44, 0x27, 0xff, 0x57, 0x44, 0x27, 0xff, 0x57, 0x44, 0x27, 0xff,
    0x57, 0x44, 0x27, 0xff, 0x57, 0x44, 0x27, 0xff, 0x57, 0x44, 0x27, 0xff,
    0x57, 0x44, 0x27, 0xff, 0x57, 0x44, 0x27, 0xff, 0x57, 0x44, 0x27, 0xff,
    0x57, 0x44, 0x27, 0xff, 0x57, 0x44, 0x27, 0xff, 0x57, 0x44, 0x27, 0xff,
    0x57, 0x44, 0x27, 0xff, 0x57, 0x44, 0x27, 0xff, 0x57, 0x44, 0x27, 0xff,
    0x57, 0x44, 0x27, 0xff, 0x3f, 0x31, 0x1c, 0xff, 0x3f, 0x31, 0x1c, 0xff,
    0x41, 0x33, 0x1f, 0xff, 0x78, 0x69, 0x52, 0xff, 0x65, 0x53, 0x39, 0xff,
    0x59, 0x46, 0x29, 0xff, 0x57, 0x44, 0x27, 0xff, 0x57, 0x44, 0x27, 0xff,
    0x57, 0x44, 0x27, 0xff, 0x57, 0x44, 0x27, 0xff, 0x57, 0x44, 0x27, 0xff,
    0x57, 0x44, 0x27, 0xff, 0x57, 0x44, 0x27, 0xff, 0x57, 0x44, 0x27, 0xff,
    0x57, 0x44, 0x27, 0xff, 0x57, 0x44, 0x27, 0xff, 0x57, 0x44, 0x27, 0xff,
    0x57, 0x44, 0x27, 0xff, 0x57, 0x44, 0x27, 0xff, 0x57, 0x44, 0x27, 0xff,
    0x57, 0x44, 0x27, 0xff, 0x57, 0x44, 0x27, 0xff, 0x57, 0x44, 0x27, 0xff,
    0x57, 0x44, 0x27, 0xff, 0x57, 0x44, 0x27, 0xff, 0x57, 0x44, 0x27, 0xff,
    0x57, 0x44, 0x27, 0xff, 0x57, 0x44, 0x27, 0xff, 0x57, 0x44, 0x27, 0xff,
    0x57, 0x44, 0x27, 0xff, 0x57, 0x44, 0x27, 0xff, 0x57, 0x44, 0x27, 0xff,
    0x57, 0x44, 0x27, 0xff, 0x57, 0x44, 0x27, 0xff, 0x57, 0x44, 0x27, 0xff,
    0x57, 0x44, 0x27, 0xff, 0x57, 0x44, 0x27, 0xff, 0x57, 0x44, 0x27, 0xff,
    0x57, 0x44, 0x27, 0xff, 0x57, 0x44, 0x27, 0xff, 0x57, 0x44, 0x27, 0xff,
    0x57, 0x44, 0x27, 0xff, 0x57, 0x44, 0x27, 0xff, 0x57, 0x44, 0x27, 0xff,
    0x57, 0x44, 0x27, 0xff, 0x57, 0x44, 0x27, 0xff, 0x57, 0x44, 0x27, 0xff,
    0x57, 0x44, 0x27, 0xff, 0x57, 0x44, 0x27, 0xff, 0x57, 0x44, 0x27, 0xff,
    0x3f, 0x31, 0x1c, 0xff, 0x3f, 0x31, 0x1c, 0xff, 0x41, 0x33, 0x1f, 0xff,
    0x78, 0x69, 0x52, 0xff, 0x64, 0x53, 0x39, 0xff, 0x58, 0x45, 0x29, 0xff,
    0x57, 0x44, 0x27, 0xff, 0x57, 0x44, 0x27, 0xff, 0x57, 0x44, 0x27, 0xff,
    0x57, 0x44, 0x27, 0xff, 0x57, 0x44, 0x27, 0xff, 0x57, 0x44, 0x27, 0xff,
    0x57, 0x44, 0x27, 0xff, 0x57, 0x44, 0x27, 0xff, 0x57, 0x44, 0x27, 0xff,
    0x57, 0x44, 0x27, 0xff, 0x57, 0x44, 0x27, 0xff, 0x57, 0x44, 0x27, 0xff,
    0x57, 0x44, 0x27, 0xff, 0x57, 0x44, 0x27, 0xff, 0x57, 0x44, 0x27, 0xff,
    0x57, 0x44, 0x27, 0xff, 0x57, 0x44, 0x27, 0xff, 0x57, 0x44, 0x27, 0xff,
    0x57, 0x44, 0x27, 0xff, 0x57, 0x44, 0x27, 0xff, 0x57, 0x44, 0x27, 0xff,
    0x57, 0x44, 0x27, 0xff, 0x57, 0x44, 0x27, 0xff, 0x57, 0x44, 0x27, 0xff,
    0x57, 0x44, 0x27, 0xff, 0x57, 0x44, 0x27, 0xff, 0x57, 0x44, 0x27, 0xff,
    0x57, 0x44, 0x27, 0xff, 0x57, 0x44, 0x27, 0xff, 0x57, 0x44, 0x27, 0xff,
    0x57, 0x44, 0x27, 0xff, 0x57, 0x44, 0x27, 0xff, 0x57, 0x44, 0x27, 0xff,
    0x57, 0x44, 0x27, 0xff, 0x57, 0x44, 0x27, 0xff, 0x57, 0x44, 0x27, 0xff,
    0x57, 0x44, 0x27, 0xff, 0x57, 0x44, 0x27, 0xff, 0x57, 0x44, 0x27, 0xff,
    0x57, 0x44, 0x27, 0xff, 0x57, 0x44, 0x27, 0xff, 0x57, 0x44, 0x27, 0xff,
    0x57, 0x44, 0x27, 0xff, 0x57, 0x44, 0x27, 0xff, 0x3f, 0x31, 0x1c, 0xff,
    0x3f, 0x31, 0x1c, 0xff, 0x41, 0x33, 0x1f, 0xff, 0x78, 0x69, 0x52, 0xff,
    0x64, 0x53, 0x39, 0xff, 0x59, 0x46, 0x29, 0xff, 0x57, 0x44, 0x27, 0xff,
    0x57, 0x44, 0x27, 0xff, 0x57, 0x44, 0x27, 0xff, 0x57, 0x44, 0x27, 0xff,
    0x57, 0x44, 0x27, 0xff, 0x57, 0x44, 0x27, 0xff, 0x57, 0x44, 0x27, 0xff,
    0x57, 0x44, 0x27, 0xff, 0x57, 0x44, 0x27, 0xff, 0x57, 0x44, 0x27, 0xff,
    0x57, 0x44, 0x27, 0xff, 0x57, 0x44, 0x27, 0xff, 0x57, 0x44, 0x27, 0xff,
    0x57, 0x44, 0x27, 0xff, 0x57, 0x44, 0x27, 0xff, 0x57, 0x44, 0x27, 0xff,
    0x57, 0x44, 0x27, 0xff, 0x57, 0x44, 0x27, 0xff, 0x57, 0x44, 0x27, 0xff,
    0x57, 0x44, 0x27, 0xff, 0x57, 0x44, 0x27, 0xff, 0x57, 0x44, 0x27, 0xff,
    0x57, 0x44, 0x27, 0xff, 0x57, 0x44, 0x27, 0xff, 0x57, 0x44, 0x27, 0xff,
    0x57, 0x44, 0x27, 0xff, 0x57, 0x44, 0x27, 0xff, 0x57, 0x44, 0x27, 0xff,
    0x57, 0x44, 0x27, 0xff, 0x57, 0x44, 0x27, 0xff, 0x57, 0x44, 0x27, 0xff,
    0x57, 0x44, 0x27, 0xff, 0x57, 0x44, 0x27, 0xff, 0x57, 0x44, 0x27, 0xff,
    0x57, 0x44, 0x27, 0xff, 0x57, 0x44, 0x27, 0xff, 0x57, 0x44, 0x27, 0xff,
    0x57, 0x44, 0x27, 0xff, 0x57, 0x44, 0x27, 0xff, 0x57, 0x44, 0x27, 0xff,
    0x57, 0x44, 0x27, 0xff, 0x57, 0x44, 0x27, 0xff, 0x57, 0x44, 0x27, 0xff,
    0x57, 0x44, 0x27, 0xff, 0x3f, 0x31, 0x1c, 0xff, 0x3f, 0x31, 0x1c, 0xff,
    0x41, 0x33, 0x1f, 0xff, 0x78, 0x69, 0x52, 0xff, 0x65, 0x53, 0x39, 0xff,
    0x59, 0x46, 0x29, 0xff, 0x57, 0x44, 0x27, 0xff, 0x57, 0x44, 0x27, 0xff,
    0x57, 0x44, 0x27, 0xff, 0x57, 0x44, 0x27, 0xff, 0x57, 0x44, 0x27, 0xff,
    0x57, 0x44, 0x27, 0xff, 0x57, 0x44, 0x27, 0xff, 0x57, 0x44, 0x27, 0xff,
    0x57, 0x44, 0x27, 0xff, 0x57, 0x44, 0x27, 0xff, 0x57, 0x44, 0x27, 0xff,
    0x57, 0x44, 0x27, 0xff, 0x57, 0x44, 0x27, 0xff, 0x57, 0x44, 0x27, 0xff,
    0x57, 0x44, 0x27, 0xff, 0x57, 0x44, 0x27, 0xff, 0x57, 0x44, 0x27, 0xff,
    0x57, 0x44, 0x27, 0xff, 0x57, 0x44, 0x27, 0xff, 0x57, 0x44, 0x27, 0xff,
    0x57, 0x44, 0x27, 0xff, 0x57, 0x44, 0x27, 0xff, 0x57, 0x44, 0x27, 0xff,
    0x57, 0x44, 0x27, 0xff, 0x57, 0x44, 0x27, 0xff, 0x57, 0x44, 0x27, 0xff,
    0x57, 0x44, 0x27, 0xff, 0x57, 0x44, 0x27, 0xff, 0x57, 0x44, 0x27, 0xff,
    0x57, 0x44, 0x27, 0xff, 0x57, 0x44, 0x27, 0xff, 0x57, 0x44, 0x27, 0xff,
    0x57, 0x44, 0x27, 0xff, 0x57, 0x44, 0x27, 0xff, 0x57, 0x44, 0x27, 0xff,
    0x57, 0x44, 0x27, 0xff, 0x57, 0x44, 0x27, 0xff, 0x57, 0x44, 0x27, 0xff,
    0x57, 0x44, 0x27, 0xff, 0x57, 0x44, 0x27, 0xff, 0x57, 0x44, 0x27, 0xff,
    0x57, 0x44, 0x27, 0xff, 0x57, 0x44, 0x27, 0xff, 0x57, 0x44, 0x27, 0xff,
    0x3f, 0x31, 0x1c, 0xff, 0x3f, 0x31, 0x1c, 0xff, 0x41, 0x33, 0x1f, 0xff,
    0x78, 0x69, 0x52, 0xff, 0x64, 0x53, 0x39, 0xff, 0x59, 0x46, 0x29, 0xff,
    0x57, 0x44, 0x27, 0xff, 0x57, 0x44, 0x27, 0xff, 0x57, 0x44, 0x27, 0xff,
    0x57, 0x44, 0x27, 0xff, 0x57, 0x44, 0x27, 0xff, 0x57, 0x44, 0x27, 0xff,
    0x57, 0x44, 0x27, 0xff, 0x57, 0x44, 0x27, 0xff, 0x57, 0x44, 0x27, 0xff,
    0x57, 0x44, 0x27, 0xff, 0x57, 0x44, 0x27, 0xff, 0x57, 0x44, 0x27, 0xff,
    0x57, 0x44, 0x27, 0xff, 0x57, 0x44, 0x27, 0xff, 0x57, 0x44, 0x27, 0xff,
    0x57, 0x44, 0x27, 0xff, 0x57, 0x44, 0x27, 0xff, 0x57, 0x44, 0x27, 0xff,
    0x57, 0x44, 0x27, 0xff, 0x57, 0x44, 0x27, 0xff, 0x57, 0x44, 0x27, 0xff,
    0x57, 0x44, 0x27, 0xff, 0x57, 0x44, 0x27, 0xff, 0x57, 0x44, 0x27, 0xff,
    0x57, 0x44, 0x27, 0xff, 0x57, 0x44, 0x27, 0xff, 0x57, 0x44, 0x27, 0xff,
    0x57, 0x44, 0x27, 0xff, 0x57, 0x44, 0x27, 0xff, 0x57, 0x44, 0x27, 0xff,
    0x57, 0x44, 0x27, 0xff, 0x57, 0x44, 0x27, 0xff, 0x57, 0x44, 0x27, 0xff,
    0x57, 0x44, 0x27, 0xff, 0x57, 0x44, 0x27, 0xff, 0x57, 0x44, 0x27, 0xff,
    0x57, 0x44, 0x27, 0xff, 0x57, 0x44, 0x27, 0xff, 0x57, 0x44, 0x27, 0xff,
    0x57, 0x44, 0x27, 0xff, 0x57, 0x44, 0x27, 0xff, 0x57, 0x44, 0x27, 0xff,
    0x57, 0x44, 0x27, 0xff, 0x57, 0x44, 0x27, 0xff, 0x3f, 0x31, 0x1c, 0xff,
    0x3f, 0x31, 0x1c, 0xff, 0x41, 0x33, 0x1f, 0xff, 0x78, 0x69, 0x52, 0xff,
    0x65, 0x53, 0x39, 0xff, 0x59, 0x46, 0x29, 0xff, 0x57, 0x44, 0x27, 0xff,
    0x57, 0x44, 0x27, 0xff, 0x57, 0x44, 0x27, 0xff, 0x57, 0x44, 0x27, 0xff,
    0x57, 0x44, 0x27, 0xff, 0x57, 0x44, 0x27, 0xff, 0x57, 0x44, 0x27, 0xff,
    0x57, 0x44, 0x27, 0xff, 0x57, 0x44, 0x27, 0xff, 0x57, 0x44, 0x27, 0xff,
    0x57, 0x44, 0x27, 0xff, 0x57, 0x44, 0x27, 0xff, 0x57, 0x44, 0x27, 0xff,
    0x57, 0x44, 0x27, 0xff, 0x57, 0x44, 0x27, 0xff, 0x57, 0x44, 0x27, 0xff,
    0x57, 0x44, 0x27, 0xff, 0x57, 0x44, 0x27, 0xff, 0x57, 0x44, 0x27, 0xff,
    0x57, 0x44, 0x27, 0xff, 0x57, 0x44, 0x27, 0xff, 0x57, 0x44, 0x27, 0xff,
    0x57, 0x44, 0x27, 0xff, 0x57, 0x44, 0x27, 0xff, 0x57, 0x44, 0x27, 0xff,
    0x57, 0x44, 0x27, 0xff, 0x57, 0x44, 0x27, 0xff, 0x57, 0x44, 0x27, 0xff,
    0x57, 0x44, 0x27, 0xff, 0x57, 0x44, 0x27, 0xff, 0x57, 0x44, 0x27, 0xff,
    0x57, 0x44, 0x27, 0xff, 0x57, 0x44, 0x27, 0xff, 0x57, 0x44, 0x27, 0xff,
    0x57, 0x44, 0x27, 0xff, 0x57, 0x44, 0x27, 0xff, 0x57, 0x44, 0x27, 0xff,
    0x57, 0x44, 0x27, 0xff, 0x57, 0x44, 0x27, 0xff, 0x57, 0x44, 0x27, 0xff,
    0x57, 0x44, 0x27, 0xff, 0x57, 0x44, 0x27, 0xff, 0x57, 0x44, 0x27, 0xff,
    0x57, 0x44, 0x27, 0xff, 0x3f, 0x31, 0x1c, 0xff, 0x3f, 0x31, 0x1c, 0xff,
    0x41, 0x33, 0x1f, 0xff, 0x78, 0x69, 0x52, 0xff, 0x64, 0x53, 0x39, 0xff,
    0x59, 0x46, 0x29, 0xff, 0x57, 0x44, 0x27, 0xff, 0x57, 0x44, 0x27, 0xff,
    0x57, 0x44, 0x27, 0xff, 0x57, 0x44, 0x27, 0xff, 0x57, 0x44, 0x27, 0xff,
    0x57, 0x44, 0x27, 0xff, 0x57, 0x44, 0x27, 0xff, 0x57, 0x44, 0x27, 0xff,
    0x57, 0x44, 0x27, 0xff, 0x57, 0x44, 0x27, 0xff, 0x57, 0x44, 0x27, 0xff,
    0x57, 0x44, 0x27, 0xff, 0x57, 0x44, 0x27, 0xff, 0x57, 0x44, 0x27, 0xff,
    0x57, 0x44, 0x27, 0xff, 0x57, 0x44, 0x27, 0xff, 0x57, 0x44, 0x27, 0xff,
    0x57, 0x44, 0x27, 0xff, 0x57, 0x44, 0x27, 0xff, 0x57, 0x44, 0x27, 0xff,
    0x57, 0x44, 0x27, 0xff, 0x57, 0x44, 0x27, 0xff, 0x57, 0x44, 0x27, 0xff,
    0x57, 0x44, 0x27, 0xff, 0x57, 0x44, 0x27, 0xff, 0x57, 0x44, 0x27, 0xff,
    0x57, 0x44, 0x27, 0xff, 0x57, 0x44, 0x27, 0xff, 0x57, 0x44, 0x27, 0xff,
    0x57, 0x44, 0x27, 0xff, 0x57, 0x44, 0x27, 0xff, 0x57, 0x44, 0x27, 0xff,
    0x57, 0x44, 0x27, 0xff, 0x57, 0x44, 0x27, 0xff, 0x57, 0x44, 0x27, 0xff,
    0x57, 0x44, 0x27, 0xff, 0x57, 0x44, 0x27, 0xff, 0x57, 0x44, 0x27, 0xff,
    0x57, 0x44, 0x27, 0xff, 0x57, 0x44, 0x27, 0xff, 0x57, 0x44, 0x27, 0xff,
    0x57, 0x44, 0x27, 0xff, 0x57, 0x44, 0x27, 0xff, 0x57, 0x44, 0x27, 0xff,
    0x3f, 0x31, 0x1c, 0xff, 0x3f, 0x31, 0x1c, 0xff, 0x41, 0x33, 0x1f, 0xff,
    0x78, 0x69, 0x52, 0xff, 0x64, 0x53, 0x39, 0xff, 0x59, 0x46, 0x29, 0xff,
    0x57, 0x44, 0x27, 0xff, 0x57, 0x44, 0x27, 0xff, 0x57, 0x44, 0x27, 0xff,
    0x57, 0x44, 0x27, 0xff, 0x57, 0x44, 0x27, 0xff, 0x57, 0x44, 0x27, 0xff,
    0x57, 0x44, 0x27, 0xff, 0x57, 0x44, 0x27, 0xff, 0x57, 0x44, 0x27, 0xff,
    0x57, 0x44, 0x27, 0xff, 0x57, 0x44, 0x27, 0xff, 0x57, 0x44, 0x27, 0xff,
    0x57, 0x44, 0x27, 0xff, 0x57, 0x44, 0x27, 0xff, 0x57, 0x44, 0x27, 0xff,
    0x57, 0x44, 0x27, 0xff, 0x57, 0x44, 0x27, 0xff, 0x57, 0x44, 0x27, 0xff,
    0x57, 0x44, 0x27, 0xff, 0x57, 0x44, 0x27, 0xff, 0x57, 0x44, 0x27, 0xff,
    0x57, 0x44, 0x27, 0xff, 0x57, 0x44, 0x27, 0xff, 0x57, 0x44, 0x27, 0xff,
    0x57, 0x44, 0x27, 0xff, 0x57, 0x44, 0x27, 0xff, 0x57, 0x44, 0x27, 0xff,
    0x57, 0x44, 0x27, 0xff, 0x57, 0x44, 0x27, 0xff, 0x57, 0x44, 0x27, 0xff,
    0x57, 0x44, 0x27, 0xff, 0x57, 0x44, 0x27, 0xff, 0x57, 0x44, 0x27, 0xff,
    0x57, 0x44, 0x27, 0xff, 0x57, 0x44, 0x27, 0xff, 0x57, 0x44, 0x27, 0xff,
    0x57, 0x44, 0x27, 0xff, 0x57, 0x44, 0x27, 0xff, 0x57, 0x44, 0x27, 0xff,
    0x57, 0x44, 0x27, 0xff, 0x57, 0x44, 0x27, 0xff, 0x57, 0x44, 0x27, 0xff,
    0x57, 0x44, 0x27, 0xff, 0x57, 0x44, 0x27, 0xff, 0x3f, 0x31, 0x1c, 0xff,
    0x3f, 0x31, 0x1c, 0xff, 0x41, 0x33, 0x1f, 0xff, 0x78, 0x69, 0x52, 0xff,
    0x64, 0x53, 0x39, 0xff, 0x59, 0x46, 0x29, 0xff, 0x57, 0x44, 0x27, 0xff,
    0x57, 0x44, 0x27, 0xff, 0x57, 0x44, 0x27, 0xff, 0x57, 0x44, 0x27, 0xff,
    0x57, 0x44, 0x27, 0xff, 0x57, 0x44, 0x27, 0xff, 0x57, 0x44, 0x27, 0xff,
    0x57, 0x44, 0x27, 0xff, 0x57, 0x44, 0x27, 0xff, 0x57, 0x44, 0x27, 0xff,
    0x57, 0x44, 0x27, 0xff, 0x57, 0x44, 0x27, 0xff, 0x57, 0x44, 0x27, 0xff,
    0x57, 0x44, 0x27, 0xff, 0x57, 0x44, 0x27, 0xff, 0x57, 0x44, 0x27, 0xff,
    0x57, 0x44, 0x27, 0xff, 0x57, 0x44, 0x27, 0xff, 0x57, 0x44, 0x27, 0xff,
    0x57, 0x44, 0x27, 0xff, 0x57, 0x44, 0x27, 0xff, 0x57, 0x44, 0x27, 0xff,
    0x57, 0x44, 0x27, 0xff, 0x57, 0x44, 0x27, 0xff, 0x57, 0x44, 0x27, 0xff,
    0x57, 0x44, 0x27, 0xff, 0x57, 0x44, 0x27, 0xff, 0x57, 0x44, 0x27, 0xff,
    0x57, 0x44, 0x27, 0xff, 0x57, 0x44, 0x27, 0xff, 0x57, 0x44, 0x27, 0xff,
    0x57, 0x44, 0x27, 0xff, 0x57, 0x44, 0x27, 0xff, 0x57, 0x44, 0x27, 0xff,
    0x57, 0x44, 0x27, 0xff, 0x57, 0x44, 0x27, 0xff, 0x57, 0x44, 0x27, 0xff,
    0x57, 0x44, 0x27, 0xff, 0x57, 0x44, 0x27, 0xff, 0x57, 0x44, 0x27, 0xff,
    0x57, 0x44, 0x27, 0xff, 0x57, 0x44, 0x27, 0xff, 0x57, 0x44, 0x27, 0xff,
    0x57, 0x44, 0x27, 0xff, 0x3f, 0x31, 0x1c, 0xff, 0x3f, 0x31, 0x1c, 0xff,
    0x41, 0x33, 0x1f, 0xff, 0x78, 0x69, 0x52, 0xff, 0x65, 0x53, 0x39, 0xff,
    0x59, 0x46, 0x29, 0xff, 0x57, 0x44, 0x27, 0xff, 0x57, 0x44, 0x27, 0xff,
    0x57, 0x44, 0x27, 0xff, 0x57, 0x44, 0x27, 0xff, 0x57, 0x44, 0x27, 0xff,
    0x57, 0x44, 0x27, 0xff, 0x57, 0x44, 0x27, 0xff, 0x57, 0x44, 0x27, 0xff,
    0x57, 0x44, 0x27, 0xff, 0x57, 0x44, 0x27, 0xff, 0x57, 0x44, 0x27, 0xff,
    0x57, 0x44, 0x27, 0xff, 0x57, 0x44, 0x27, 0xff, 0x57, 0x44, 0x27, 0xff,
    0x57, 0x44, 0x27, 0xff, 0x57, 0x44, 0x27, 0xff, 0x57, 0x44, 0x27, 0xff,
    0x57, 0x44, 0x27, 0xff, 0x57, 0x44, 0x27, 0xff, 0x57, 0x44, 0x27, 0xff,
    0x57, 0x44, 0x27, 0xff, 0x57, 0x44, 0x27, 0xff, 0x57, 0x44, 0x27, 0xff,
    0x57, 0x44, 0x27, 0xff, 0x57, 0x44, 0x27, 0xff, 0x57, 0x44, 0x27, 0xff,
    0x57, 0x44, 0x27, 0xff, 0x57, 0x44, 0x27, 0xff, 0x57, 0x44, 0x27, 0xff,
    0x57, 0x44, 0x27, 0xff, 0x57, 0x44, 0x27, 0xff, 0x57, 0x44, 0x27, 0xff,
    0x57, 0x44, 0x27, 0xff, 0x57, 0x44, 0x27, 0xff, 0x57, 0x44, 0x27, 0xff,
    0x57, 0x44, 0x27, 0xff, 0x57, 0x44, 0x27, 0xff, 0x57, 0x44, 0x27, 0xff,
    0x57, 0x44, 0x27, 0xff, 0x57, 0x44, 0x27, 0xff, 0x57, 0x44, 0x27, 0xff,
    0x57, 0x44, 0x27, 0xff, 0x57, 0x44, 0x27, 0xff, 0x57, 0x44, 0x27, 0xff,
    0x3f, 0x31, 0x1c, 0xff, 0x3f, 0x31, 0x1c, 0xff, 0x41, 0x33, 0x1f, 0xff,
    0x78, 0x69, 0x52, 0xff, 0x65, 0x53, 0x39, 0xff, 0x59, 0x46, 0x29, 0xff,
    0x57, 0x44, 0x27, 0xff, 0x57, 0x44, 0x27, 0xff, 0x57, 0x44, 0x27, 0xff,
    0x57, 0x44, 0x27, 0xff, 0x57, 0x44, 0x27, 0xff, 0x57, 0x44, 0x27, 0xff,
    0x57, 0x44, 0x27, 0xff, 0x57, 0x44, 0x27, 0xff, 0x57, 0x44, 0x27, 0xff,
    0x57, 0x44, 0x27, 0xff, 0x57, 0x44, 0x27, 0xff, 0x57, 0x44, 0x27, 0xff,
    0x57, 0x44, 0x27, 0xff, 0x57, 0x44, 0x27, 0xff, 0x57, 0x44, 0x27, 0xff,
    0x57, 0x44, 0x27, 0xff, 0x57, 0x44, 0x27, 0xff, 0x57, 0x44, 0x27, 0xff,
    0x57, 0x44, 0x27, 0xff, 0x57, 0x44, 0x27, 0xff, 0x57, 0x44, 0x27, 0xff,
    0x57, 0x44, 0x27, 0xff, 0x57, 0x44, 0x27, 0xff, 0x57, 0x44, 0x27, 0xff,
    0x57, 0x44, 0x27, 0xff, 0x57, 0x44, 0x27, 0xff, 0x57, 0x44, 0x27, 0xff,
    0x57, 0x44, 0x27, 0xff, 0x57, 0x44, 0x27, 0xff, 0x57, 0x44, 0x27, 0xff,
    0x57, 0x44, 0x27, 0xff, 0x57, 0x44, 0x27, 0xff, 0x57, 0x44, 0x27, 0xff,
    0x57, 0x44, 0x27, 0xff, 0x57, 0x44, 0x27, 0xff, 0x57, 0x44, 0x27, 0xff,
    0x57, 0x44, 0x27, 0xff, 0x57, 0x44, 0x27, 0xff, 0x57, 0x44, 0x27, 0xff,
    0x57, 0x44, 0x27, 0xff, 0x57, 0x44, 0x27, 0xff, 0x57, 0x44, 0x27, 0xff,
    0x57, 0x44, 0x27, 0xff, 0x57, 0x44, 0x27, 0xff, 0x3f, 0x31, 0x1c, 0xff,
    0x3f, 0x31, 0x1c, 0xff, 0x41, 0x33, 0x1f, 0xff, 0x78, 0x69, 0x52, 0xff,
    0x64, 0x53, 0x39, 0xff, 0x59, 0x46, 0x29, 0xff, 0x57, 0x44, 0x27, 0xff,
    0x57, 0x44, 0x27, 0xff, 0x57, 0x44, 0x27, 0xff, 0x57, 0x44, 0x27, 0xff,
    0x57, 0x44, 0x27, 0xff, 0x57, 0x44, 0x27, 0xff, 0x57, 0x44, 0x27, 0xff,
    0x57, 0x44, 0x27, 0xff, 0x57, 0x44, 0x27, 0xff, 0x57, 0x44, 0x27, 0xff,
    0x57, 0x44, 0x27, 0xff, 0x57, 0x44, 0x27, 0xff, 0x57, 0x44, 0x27, 0xff,
    0x57, 0x44, 0x27, 0xff, 0x57, 0x44, 0x27, 0xff, 0x57, 0x44, 0x27, 0xff,
    0x57, 0x44, 0x27, 0xff, 0x57, 0x44, 0x27, 0xff, 0x57, 0x44, 0x27, 0xff,
    0x57, 0x44, 0x27, 0xff, 0x57, 0x44, 0x27, 0xff, 0x57, 0x44, 0x27, 0xff,
    0x57, 0x44, 0x27, 0xff, 0x57, 0x44, 0x27, 0xff, 0x57, 0x44, 0x27, 0xff,
    0x57, 0x44, 0x27, 0xff, 0x57, 0x44, 0x27, 0xff, 0x57, 0x44, 0x27, 0xff,
    0x57, 0x44, 0x27, 0xff, 0x57, 0x44, 0x27, 0xff, 0x57, 0x44, 0x27, 0xff,
    0x57, 0x44, 0x27, 0xff, 0x57, 0x44, 0x27, 0xff, 0x57, 0x44, 0x27, 0xff,
    0x57, 0x44, 0x27, 0xff, 0x57, 0x44, 0x27, 0xff, 0x57, 0x44, 0x27, 0xff,
    0x57, 0x44, 0x27, 0xff, 0x57, 0x44, 0x27, 0xff, 0x57, 0x44, 0x27, 0xff,
    0x57, 0x44, 0x27, 0xff, 0x57, 0x44, 0x27, 0xff, 0x57, 0x44, 0x27, 0xff,
    0x57, 0x44, 0x27, 0xff, 0x3f, 0x31, 0x1c, 0xff, 0x3f, 0x31, 0x1c, 0xff,
    0x41, 0x33, 0x1f, 0xff, 0x78, 0x69, 0x52, 0xff, 0x64, 0x53, 0x38, 0xff,
    0x59, 0x46, 0x29, 0xff, 0x57, 0x44, 0x27, 0xff, 0x57, 0x44, 0x27, 0xff,
    0x57, 0x44, 0x27, 0xff, 0x57, 0x44, 0x27, 0xff, 0x57, 0x44, 0x27, 0xff,
    0x57, 0x44, 0x27, 0xff, 0x57, 0x44, 0x27, 0xff, 0x57, 0x44, 0x27, 0xff,
    0x57, 0x44, 0x27, 0xff, 0x57, 0x44, 0x27, 0xff, 0x57, 0x44, 0x27, 0xff,
    0x57, 0x44, 0x27, 0xff, 0x57, 0x44, 0x27, 0xff, 0x57, 0x44, 0x27, 0xff,
    0x57, 0x44, 0x27, 0xff, 0x57, 0x44, 0x27, 0xff, 0x57, 0x44, 0x27, 0xff,
    0x57, 0x44, 0x27, 0xff, 0x57, 0x44, 0x27, 0xff, 0x57, 0x44, 0x27, 0xff,
    0x57, 0x44, 0x27, 0xff, 0x57, 0x44, 0x27, 0xff, 0x57, 0x44, 0x27, 0xff,
    0x57, 0x44, 0x27, 0xff, 0x57, 0x44, 0x27, 0xff, 0x57, 0x44, 0x27, 0xff,
    0x57, 0x44, 0x27, 0xff, 0x57, 0x44, 0x27, 0xff, 0x57, 0x44, 0x27, 0xff,
    0x57, 0x44, 0x27, 0xff, 0x57, 0x44, 0x27, 0xff, 0x57, 0x44, 0x27, 0xff,
    0x57, 0x44, 0x27, 0xff, 0x57, 0x44, 0x27, 0xff, 0x57, 0x44, 0x27, 0xff,
    0x57, 0x44, 0x27, 0xff, 0x57, 0x44, 0x27, 0xff, 0x57, 0x44, 0x27, 0xff,
    0x57, 0x44, 0x27, 0xff, 0x57, 0x44, 0x27, 0xff, 0x57, 0x44, 0x27, 0xff,
    0x57, 0x44, 0x27, 0xff, 0x57, 0x44, 0x27, 0xff, 0x57, 0x44, 0x27, 0xff,
    0x3f, 0x31, 0x1c, 0xff, 0x3f, 0x31, 0x1c, 0xff, 0x41, 0x33, 0x1f, 0xff,
    0x78, 0x69, 0x52, 0xff, 0x65, 0x53, 0x39, 0xff, 0x59, 0x46, 0x29, 0xff,
    0x57, 0x44, 0x27, 0xff, 0x57, 0x44, 0x27, 0xff, 0x57, 0x44, 0x27, 0xff,
    0x57, 0x44, 0x27, 0xff, 0x57, 0x44, 0x27, 0xff, 0x57, 0x44, 0x27, 0xff,
    0x57, 0x44, 0x27, 0xff, 0x57, 0x44, 0x27, 0xff, 0x57, 0x44, 0x27, 0xff,
    0x57, 0x44, 0x27, 0xff, 0x57, 0x44, 0x27, 0xff, 0x57, 0x44, 0x27, 0xff,
    0x57, 0x44, 0x27, 0xff, 0x57, 0x44, 0x27, 0xff, 0x57, 0x44, 0x27, 0xff,
    0x57, 0x44, 0x27, 0xff, 0x57, 0x44, 0x27, 0xff, 0x57, 0x44, 0x27, 0xff,
    0x57, 0x44, 0x27, 0xff, 0x57, 0x44, 0x27, 0xff, 0x57, 0x44, 0x27, 0xff,
    0x57, 0x44, 0x27, 0xff, 0x57, 0x44, 0x27, 0xff, 0x57, 0x44, 0x27, 0xff,
    0x57, 0x44, 0x27, 0xff, 0x57, 0x44, 0x27, 0xff, 0x57, 0x44, 0x27, 0xff,
    0x57, 0x44, 0x27, 0xff, 0x57, 0x44, 0x27, 0xff, 0x57, 0x44, 0x27, 0xff,
    0x57, 0x44, 0x27, 0xff, 0x57, 0x44, 0x27, 0xff, 0x57, 0x44, 0x27, 0xff,
    0x57, 0x44, 0x27, 0xff, 0x57, 0x44, 0x27, 0xff, 0x57, 0x44, 0x27, 0xff,
    0x57, 0x44, 0x27, 0xff, 0x57, 0x44, 0x27, 0xff, 0x57, 0x44, 0x27, 0xff,
    0x57, 0x44, 0x27, 0xff, 0x57, 0x44, 0x27, 0xff, 0x57, 0x44, 0x27, 0xff,
    0x57, 0x44, 0x27, 0xff, 0x57, 0x44, 0x27, 0xff, 0x3f, 0x31, 0x1c, 0xff,
    0x3f, 0x31, 0x1c, 0xff, 0x41, 0x33, 0x1f, 0xff, 0x78, 0x69, 0x52, 0xff,
    0x64, 0x53, 0x39, 0xff, 0x59, 0x46, 0x29, 0xff, 0x57, 0x44, 0x27, 0xff,
    0x57, 0x44, 0x27, 0xff, 0x57, 0x44, 0x27, 0xff, 0x57, 0x44, 0x27, 0xff,
    0x57, 0x44, 0x27, 0xff, 0x57, 0x44, 0x27, 0xff, 0x57, 0x44, 0x27, 0xff,
    0x57, 0x44, 0x27, 0xff, 0x57, 0x44, 0x27, 0xff, 0x57, 0x44, 0x27, 0xff,
    0x57, 0x44, 0x27, 0xff, 0x57, 0x44, 0x27, 0xff, 0x57, 0x44, 0x27, 0xff,
    0x57, 0x44, 0x27, 0xff, 0x57, 0x44, 0x27, 0xff, 0x57, 0x44, 0x27, 0xff,
    0x57, 0x44, 0x27, 0xff, 0x57, 0x44, 0x27, 0xff, 0x57, 0x44, 0x27, 0xff,
    0x57, 0x44, 0x27, 0xff, 0x57, 0x44, 0x27, 0xff, 0x57, 0x44, 0x27, 0xff,
    0x57, 0x44, 0x27, 0xff, 0x57, 0x44, 0x27, 0xff, 0x57, 0x44, 0x27, 0xff,
    0x57, 0x44, 0x27, 0xff, 0x57, 0x44, 0x27, 0xff, 0x57, 0x44, 0x27, 0xff,
    0x57, 0x44, 0x27, 0xff, 0x57, 0x44, 0x27, 0xff, 0x57, 0x44, 0x27, 0xff,
    0x57, 0x44, 0x27, 0xff, 0x57, 0x44, 0x27, 0xff, 0x57, 0x44, 0x27, 0xff,
    0x57, 0x44, 0x27, 0xff, 0x57, 0x44, 0x27, 0xff, 0x57, 0x44, 0x27, 0xff,
    0x57, 0x44, 0x27, 0xff, 0x57, 0x44, 0x27, 0xff, 0x57, 0x44, 0x27, 0xff,
    0x57, 0x44, 0x27, 0xff, 0x57, 0x44, 0x27, 0xff, 0x57, 0x44, 0x27, 0xff,
    0x57, 0x44, 0x27, 0xff, 0x3f, 0x31, 0x1c, 0xff, 0x3f, 0x31, 0x1c, 0xff,
    0x41, 0x33, 0x1f, 0xff, 0x78, 0x69, 0x52, 0xff, 0x64, 0x53, 0x39, 0xff,
    0x59, 0x46, 0x29, 0xff, 0x57, 0x44, 0x27, 0xff, 0x57, 0x44, 0x27, 0xff,
    0x57, 0x44, 0x27, 0xff, 0x57, 0x44, 0x27, 0xff, 0x57, 0x44, 0x27, 0xff,
    0x57, 0x44, 0x27, 0xff, 0x57, 0x44, 0x27, 0xff, 0x57, 0x44, 0x27, 0xff,
    0x57, 0x44, 0x27, 0xff, 0x57, 0x44, 0x27, 0xff, 0x57, 0x44, 0x27, 0xff,
    0x57, 0x44, 0x27, 0xff, 0x57, 0x44, 0x27, 0xff, 0x57, 0x44, 0x27, 0xff,
    0x57, 0x44, 0x27, 0xff, 0x57, 0x44, 0x27, 0xff, 0x57, 0x44, 0x27, 0xff,
    0x57, 0x44, 0x27, 0xff, 0x57, 0x44, 0x27, 0xff, 0x57, 0x44, 0x27, 0xff,
    0x57, 0x44, 0x27, 0xff, 0x57, 0x44, 0x27, 0xff, 0x57, 0x44, 0x27, 0xff,
    0x57, 0x44, 0x27, 0xff, 0x57, 0x44, 0x27, 0xff, 0x57, 0x44, 0x27, 0xff,
    0x57, 0x44, 0x27, 0xff, 0x57, 0x44, 0x27, 0xff, 0x57, 0x44, 0x27, 0xff,
    0x57, 0x44, 0x27, 0xff, 0x57, 0x44, 0x27, 0xff, 0x57, 0x44, 0x27, 0xff,
    0x57, 0x44, 0x27, 0xff, 0x57, 0x44, 0x27, 0xff, 0x57, 0x44, 0x27, 0xff,
    0x57, 0x44, 0x27, 0xff, 0x57, 0x44, 0x27, 0xff, 0x57, 0x44, 0x27, 0xff,
    0x57, 0x44, 0x27, 0xff, 0x57, 0x44, 0x27, 0xff, 0x57, 0x44, 0x27, 0xff,
    0x57, 0x44, 0x27, 0xff, 0x57, 0x44, 0x27, 0xff, 0x57, 0x44, 0x27, 0xff,
    0x3f, 0x31, 0x1c, 0xff, 0x3f, 0x31, 0x1c, 0xff, 0x41, 0x33, 0x1f, 0xff,
    0x78, 0x69, 0x52, 0xff, 0x65, 0x53, 0x39, 0xff, 0x59, 0x46, 0x29, 0xff,
    0x57, 0x44, 0x27, 0xff, 0x57, 0x44, 0x27, 0xff, 0x57, 0x44, 0x27, 0xff,
    0x57, 0x44, 0x27, 0xff, 0x57, 0x44, 0x27, 0xff, 0x57, 0x44, 0x27, 0xff,
    0x57, 0x44, 0x27, 0xff, 0x57, 0x44, 0x27, 0xff, 0x57, 0x44, 0x27, 0xff,
    0x57, 0x44, 0x27, 0xff, 0x57, 0x44, 0x27, 0xff, 0x57, 0x44, 0x27, 0xff,
    0x57, 0x44, 0x27, 0xff, 0x57, 0x44, 0x27, 0xff, 0x57, 0x44, 0x27, 0xff,
    0x57, 0x44, 0x27, 0xff, 0x57, 0x44, 0x27, 0xff, 0x57, 0x44, 0x27, 0xff,
    0x57, 0x44, 0x27, 0xff, 0x57, 0x44, 0x27, 0xff, 0x57, 0x44, 0x27, 0xff,
    0x57, 0x44, 0x27, 0xff, 0x57, 0x44, 0x27, 0xff, 0x57, 0x44, 0x27, 0xff,
    0x57, 0x44, 0x27, 0xff, 0x57, 0x44, 0x27, 0xff, 0x57, 0x44, 0x27, 0xff,
    0x57, 0x44, 0x27, 0xff, 0x57, 0x44, 0x27, 0xff, 0x57, 0x44, 0x27, 0xff,
    0x57, 0x44, 0x27, 0xff, 0x57, 0x44, 0x27, 0xff, 0x57, 0x44, 0x27, 0xff,
    0x57, 0x44, 0x27, 0xff, 0x57, 0x44, 0x27, 0xff, 0x57, 0x44, 0x27, 0xff,
    0x57, 0x44, 0x27, 0xff, 0x57, 0x44, 0x27, 0xff, 0x57, 0x44, 0x27, 0xff,
    0x57, 0x44, 0x27, 0xff, 0x57, 0x44, 0x27, 0xff, 0x57, 0x44, 0x27, 0xff,
    0x57, 0x44, 0x27, 0xff, 0x57, 0x44, 0x27, 0xff, 0x3f, 0x31, 0x1c, 0xff,
    0x3f, 0x31, 0x1c, 0xff, 0x41, 0x33, 0x1f, 0xff, 0x78, 0x69, 0x52, 0xff,
    0x64, 0x53, 0x39, 0xff, 0x59, 0x46, 0x29, 0xff, 0x57, 0x44, 0x27, 0xff,
    0x57, 0x44, 0x27, 0xff, 0x57, 0x44, 0x27, 0xff, 0x57, 0x44, 0x27, 0xff,
    0x57, 0x44, 0x27, 0xff, 0x57, 0x44, 0x27, 0xff, 0x57, 0x44, 0x27, 0xff,
    0x57, 0x44, 0x27, 0xff, 0x57, 0x44, 0x27, 0xff, 0x57, 0x44, 0x27, 0xff,
    0x57, 0x44, 0x27, 0xff, 0x57, 0x44, 0x27, 0xff, 0x57, 0x44, 0x27, 0xff,
    0x57, 0x44, 0x27, 0xff, 0x57, 0x44, 0x27, 0xff, 0x57, 0x44, 0x27, 0xff,
    0x57, 0x44, 0x27, 0xff, 0x57, 0x44, 0x27, 0xff, 0x57, 0x44, 0x27, 0xff,
    0x57, 0x44, 0x27, 0xff, 0x57, 0x44, 0x27, 0xff, 0x57, 0x44, 0x27, 0xff,
    0x57, 0x44, 0x27, 0xff, 0x57, 0x44, 0x27, 0xff, 0x57, 0x44, 0x27, 0xff,
    0x57, 0x44, 0x27, 0xff, 0x57, 0x44, 0x27, 0xff, 0x57, 0x44, 0x27, 0xff,
    0x57, 0x44, 0x27, 0xff, 0x57, 0x44, 0x27, 0xff, 0x57, 0x44, 0x27, 0xff,
    0x57, 0x44, 0x27, 0xff, 0x57, 0x44, 0x27, 0xff, 0x57, 0x44, 0x27, 0xff,
    0x57, 0x44, 0x27, 0xff, 0x57, 0x44, 0x27, 0xff, 0x57, 0x44, 0x27, 0xff,
    0x57, 0x44, 0x27, 0xff, 0x57, 0x44, 0x27, 0xff, 0x57, 0x44, 0x27, 0xff,
    0x57, 0x44, 0x27, 0xff, 0x57, 0x44, 0x27, 0xff, 0x57, 0x44, 0x27, 0xff,
    0x57, 0x44, 0x27, 0xff, 0x3f, 0x31, 0x1c, 0xff, 0x3f, 0x31, 0x1c, 0xff,
    0x41, 0x33, 0x1f, 0xff, 0x78, 0x69, 0x52, 0xff, 0x64, 0x53, 0x39, 0xff,
    0x59, 0x46, 0x29, 0xff, 0x57, 0x44, 0x27, 0xff, 0x57, 0x44, 0x27, 0xff,
    0x57, 0x44, 0x27, 0xff, 0x57, 0x44, 0x27, 0xff, 0x57, 0x44, 0x27, 0xff,
    0x57, 0x44, 0x27, 0xff, 0x57, 0x44, 0x27, 0xff, 0x57, 0x44, 0x27, 0xff,
    0x57, 0x44, 0x27, 0xff, 0x57, 0x44, 0x27, 0xff, 0x57, 0x44, 0x27, 0xff,
    0x57, 0x44, 0x27, 0xff, 0x57, 0x44, 0x27, 0xff, 0x57, 0x44, 0x27, 0xff,
    0x57, 0x44, 0x27, 0xff, 0x57, 0x44, 0x27, 0xff, 0x57, 0x44, 0x27, 0xff,
    0x57, 0x44, 0x27, 0xff, 0x57, 0x44, 0x27, 0xff, 0x57, 0x44, 0x27, 0xff,
    0x57, 0x44, 0x27, 0xff, 0x57, 0x44, 0x27, 0xff, 0x57, 0x44, 0x27, 0xff,
    0x57, 0x44, 0x27, 0xff, 0x57, 0x44, 0x27, 0xff, 0x57, 0x44, 0x27, 0xff,
    0x57, 0x44, 0x27, 0xff, 0x57, 0x44, 0x27, 0xff, 0x57, 0x44, 0x27, 0xff,
    0x57, 0x44, 0x27, 0xff, 0x57, 0x44, 0x27, 0xff, 0x57, 0x44, 0x27, 0xff,
    0x57, 0x44, 0x27, 0xff, 0x57, 0x44, 0x27, 0xff, 0x57, 0x44, 0x27, 0xff,
    0x57, 0x44, 0x27, 0xff, 0x57, 0x44, 0x27, 0xff, 0x57, 0x44, 0x27, 0xff,
    0x57, 0x44, 0x27, 0xff, 0x57, 0x44, 0x27, 0xff, 0x57, 0x44, 0x27, 0xff,
    0x57, 0x44, 0x27, 0xff, 0x57, 0x44, 0x27, 0xff, 0x57, 0x44, 0x27, 0xff,
    0x3f, 0x31, 0x1c, 0xff, 0x3f, 0x31, 0x1c, 0xff, 0x41, 0x33, 0x1f, 0xff,
    0x78, 0x69, 0x52, 0xff, 0x65, 0x53, 0x39, 0xff, 0x59, 0x46, 0x29, 0xff,
    0x57, 0x44, 0x27, 0xff, 0x57, 0x44, 0x27, 0xff, 0x57, 0x44, 0x27, 0xff,
    0x57, 0x44, 0x27, 0xff, 0x57, 0x44, 0x27, 0xff, 0x57, 0x44, 0x27, 0xff,
    0x57, 0x44, 0x27, 0xff, 0x57, 0x44, 0x27, 0xff, 0x57, 0x44, 0x27, 0xff,
    0x57, 0x44, 0x27, 0xff, 0x57, 0x44, 0x27, 0xff, 0x57, 0x44, 0x27, 0xff,
    0x57, 0x44, 0x27, 0xff, 0x57, 0x44, 0x27, 0xff, 0x57, 0x44, 0x27, 0xff,
    0x57, 0x44, 0x27, 0xff, 0x57, 0x44, 0x27, 0xff, 0x57, 0x44, 0x27, 0xff,
    0x57, 0x44, 0x27, 0xff, 0x57, 0x44, 0x27, 0xff, 0x57, 0x44, 0x27, 0xff,
    0x57, 0x44, 0x27, 0xff, 0x57, 0x44, 0x27, 0xff, 0x57, 0x44, 0x27, 0xff,
    0x57, 0x44, 0x27, 0xff, 0x57, 0x44, 0x27, 0xff, 0x57, 0x44, 0x27, 0xff,
    0x57, 0x44, 0x27, 0xff, 0x57, 0x44, 0x27, 0xff, 0x57, 0x44, 0x27, 0xff,
    0x57, 0x44, 0x27, 0xff, 0x57, 0x44, 0x27, 0xff, 0x57, 0x44, 0x27, 0xff,
    0x57, 0x44, 0x27, 0xff, 0x57, 0x44, 0x27, 0xff, 0x57, 0x44, 0x27, 0xff,
    0x57, 0x44, 0x27, 0xff, 0x57, 0x44, 0x27, 0xff, 0x57, 0x44, 0x27, 0xff,
    0x57, 0x44, 0x27, 0xff, 0x57, 0x44, 0x27, 0xff, 0x57, 0x44, 0x27, 0xff,
    0x57, 0x44, 0x27, 0xff, 0x57, 0x44, 0x27, 0xff, 0x3f, 0x31, 0x1c, 0xff,
    0x3f, 0x31, 0x1c, 0xff, 0x41, 0x33, 0x1f, 0xff, 0x78, 0x69, 0x52, 0xff,
    0x64, 0x53, 0x39, 0xff, 0x59, 0x46, 0x29, 0xff, 0x57, 0x44, 0x27, 0xff,
    0x57, 0x44, 0x27, 0xff, 0x57, 0x44, 0x27, 0xff, 0x57, 0x44, 0x27, 0xff,
    0x57, 0x44, 0x27, 0xff, 0x57, 0x44, 0x27, 0xff, 0x57, 0x44, 0x27, 0xff,
    0x57, 0x44, 0x27, 0xff, 0x57, 0x44, 0x27, 0xff, 0x57, 0x44, 0x27, 0xff,
    0x57, 0x44, 0x27, 0xff, 0x57, 0x44, 0x27, 0xff, 0x57, 0x44, 0x27, 0xff,
    0x57, 0x44, 0x27, 0xff, 0x57, 0x44, 0x27, 0xff, 0x57, 0x44, 0x27, 0xff,
    0x57, 0x44, 0x27, 0xff, 0x57, 0x44, 0x27, 0xff, 0x57, 0x44, 0x27, 0xff,
    0x57, 0x44, 0x27, 0xff, 0x57, 0x44, 0x27, 0xff, 0x57, 0x44, 0x27, 0xff,
    0x57, 0x44, 0x27, 0xff, 0x57, 0x44, 0x27, 0xff, 0x57, 0x44, 0x27, 0xff,
    0x57, 0x44, 0x27, 0xff, 0x57, 0x44, 0x27, 0xff, 0x57, 0x44, 0x27, 0xff,
    0x57, 0x44, 0x27, 0xff, 0x57, 0x44, 0x27, 0xff, 0x57, 0x44, 0x27, 0xff,
    0x57, 0x44, 0x27, 0xff, 0x57, 0x44, 0x27, 0xff, 0x57, 0x44, 0x27, 0xff,
    0x57, 0x44, 0x27, 0xff, 0x57, 0x44, 0x27, 0xff, 0x57, 0x44, 0x27, 0xff,
    0x57, 0x44, 0x27, 0xff, 0x57, 0x44, 0x27, 0xff, 0x57, 0x44, 0x27, 0xff,
    0x57, 0x44, 0x27, 0xff, 0x57, 0x44, 0x27, 0xff, 0x57, 0x44, 0x27, 0xff,
    0x57, 0x44, 0x27, 0xff, 0x3f, 0x31, 0x1c, 0xff, 0x3f, 0x31, 0x1c, 0xff,
    0x41, 0x33, 0x1f, 0xff, 0x78, 0x69, 0x52, 0xff, 0x65, 0x53, 0x39, 0xff,
    0x59, 0x46, 0x29, 0xff, 0x57, 0x44, 0x27, 0xff, 0x57, 0x44, 0x27, 0xff,
    0x57, 0x44, 0x27, 0xff, 0x57, 0x44, 0x27, 0xff, 0x57, 0x44, 0x27, 0xff,
    0x57, 0x44, 0x27, 0xff, 0x57, 0x44, 0x27, 0xff, 0x57, 0x44, 0x27, 0xff,
    0x57, 0x44, 0x27, 0xff, 0x57, 0x44, 0x27, 0xff, 0x57, 0x44, 0x27, 0xff,
    0x57, 0x44, 0x27, 0xff, 0x57, 0x44, 0x27, 0xff, 0x57, 0x44, 0x27, 0xff,
    0x57, 0x44, 0x27, 0xff, 0x57, 0x44, 0x27, 0xff, 0x57, 0x44, 0x27, 0xff,
    0x57, 0x44, 0x27, 0xff, 0x57, 0x44, 0x27, 0xff, 0x57, 0x44, 0x27, 0xff,
    0x57, 0x44, 0x27, 0xff, 0x57, 0x44, 0x27, 0xff, 0x57, 0x44, 0x27, 0xff,
    0x57, 0x44, 0x27, 0xff, 0x57, 0x44, 0x27, 0xff, 0x57, 0x44, 0x27, 0xff,
    0x57, 0x44, 0x27, 0xff, 0x57, 0x44, 0x27, 0xff, 0x57, 0x44, 0x27, 0xff,
    0x57, 0x44, 0x27, 0xff, 0x57, 0x44, 0x27, 0xff, 0x57, 0x44, 0x27, 0xff,
    0x57, 0x44, 0x27, 0xff, 0x57, 0x44, 0x27, 0xff, 0x57, 0x44, 0x27, 0xff,
    0x57, 0x44, 0x27, 0xff, 0x57, 0x44, 0x27, 0xff, 0x57, 0x44, 0x27, 0xff,
    0x57, 0x44, 0x27, 0xff, 0x57, 0x44, 0x27, 0xff, 0x57, 0x44, 0x27, 0xff,
    0x57, 0x44, 0x27, 0xff, 0x57, 0x44, 0x27, 0xff, 0x57, 0x44, 0x27, 0xff,
    0x3f, 0x31, 0x1c, 0xff, 0x3f, 0x31, 0x1c, 0xff, 0x41, 0x33, 0x1f, 0xff,
    0x78, 0x69, 0x52, 0xff, 0x64, 0x53, 0x39, 0xff, 0x59, 0x46, 0x29, 0xff,
    0x57, 0x44, 0x27, 0xff, 0x57, 0x44, 0x27, 0xff, 0x57, 0x44, 0x27, 0xff,
    0x57, 0x44, 0x27, 0xff, 0x57, 0x44, 0x27, 0xff, 0x57, 0x44, 0x27, 0xff,
    0x57, 0x44, 0x27, 0xff, 0x57, 0x44, 0x27, 0xff, 0x57, 0x44, 0x27, 0xff,
    0x57, 0x44, 0x27, 0xff, 0x57, 0x44, 0x27, 0xff, 0x57, 0x44, 0x27, 0xff,
    0x57, 0x44, 0x27, 0xff, 0x57, 0x44, 0x27, 0xff, 0x57, 0x44, 0x27, 0xff,
    0x57, 0x44, 0x27, 0xff, 0x57, 0x44, 0x27, 0xff, 0x57, 0x44, 0x27, 0xff,
    0x57, 0x44, 0x27, 0xff, 0x57, 0x44, 0x27, 0xff, 0x57, 0x44, 0x27, 0xff,
    0x57, 0x44, 0x27, 0xff, 0x57, 0x44, 0x27, 0xff, 0x57, 0x44, 0x27, 0xff,
    0x57, 0x44, 0x27, 0xff, 0x57, 0x44, 0x27, 0xff, 0x57, 0x44, 0x27, 0xff,
    0x57, 0x44, 0x27, 0xff, 0x57, 0x44, 0x27, 0xff, 0x57, 0x44, 0x27, 0xff,
    0x57, 0x44, 0x27, 0xff, 0x57, 0x44, 0x27, 0xff, 0x57, 0x44, 0x27, 0xff,
    0x57, 0x44, 0x27, 0xff, 0x57, 0x44, 0x27, 0xff, 0x57, 0x44, 0x27, 0xff,
    0x57, 0x44, 0x27, 0xff, 0x57, 0x44, 0x27, 0xff, 0x57, 0x44, 0x27, 0xff,
    0x57, 0x44, 0x27, 0xff, 0x57, 0x44, 0x27, 0xff, 0x57, 0x44, 0x27, 0xff,
    0x57, 0x44, 0x27, 0xff, 0x57, 0x44, 0x27, 0xff, 0x3f, 0x31, 0x1c, 0xff,
    0x3f, 0x31, 0x1c, 0xff, 0x41, 0x33, 0x1f, 0xff, 0x78, 0x69, 0x52, 0xff,
    0x65, 0x53, 0x39, 0xff, 0x59, 0x46, 0x29, 0xff, 0x57, 0x44, 0x27, 0xff,
    0x57, 0x44, 0x27, 0xff, 0x57, 0x44, 0x27, 0xff, 0x57, 0x44, 0x27, 0xff,
    0x57, 0x44, 0x27, 0xff, 0x57, 0x44, 0x27, 0xff, 0x57, 0x44, 0x27, 0xff,
    0x57, 0x44, 0x27, 0xff, 0x57, 0x44, 0x27, 0xff, 0x57, 0x44, 0x27, 0xff,
    0x57, 0x44, 0x27, 0xff, 0x57, 0x44, 0x27, 0xff, 0x57, 0x44, 0x27, 0xff,
    0x57, 0x44, 0x27, 0xff, 0x57, 0x44, 0x27, 0xff, 0x57, 0x44, 0x27, 0xff,
    0x57, 0x44, 0x27, 0xff, 0x57, 0x44, 0x27, 0xff, 0x57, 0x44, 0x27, 0xff,
    0x57, 0x44, 0x27, 0xff, 0x57, 0x44, 0x27, 0xff, 0x57, 0x44, 0x27, 0xff,
    0x57, 0x44, 0x27, 0xff, 0x57, 0x44, 0x27, 0xff, 0x57, 0x44, 0x27, 0xff,
    0x57, 0x44, 0x27, 0xff, 0x57, 0x44, 0x27, 0xff, 0x57, 0x44, 0x27, 0xff,
    0x57, 0x44, 0x27, 0xff, 0x57, 0x44, 0x27, 0xff, 0x57, 0x44, 0x27, 0xff,
    0x57, 0x44, 0x27, 0xff, 0x57, 0x44, 0x27, 0xff, 0x57, 0x44, 0x27, 0xff,
    0x57, 0x44, 0x27, 0xff, 0x57, 0x44, 0x27, 0xff, 0x57, 0x44, 0x27, 0xff,
    0x57, 0x44, 0x27, 0xff, 0x57, 0x44, 0x27, 0xff, 0x57, 0x44, 0x27, 0xff,
    0x57, 0x44, 0x27, 0xff, 0x57, 0x44, 0x27, 0xff, 0x57, 0x44, 0x27, 0xff,
    0x57, 0x44, 0x27, 0xff, 0x3f, 0x31, 0x1c, 0xff, 0x3f, 0x31, 0x1c, 0xff,
    0x41, 0x33, 0x1f, 0xff, 0x78, 0x69, 0x52, 0xff, 0x65, 0x53, 0x39, 0xff,
    0x59, 0x46, 0x29, 0xff, 0x57, 0x44, 0x27, 0xff, 0x57, 0x44, 0x27, 0xff,
    0x57, 0x44, 0x27, 0xff, 0x57, 0x44, 0x27, 0xff, 0x57, 0x44, 0x27, 0xff,
    0x57, 0x44, 0x27, 0xff, 0x57, 0x44, 0x27, 0xff, 0x57, 0x44, 0x27, 0xff,
    0x57, 0x44, 0x27, 0xff, 0x57, 0x44, 0x27, 0xff, 0x57, 0x44, 0x27, 0xff,
    0x57, 0x44, 0x27, 0xff, 0x57, 0x44, 0x27, 0xff, 0x57, 0x44, 0x27, 0xff,
    0x57, 0x44, 0x27, 0xff, 0x57, 0x44, 0x27, 0xff, 0x57, 0x44, 0x27, 0xff,
    0x57, 0x44, 0x27, 0xff, 0x57, 0x44, 0x27, 0xff, 0x57, 0x44, 0x27, 0xff,
    0x57, 0x44, 0x27, 0xff, 0x57, 0x44, 0x27, 0xff, 0x57, 0x44, 0x27, 0xff,
    0x57, 0x44, 0x27, 0xff, 0x57, 0x44, 0x27, 0xff, 0x57, 0x44, 0x27, 0xff,
    0x57, 0x44, 0x27, 0xff, 0x57, 0x44, 0x27, 0xff, 0x57, 0x44, 0x27, 0xff,
    0x57, 0x44, 0x27, 0xff, 0x57, 0x44, 0x27, 0xff, 0x57, 0x44, 0x27, 0xff,
    0x57, 0x44, 0x27, 0xff, 0x57, 0x44, 0x27, 0xff, 0x57, 0x44, 0x27, 0xff,
    0x57, 0x44, 0x27, 0xff, 0x57, 0x44, 0x27, 0xff, 0x57, 0x44, 0x27, 0xff,
    0x57, 0x44, 0x27, 0xff, 0x57, 0x44, 0x27, 0xff, 0x57, 0x44, 0x27, 0xff,
    0x57, 0x44, 0x27, 0xff, 0x57, 0x44, 0x27, 0xff, 0x57, 0x44, 0x27, 0xff,
    0x3f, 0x31, 0x1c, 0xff, 0x3f, 0x31, 0x1c, 0xff, 0x41, 0x33, 0x1f, 0xff,
    0x78, 0x69, 0x52, 0xff, 0x65, 0x53, 0x39, 0xff, 0x59, 0x46, 0x29, 0xff,
    0x57, 0x44, 0x27, 0xff, 0x57, 0x44, 0x27, 0xff, 0x57, 0x44, 0x27, 0xff,
    0x57, 0x44, 0x27, 0xff, 0x57, 0x44, 0x27, 0xff, 0x57, 0x44, 0x27, 0xff,
    0x57, 0x44, 0x27, 0xff, 0x57, 0x44, 0x27, 0xff, 0x57, 0x44, 0x27, 0xff,
    0x57, 0x44, 0x27, 0xff, 0x57, 0x44, 0x27, 0xff, 0x57, 0x44, 0x27, 0xff,
    0x57, 0x44, 0x27, 0xff, 0x57, 0x44, 0x27, 0xff, 0x57, 0x44, 0x27, 0xff,
    0x57, 0x44, 0x27, 0xff, 0x57, 0x44, 0x27, 0xff, 0x57, 0x44, 0x27, 0xff,
    0x57, 0x44, 0x27, 0xff, 0x57, 0x44, 0x27, 0xff, 0x57, 0x44, 0x27, 0xff,
    0x57, 0x44, 0x27, 0xff, 0x57, 0x44, 0x27, 0xff, 0x57, 0x44, 0x27, 0xff,
    0x57, 0x44, 0x27, 0xff, 0x57, 0x44, 0x27, 0xff, 0x57, 0x44, 0x27, 0xff,
    0x57, 0x44, 0x27, 0xff, 0x57, 0x44, 0x27, 0xff, 0x57, 0x44, 0x27, 0xff,
    0x57, 0x44, 0x27, 0xff, 0x57, 0x44, 0x27, 0xff, 0x57, 0x44, 0x27, 0xff,
    0x57, 0x44, 0x27, 0xff, 0x57, 0x44, 0x27, 0xff, 0x57, 0x44, 0x27, 0xff,
    0x57, 0x44, 0x27, 0xff, 0x57, 0x44, 0x27, 0xff, 0x57, 0x44, 0x27, 0xff,
    0x57, 0x44, 0x27, 0xff, 0x57, 0x44, 0x27, 0xff, 0x57, 0x44, 0x27, 0xff,
    0x57, 0x44, 0x27, 0xff, 0x57, 0x44, 0x27, 0xff, 0x3f, 0x31, 0x1c, 0xff,
    0x3f, 0x31, 0x1c, 0xff, 0x41, 0x33, 0x1f, 0xff, 0x78, 0x69, 0x52, 0xff,
    0x65, 0x53, 0x39, 0xff, 0x59, 0x46, 0x29, 0xff, 0x57, 0x44, 0x27, 0xff,
    0x57, 0x44, 0x27, 0xff, 0x57, 0x44, 0x27, 0xff, 0x57, 0x44, 0x27, 0xff,
    0x57, 0x44, 0x27, 0xff, 0x57, 0x44, 0x27, 0xff, 0x57, 0x44, 0x27, 0xff,
    0x57, 0x44, 0x27, 0xff, 0x57, 0x44, 0x27, 0xff, 0x57, 0x44, 0x27, 0xff,
    0x57, 0x44, 0x27, 0xff, 0x57, 0x44, 0x27, 0xff, 0x57, 0x44, 0x27, 0xff,
    0x57, 0x44, 0x27, 0xff, 0x57, 0x44, 0x27, 0xff, 0x57, 0x44, 0x27, 0xff,
    0x57, 0x44, 0x27, 0xff, 0x57, 0x44, 0x27, 0xff, 0x57, 0x44, 0x27, 0xff,
    0x57, 0x44, 0x27, 0xff, 0x57, 0x44, 0x27, 0xff, 0x57, 0x44, 0x27, 0xff,
    0x57, 0x44, 0x27, 0xff, 0x57, 0x44, 0x27, 0xff, 0x57, 0x44, 0x27, 0xff,
    0x57, 0x44, 0x27, 0xff, 0x57, 0x44, 0x27, 0xff, 0x57, 0x44, 0x27, 0xff,
    0x57, 0x44, 0x27, 0xff, 0x57, 0x44, 0x27, 0xff, 0x57, 0x44, 0x27, 0xff,
    0x57, 0x44, 0x27, 0xff, 0x57, 0x44, 0x27, 0xff, 0x57, 0x44, 0x27, 0xff,
    0x57, 0x44, 0x27, 0xff, 0x57, 0x44, 0x27, 0xff, 0x57, 0x44, 0x27, 0xff,
    0x57, 0x44, 0x27, 0xff, 0x57, 0x44, 0x27, 0xff, 0x57, 0x44, 0x27, 0xff,
    0x57, 0x44, 0x27, 0xff, 0x57, 0x44, 0x27, 0xff, 0x57, 0x44, 0x27, 0xff,
    0x57, 0x44, 0x27, 0xff, 0x3f, 0x31, 0x1c, 0xff, 0x3f, 0x31, 0x1c, 0xff,
    0x41, 0x33, 0x1f, 0xff, 0x78, 0x69, 0x52, 0xff, 0x65, 0x53, 0x39, 0xff,
    0x59, 0x46, 0x29, 0xff, 0x57, 0x44, 0x27, 0xff, 0x57, 0x44, 0x27, 0xff,
    0x57, 0x44, 0x27, 0xff, 0x57, 0x44, 0x27, 0xff, 0x57, 0x44, 0x27, 0xff,
    0x57, 0x44, 0x27, 0xff, 0x57, 0x44, 0x27, 0xff, 0x57, 0x44, 0x27, 0xff,
    0x57, 0x44, 0x27, 0xff, 0x57, 0x44, 0x27, 0xff, 0x57, 0x44, 0x27, 0xff,
    0x57, 0x44, 0x27, 0xff, 0x57, 0x44, 0x27, 0xff, 0x57, 0x44, 0x27, 0xff,
    0x57, 0x44, 0x27, 0xff, 0x57, 0x44, 0x27, 0xff, 0x57, 0x44, 0x27, 0xff,
    0x57, 0x44, 0x27, 0xff, 0x57, 0x44, 0x27, 0xff, 0x57, 0x44, 0x27, 0xff,
    0x57, 0x44, 0x27, 0xff, 0x57, 0x44, 0x27, 0xff, 0x57, 0x44, 0x27, 0xff,
    0x57, 0x44, 0x27, 0xff, 0x57, 0x44, 0x27, 0xff, 0x57, 0x44, 0x27, 0xff,
    0x57, 0x44, 0x27, 0xff, 0x57, 0x44, 0x27, 0xff, 0x57, 0x44, 0x27, 0xff,
    0x57, 0x44, 0x27, 0xff, 0x57, 0x44, 0x27, 0xff, 0x57, 0x44, 0x27, 0xff,
    0x57, 0x44, 0x27, 0xff, 0x57, 0x44, 0x27, 0xff, 0x57, 0x44, 0x27, 0xff,
    0x57, 0x44, 0x27, 0xff, 0x57, 0x44, 0x27, 0xff, 0x57, 0x44, 0x27, 0xff,
    0x57, 0x44, 0x27, 0xff, 0x57, 0x44, 0x27, 0xff, 0x57, 0x44, 0x27, 0xff,
    0x57, 0x44, 0x27, 0xff, 0x57, 0x44, 0x27, 0xff, 0x57, 0x44, 0x27, 0xff,
    0x3f, 0x31, 0x1c, 0xff, 0x3f, 0x31, 0x1c, 0xff, 0x41, 0x33, 0x1f, 0xff,
    0x78, 0x69, 0x52, 0xff, 0x65, 0x53, 0x39, 0xff, 0x59, 0x46, 0x29, 0xff,
    0x57, 0x44, 0x27, 0xff, 0x57, 0x44, 0x27, 0xff, 0x57, 0x44, 0x27, 0xff,
    0x57, 0x44, 0x27, 0xff, 0x57, 0x44, 0x27, 0xff, 0x57, 0x44, 0x27, 0xff,
    0x57, 0x44, 0x27, 0xff, 0x57, 0x44, 0x27, 0xff, 0x57, 0x44, 0x27, 0xff,
    0x57, 0x44, 0x27, 0xff, 0x57, 0x44, 0x27, 0xff, 0x57, 0x44, 0x27, 0xff,
    0x57, 0x44, 0x27, 0xff, 0x57, 0x44, 0x27, 0xff, 0x57, 0x44, 0x27, 0xff,
    0x57, 0x44, 0x27, 0xff, 0x57, 0x44, 0x27, 0xff, 0x57, 0x44, 0x27, 0xff,
    0x57, 0x44, 0x27, 0xff, 0x57, 0x44, 0x27, 0xff, 0x57, 0x44, 0x27, 0xff,
    0x57, 0x44, 0x27, 0xff, 0x57, 0x44, 0x27, 0xff, 0x57, 0x44, 0x27, 0xff,
    0x57, 0x44, 0x27, 0xff, 0x57, 0x44, 0x27, 0xff, 0x57, 0x44, 0x27, 0xff,
    0x57, 0x44, 0x27, 0xff, 0x57, 0x44, 0x27, 0xff, 0x57, 0x44, 0x27, 0xff,
    0x57, 0x44, 0x27, 0xff, 0x57, 0x44, 0x27, 0xff, 0x57, 0x44, 0x27, 0xff,
    0x57, 0x44, 0x27, 0xff, 0x57, 0x44, 0x27, 0xff, 0x57, 0x44, 0x27, 0xff,
    0x57, 0x44, 0x27, 0xff, 0x57, 0x44, 0x27, 0xff, 0x57, 0x44, 0x27, 0xff,
    0x57, 0x44, 0x27, 0xff, 0x57, 0x44, 0x27, 0xff, 0x57, 0x44, 0x27, 0xff,
    0x57, 0x44, 0x27, 0xff, 0x57, 0x44, 0x27, 0xff, 0x3f, 0x31, 0x1c, 0xff,
    0x3f, 0x31, 0x1c, 0xff, 0x41, 0x33, 0x1f, 0xff, 0x78, 0x69, 0x52, 0xff,
    0x65, 0x53, 0x39, 0xff, 0x59, 0x46, 0x29, 0xff, 0x57, 0x44, 0x27, 0xff,
    0x57, 0x44, 0x27, 0xff, 0x57, 0x44, 0x27, 0xff, 0x57, 0x44, 0x27, 0xff,
    0x57, 0x44, 0x27, 0xff, 0x57, 0x44, 0x27, 0xff, 0x57, 0x44, 0x27, 0xff,
    0x57, 0x44, 0x27, 0xff, 0x57, 0x44, 0x27, 0xff, 0x57, 0x44, 0x27, 0xff,
    0x57, 0x44, 0x27, 0xff, 0x57, 0x44, 0x27, 0xff, 0x57, 0x44, 0x27, 0xff,
    0x57, 0x44, 0x27, 0xff, 0x57, 0x44, 0x27, 0xff, 0x57, 0x44, 0x27, 0xff,
    0x57, 0x44, 0x27, 0xff, 0x57, 0x44, 0x27, 0xff, 0x57, 0x44, 0x27, 0xff,
    0x57, 0x44, 0x27, 0xff, 0x57, 0x44, 0x27, 0xff, 0x57, 0x44, 0x27, 0xff,
    0x57, 0x44, 0x27, 0xff, 0x57, 0x44, 0x27, 0xff, 0x57, 0x44, 0x27, 0xff,
    0x57, 0x44, 0x27, 0xff, 0x57, 0x44, 0x27, 0xff, 0x57, 0x44, 0x27, 0xff,
    0x57, 0x44, 0x27, 0xff, 0x57, 0x44, 0x27, 0xff, 0x57, 0x44, 0x27, 0xff,
    0x57, 0x44, 0x27, 0xff, 0x57, 0x44, 0x27, 0xff, 0x57, 0x44, 0x27, 0xff,
    0x57, 0x44, 0x27, 0xff, 0x57, 0x44, 0x27, 0xff, 0x57, 0x44, 0x27, 0xff,
    0x57, 0x44, 0x27, 0xff, 0x57, 0x44, 0x27, 0xff, 0x57, 0x44, 0x27, 0xff,
    0x57, 0x44, 0x27, 0xff, 0x57, 0x44, 0x27, 0xff, 0x57, 0x44, 0x27, 0xff,
    0x57, 0x44, 0x27, 0xff, 0x3f, 0x31, 0x1c, 0xff, 0x3f, 0x31, 0x1c, 0xff,
    0x41, 0x33, 0x1f, 0xff, 0x78, 0x69, 0x52, 0xff, 0x64, 0x53, 0x39, 0xff,
    0x59, 0x46, 0x29, 0xff, 0x57, 0x44, 0x27, 0xff, 0x57, 0x44, 0x27, 0xff,
    0x57, 0x44, 0x27, 0xff, 0x57, 0x44, 0x27, 0xff, 0x57, 0x44, 0x27, 0xff,
    0x57, 0x44, 0x27, 0xff, 0x57, 0x44, 0x27, 0xff, 0x57, 0x44, 0x27, 0xff,
    0x57, 0x44, 0x27, 0xff, 0x57, 0x44, 0x27, 0xff, 0x57, 0x44, 0x27, 0xff,
    0x57, 0x44, 0x27, 0xff, 0x57, 0x44, 0x27, 0xff, 0x57, 0x44, 0x27, 0xff,
    0x57, 0x44, 0x27, 0xff, 0x57, 0x44, 0x27, 0xff, 0x57, 0x44, 0x27, 0xff,
    0x57, 0x44, 0x27, 0xff, 0x57, 0x44, 0x27, 0xff, 0x57, 0x44, 0x27, 0xff,
    0x57, 0x44, 0x27, 0xff, 0x57, 0x44, 0x27, 0xff, 0x57, 0x44, 0x27, 0xff,
    0x57, 0x44, 0x27, 0xff, 0x57, 0x44, 0x27, 0xff, 0x57, 0x44, 0x27, 0xff,
    0x57, 0x44, 0x27, 0xff, 0x57, 0x44, 0x27, 0xff, 0x57, 0x44, 0x27, 0xff,
    0x57, 0x44, 0x27, 0xff, 0x57, 0x44, 0x27, 0xff, 0x57, 0x44, 0x27, 0xff,
    0x57, 0x44, 0x27, 0xff, 0x57, 0x44, 0x27, 0xff, 0x57, 0x44, 0x27, 0xff,
    0x57, 0x44, 0x27, 0xff, 0x57, 0x44, 0x27, 0xff, 0x57, 0x44, 0x27, 0xff,
    0x57, 0x44, 0x27, 0xff, 0x57, 0x44, 0x27, 0xff, 0x57, 0x44, 0x27, 0xff,
    0x57, 0x44, 0x27, 0xff, 0x57, 0x44, 0x27, 0xff, 0x57, 0x44, 0x27, 0xff,
    0x3f, 0x31, 0x1c, 0xff, 0x3f, 0x31, 0x1c, 0xff, 0x41, 0x33, 0x1f, 0xff,
    0x78, 0x69, 0x52, 0xff, 0x65, 0x53, 0x39, 0xff, 0x59, 0x46, 0x29, 0xff,
    0x57, 0x44, 0x27, 0xff, 0x57, 0x44, 0x27, 0xff, 0x57, 0x44, 0x27, 0xff,
    0x57, 0x44, 0x27, 0xff, 0x57, 0x44, 0x27, 0xff, 0x57, 0x44, 0x27, 0xff,
    0x57, 0x44, 0x27, 0xff, 0x57, 0x44, 0x27, 0xff, 0x57, 0x44, 0x27, 0xff,
    0x57, 0x44, 0x27, 0xff, 0x57, 0x44, 0x27, 0xff, 0x57, 0x44, 0x27, 0xff,
    0x57, 0x44, 0x27, 0xff, 0x57, 0x44, 0x27, 0xff, 0x57, 0x44, 0x27, 0xff,
    0x57, 0x44, 0x27, 0xff, 0x57, 0x44, 0x27, 0xff, 0x57, 0x44, 0x27, 0xff,
    0x57, 0x44, 0x27, 0xff, 0x57, 0x44, 0x27, 0xff, 0x57, 0x44, 0x27, 0xff,
    0x57, 0x44, 0x27, 0xff, 0x57, 0x44, 0x27, 0xff, 0x57, 0x44, 0x27, 0xff,
    0x57, 0x44, 0x27, 0xff, 0x57, 0x44, 0x27, 0xff, 0x57, 0x44, 0x27, 0xff,
    0x57, 0x44, 0x27, 0xff, 0x57, 0x44, 0x27, 0xff, 0x57, 0x44, 0x27, 0xff,
    0x57, 0x44, 0x27, 0xff, 0x57, 0x44, 0x27, 0xff, 0x57, 0x44, 0x27, 0xff,
    0x57, 0x44, 0x27, 0xff, 0x57, 0x44, 0x27, 0xff, 0x57, 0x44, 0x27, 0xff,
    0x57, 0x44, 0x27, 0xff, 0x57, 0x44, 0x27, 0xff, 0x57, 0x44, 0x27, 0xff,
    0x57, 0x44, 0x27, 0xff, 0x57, 0x44, 0x27, 0xff, 0x57, 0x44, 0x27, 0xff,
    0x57, 0x44, 0x27, 0xff, 0x57, 0x44, 0x27, 0xff, 0x3f, 0x31, 0x1c, 0xff,
    0x3f, 0x31, 0x1c, 0xff, 0x41, 0x33, 0x1f, 0xff, 0x78, 0x69, 0x52, 0xff,
    0x64, 0x53, 0x39, 0xff, 0x58, 0x45, 0x29, 0xff, 0x57, 0x44, 0x27, 0xff,
    0x57, 0x44, 0x27, 0xff, 0x57, 0x44, 0x27, 0xff, 0x57, 0x44, 0x27, 0xff,
    0x57, 0x44, 0x27, 0xff, 0x57, 0x44, 0x27, 0xff, 0x57, 0x44, 0x27, 0xff,
    0x57, 0x44, 0x27, 0xff, 0x57, 0x44, 0x27, 0xff, 0x57, 0x44, 0x27, 0xff,
    0x57, 0x44, 0x27, 0xff, 0x57, 0x44, 0x27, 0xff, 0x57, 0x44, 0x27, 0xff,
    0x57, 0x44, 0x27, 0xff, 0x57, 0x44, 0x27, 0xff, 0x57, 0x44, 0x27, 0xff,
    0x57, 0x44, 0x27, 0xff, 0x57, 0x44, 0x27, 0xff, 0x57, 0x44, 0x27, 0xff,
    0x57, 0x44, 0x27, 0xff, 0x57, 0x44, 0x27, 0xff, 0x57, 0x44, 0x27, 0xff,
    0x57, 0x44, 0x27, 0xff, 0x57, 0x44, 0x27, 0xff, 0x57, 0x44, 0x27, 0xff,
    0x57, 0x44, 0x27, 0xff, 0x57, 0x44, 0x27, 0xff, 0x57, 0x44, 0x27, 0xff,
    0x57, 0x44, 0x27, 0xff, 0x57, 0x44, 0x27, 0xff, 0x57, 0x44, 0x27, 0xff,
    0x57, 0x44, 0x27, 0xff, 0x57, 0x44, 0x27, 0xff, 0x57, 0x44, 0x27, 0xff,
    0x57, 0x44, 0x27, 0xff, 0x57, 0x44, 0x27, 0xff, 0x57, 0x44, 0x27, 0xff,
    0x57, 0x44, 0x27, 0xff, 0x57, 0x44, 0x27, 0xff, 0x57, 0x44, 0x27, 0xff,
    0x57, 0x44, 0x27, 0xff, 0x57, 0x44, 0x27, 0xff, 0x57, 0x44, 0x27, 0xff,
    0x57, 0x44, 0x27, 0xff, 0x3f, 0x31, 0x1c, 0xff, 0x3f, 0x31, 0x1c, 0xff,
    0x41, 0x33, 0x1f, 0xff, 0x78, 0x69, 0x52, 0xff, 0x65, 0x53, 0x39, 0xff,
    0x59, 0x46, 0x29, 0xff, 0x57, 0x44, 0x27, 0xff, 0x57, 0x44, 0x27, 0xff,
    0x57, 0x44, 0x27, 0xff, 0x57, 0x44, 0x27, 0xff, 0x57, 0x44, 0x27, 0xff,
    0x57, 0x44, 0x27, 0xff, 0x57, 0x44, 0x27, 0xff, 0x57, 0x44, 0x27, 0xff,
    0x57, 0x44, 0x27, 0xff, 0x57, 0x44, 0x27, 0xff, 0x57, 0x44, 0x27, 0xff,
    0x57, 0x44, 0x27, 0xff, 0x57, 0x44, 0x27, 0xff, 0x57, 0x44, 0x27, 0xff,
    0x57, 0x44, 0x27, 0xff, 0x57, 0x44, 0x27, 0xff, 0x57, 0x44, 0x27, 0xff,
    0x57, 0x44, 0x27, 0xff, 0x57, 0x44, 0x27, 0xff, 0x57, 0x44, 0x27, 0xff,
    0x57, 0x44, 0x27, 0xff, 0x57, 0x44, 0x27, 0xff, 0x57, 0x44, 0x27, 0xff,
    0x57, 0x44, 0x27, 0xff, 0x57, 0x44, 0x27, 0xff, 0x57, 0x44, 0x27, 0xff,
    0x57, 0x44, 0x27, 0xff, 0x57, 0x44, 0x27, 0xff, 0x57, 0x44, 0x27, 0xff,
    0x57, 0x44, 0x27, 0xff, 0x57, 0x44, 0x27, 0xff, 0x57, 0x44, 0x27, 0xff,
    0x57, 0x44, 0x27, 0xff, 0x57, 0x44, 0x27, 0xff, 0x57, 0x44, 0x27, 0xff,
    0x57, 0x44, 0x27, 0xff, 0x57, 0x44, 0x27, 0xff, 0x57, 0x44, 0x27, 0xff,
    0x57, 0x44, 0x27, 0xff, 0x57, 0x44, 0x27, 0xff, 0x57, 0x44, 0x27, 0xff,
    0x57, 0x44, 0x27, 0xff, 0x57, 0x44, 0x27, 0xff, 0x57, 0x44, 0x27, 0xff,
    0x3f, 0x31, 0x1c, 0xff, 0x3f, 0x31, 0x1c, 0xff, 0x41, 0x33, 0x1f, 0xff,
    0x78, 0x69, 0x52, 0xff, 0x64, 0x53, 0x39, 0xff, 0x59, 0x46, 0x29, 0xff,
    0x57, 0x44, 0x27, 0xff, 0x57, 0x44, 0x27, 0xff, 0x57, 0x44, 0x27, 0xff,
    0x57, 0x44, 0x27, 0xff, 0x57, 0x44, 0x27, 0xff, 0x57, 0x44, 0x27, 0xff,
    0x57, 0x44, 0x27, 0xff, 0x57, 0x44, 0x27, 0xff, 0x57, 0x44, 0x27, 0xff,
    0x57, 0x44, 0x27, 0xff, 0x57, 0x44, 0x27, 0xff, 0x57, 0x44, 0x27, 0xff,
    0x57, 0x44, 0x27, 0xff, 0x57, 0x44, 0x27, 0xff, 0x57, 0x44, 0x27, 0xff,
    0x57, 0x44, 0x27, 0xff, 0x57, 0x44, 0x27, 0xff, 0x57, 0x44, 0x27, 0xff,
    0x57, 0x44, 0x27, 0xff, 0x57, 0x44, 0x27, 0xff, 0x57, 0x44, 0x27, 0xff,
    0x57, 0x44, 0x27, 0xff, 0x57, 0x44, 0x27, 0xff, 0x57, 0x44, 0x27, 0xff,
    0x57, 0x44, 0x27, 0xff, 0x57, 0x44, 0x27, 0xff, 0x57, 0x44, 0x27, 0xff,
    0x57, 0x44, 0x27, 0xff, 0x57, 0x44, 0x27, 0xff, 0x57, 0x44, 0x27, 0xff,
    0x57, 0x44, 0x27, 0xff, 0x57, 0x44, 0x27, 0xff, 0x57, 0x44, 0x27, 0xff,
    0x57, 0x44, 0x27, 0xff, 0x57, 0x44, 0x27, 0xff, 0x57, 0x44, 0x27, 0xff,
    0x57, 0x44, 0x27, 0xff, 0x57, 0x44, 0x27, 0xff, 0x57, 0x44, 0x27, 0xff,
    0x57, 0x44, 0x27, 0xff, 0x57, 0x44, 0x27, 0xff, 0x57, 0x44, 0x27, 0xff,
    0x57, 0x44, 0x27, 0xff, 0x57, 0x44, 0x27, 0xff, 0x3f, 0x31, 0x1c, 0xff,
    0x3f, 0x31, 0x1c, 0xff, 0x41, 0x33, 0x1f, 0xff, 0x78, 0x69, 0x52, 0xff,
    0x64, 0x53, 0x39, 0xff, 0x59, 0x46, 0x29, 0xff, 0x57, 0x44, 0x27, 0xff,
    0x57, 0x44, 0x27, 0xff, 0x57, 0x44, 0x27, 0xff, 0x57, 0x44, 0x27, 0xff,
    0x57, 0x44, 0x27, 0xff, 0x57, 0x44, 0x27, 0xff, 0x57, 0x44, 0x27, 0xff,
    0x57, 0x44, 0x27, 0xff, 0x57, 0x44, 0x27, 0xff, 0x57, 0x44, 0x27, 0xff,
    0x57, 0x44, 0x27, 0xff, 0x57, 0x44, 0x27, 0xff, 0x57, 0x44, 0x27, 0xff,
    0x57, 0x44, 0x27, 0xff, 0x57, 0x44, 0x27, 0xff, 0x57, 0x44, 0x27, 0xff,
    0x57, 0x44, 0x27, 0xff, 0x57, 0x44, 0x27, 0xff, 0x57, 0x44, 0x27, 0xff,
    0x57, 0x44, 0x27, 0xff, 0x57, 0x44, 0x27, 0xff, 0x57, 0x44, 0x27, 0xff,
    0x57, 0x44, 0x27, 0xff, 0x57, 0x44, 0x27, 0xff, 0x57, 0x44, 0x27, 0xff,
    0x57, 0x44, 0x27, 0xff, 0x57, 0x44, 0x27, 0xff, 0x57, 0x44, 0x27, 0xff,
    0x57, 0x44, 0x27, 0xff, 0x57, 0x44, 0x27, 0xff, 0x57, 0x44, 0x27, 0xff,
    0x57, 0x44, 0x27, 0xff, 0x57, 0x44, 0x27, 0xff, 0x57, 0x44, 0x27, 0xff,
    0x57, 0x44, 0x27, 0xff, 0x57, 0x44, 0x27, 0xff, 0x57, 0x44, 0x27, 0xff,
    0x57, 0x44, 0x27, 0xff, 0x57, 0x44, 0x27, 0xff, 0x57, 0x44, 0x27, 0xff,
    0x57, 0x44, 0x27, 0xff, 0x57, 0x44, 0x27, 0xff, 0x57, 0x44, 0x27, 0xff,
    0x57, 0x44, 0x27, 0xff, 0x3f, 0x31, 0x1c, 0xff, 0x3f, 0x31, 0x1c, 0xff,
    0x41, 0x33, 0x1f, 0xff, 0x78, 0x69, 0x52, 0xff, 0x64, 0x53, 0x39, 0xff,
    0x58, 0x45, 0x29, 0xff, 0x57, 0x44, 0x27, 0xff, 0x57, 0x44, 0x27, 0xff,
    0x57, 0x44, 0x27, 0xff, 0x57, 0x44, 0x27, 0xff, 0x57, 0x44, 0x27, 0xff,
    0x57, 0x44, 0x27, 0xff, 0x57, 0x44, 0x27, 0xff, 0x57, 0x44, 0x27, 0xff,
    0x57, 0x44, 0x27, 0xff, 0x57, 0x44, 0x27, 0xff, 0x57, 0x44, 0x27, 0xff,
    0x57, 0x44, 0x27, 0xff, 0x57, 0x44, 0x27, 0xff, 0x57, 0x44, 0x27, 0xff,
    0x57, 0x44, 0x27, 0xff, 0x57, 0x44, 0x27, 0xff, 0x57, 0x44, 0x27, 0xff,
    0x57, 0x44, 0x27, 0xff, 0x57, 0x44, 0x27, 0xff, 0x57, 0x44, 0x27, 0xff,
    0x57, 0x44, 0x27, 0xff, 0x57, 0x44, 0x27, 0xff, 0x57, 0x44, 0x27, 0xff,
    0x57, 0x44, 0x27, 0xff, 0x57, 0x44, 0x27, 0xff, 0x57, 0x44, 0x27, 0xff,
    0x57, 0x44, 0x27, 0xff, 0x57, 0x44, 0x27, 0xff, 0x57, 0x44, 0x27, 0xff,
    0x57, 0x44, 0x27, 0xff, 0x57, 0x44, 0x27, 0xff, 0x57, 0x44, 0x27, 0xff,
    0x57, 0x44, 0x27, 0xff, 0x57, 0x44, 0x27, 0xff, 0x57, 0x44, 0x27, 0xff,
    0x57, 0x44, 0x27, 0xff, 0x57, 0x44, 0x27, 0xff, 0x57, 0x44, 0x27, 0xff,
    0x57, 0x44, 0x27, 0xff, 0x57, 0x44, 0x27, 0xff, 0x57, 0x44, 0x27, 0xff,
    0x57, 0x44, 0x27, 0xff, 0x57, 0x44, 0x27, 0xff, 0x57, 0x44, 0x27, 0xff,
    0x3f, 0x31, 0x1c, 0xff, 0x3f, 0x31, 0x1c, 0xff, 0x41, 0x33, 0x1f, 0xff,
    0x78, 0x69, 0x52, 0xff, 0x64, 0x53, 0x39, 0xff, 0x59, 0x46, 0x29, 0xff,
    0x57, 0x44, 0x27, 0xff, 0x57, 0x44, 0x27, 0xff, 0x57, 0x44, 0x27, 0xff,
    0x57, 0x44, 0x27, 0xff, 0x57, 0x44, 0x27, 0xff, 0x57, 0x44, 0x27, 0xff,
    0x57, 0x44, 0x27, 0xff, 0x57, 0x44, 0x27, 0xff, 0x57, 0x44, 0x27, 0xff,
    0x57, 0x44, 0x27, 0xff, 0x57, 0x44, 0x27, 0xff, 0x57, 0x44, 0x27, 0xff,
    0x57, 0x44, 0x27, 0xff, 0x57, 0x44, 0x27, 0xff, 0x57, 0x44, 0x27, 0xff,
    0x57, 0x44, 0x27, 0xff, 0x57, 0x44, 0x27, 0xff, 0x57, 0x44, 0x27, 0xff,
    0x57, 0x44, 0x27, 0xff, 0x57, 0x44, 0x27, 0xff, 0x57, 0x44, 0x27, 0xff,
    0x57, 0x44, 0x27, 0xff, 0x57, 0x44, 0x27, 0xff, 0x57, 0x44, 0x27, 0xff,
    0x57, 0x44, 0x27, 0xff, 0x57, 0x44, 0x27, 0xff, 0x57, 0x44, 0x27, 0xff,
    0x57, 0x44, 0x27, 0xff, 0x57, 0x44, 0x27, 0xff, 0x57, 0x44, 0x27, 0xff,
    0x57, 0x44, 0x27, 0xff, 0x57, 0x44, 0x27, 0xff, 0x57, 0x44, 0x27, 0xff,
    0x57, 0x44, 0x27, 0xff, 0x57, 0x44, 0x27, 0xff, 0x57, 0x44, 0x27, 0xff,
    0x57, 0x44, 0x27, 0xff, 0x57, 0x44, 0x27, 0xff, 0x57, 0x44, 0x27, 0xff,
    0x57, 0x44, 0x27, 0xff, 0x57, 0x44, 0x27, 0xff, 0x57, 0x44, 0x27, 0xff,
    0x57, 0x44, 0x27, 0xff, 0x57, 0x44, 0x27, 0xff, 0x3f, 0x31, 0x1c, 0xff,
    0x3f, 0x31, 0x1c, 0xff, 0x41, 0x33, 0x1f, 0xff, 0x78, 0x69, 0x52, 0xff,
    0x64, 0x53, 0x39, 0xff, 0x59, 0x46, 0x29, 0xff, 0x57, 0x44, 0x27, 0xff,
    0x57, 0x44, 0x27, 0xff, 0x57, 0x44, 0x27, 0xff, 0x57, 0x44, 0x27, 0xff,
    0x57, 0x44, 0x27, 0xff, 0x57, 0x44, 0x27, 0xff, 0x57, 0x44, 0x27, 0xff,
    0x57, 0x44, 0x27, 0xff, 0x57, 0x44, 0x27, 0xff, 0x57, 0x44, 0x27, 0xff,
    0x57, 0x44, 0x27, 0xff, 0x57, 0x44, 0x27, 0xff, 0x57, 0x44, 0x27, 0xff,
    0x57, 0x44, 0x27, 0xff, 0x57, 0x44, 0x27, 0xff, 0x57, 0x44, 0x27, 0xff,
    0x57, 0x44, 0x27, 0xff, 0x57, 0x44, 0x27, 0xff, 0x57, 0x44, 0x27, 0xff,
    0x57, 0x44, 0x27, 0xff, 0x57, 0x44, 0x27, 0xff, 0x57, 0x44, 0x27, 0xff,
    0x57, 0x44, 0x27, 0xff, 0x57, 0x44, 0x27, 0xff, 0x57, 0x44, 0x27, 0xff,
    0x57, 0x44, 0x27, 0xff, 0x57, 0x44, 0x27, 0xff, 0x57, 0x44, 0x27, 0xff,
    0x57, 0x44, 0x27, 0xff, 0x57, 0x44, 0x27, 0xff, 0x57, 0x44, 0x27, 0xff,
    0x57, 0x44, 0x27, 0xff, 0x57, 0x44, 0x27, 0xff, 0x57, 0x44, 0x27, 0xff,
    0x57, 0x44, 0x27, 0xff, 0x57, 0x44, 0x27, 0xff, 0x57, 0x44, 0x27, 0xff,
    0x57, 0x44, 0x27, 0xff, 0x57, 0x44, 0x27, 0xff, 0x57, 0x44, 0x27, 0xff,
    0x57, 0x44, 0x27, 0xff, 0x57, 0x44, 0x27, 0xff, 0x57, 0x44, 0x27, 0xff,
    0x57, 0x44, 0x27, 0xff, 0x3f, 0x31, 0x1c, 0xff, 0x3f, 0x31, 0x1c, 0xff,
    0x41, 0x33, 0x1f, 0xff, 0x78, 0x69, 0x52, 0xff, 0x65, 0x54, 0x39, 0xff,
    0x59, 0x46, 0x29, 0xff, 0x57, 0x44, 0x27, 0xff, 0x57, 0x44, 0x27, 0xff,
    0x57, 0x44, 0x27, 0xff, 0x57, 0x44, 0x27, 0xff, 0x57, 0x44, 0x27, 0xff,
    0x57, 0x44, 0x27, 0xff, 0x57, 0x44, 0x27, 0xff, 0x57, 0x44, 0x27, 0xff,
    0x57, 0x44, 0x27, 0xff, 0x57, 0x44, 0x27, 0xff, 0x57, 0x44, 0x27, 0xff,
    0x57, 0x44, 0x27, 0xff, 0x57, 0x44, 0x27, 0xff, 0x57, 0x44, 0x27, 0xff,
    0x57, 0x44, 0x27, 0xff, 0x57, 0x44, 0x27, 0xff, 0x57, 0x44, 0x27, 0xff,
    0x57, 0x44, 0x27, 0xff, 0x57, 0x44, 0x27, 0xff, 0x57, 0x44, 0x27, 0xff,
    0x57, 0x44, 0x27, 0xff, 0x57, 0x44, 0x27, 0xff, 0x57, 0x44, 0x27, 0xff,
    0x57, 0x44, 0x27, 0xff, 0x57, 0x44, 0x27, 0xff, 0x57, 0x44, 0x27, 0xff,
    0x57, 0x44, 0x27, 0xff, 0x57, 0x44, 0x27, 0xff, 0x57, 0x44, 0x27, 0xff,
    0x57, 0x44, 0x27, 0xff, 0x57, 0x44, 0x27, 0xff, 0x57, 0x44, 0x27, 0xff,
    0x57, 0x44, 0x27, 0xff, 0x57, 0x44, 0x27, 0xff, 0x57, 0x44, 0x27, 0xff,
    0x57, 0x44, 0x27, 0xff, 0x57, 0x44, 0x27, 0xff, 0x57, 0x44, 0x27, 0xff,
    0x57, 0x44, 0x27, 0xff, 0x57, 0x44, 0x27, 0xff, 0x57, 0x44, 0x27, 0xff,
    0x57, 0x44, 0x27, 0xff, 0x57, 0x44, 0x27, 0xff, 0x57, 0x44, 0x27, 0xff,
    0x3f, 0x31, 0x1c, 0xff, 0x3f, 0x31, 0x1c, 0xff, 0x41, 0x33, 0x1f, 0xff,
    0x78, 0x69, 0x52, 0xff, 0x65, 0x53, 0x39, 0xff, 0x59, 0x46, 0x29, 0xff,
    0x57, 0x44, 0x27, 0xff, 0x57, 0x44, 0x27, 0xff, 0x57, 0x44, 0x27, 0xff,
    0x57, 0x44, 0x27, 0xff, 0x57, 0x44, 0x27, 0xff, 0x57, 0x44, 0x27, 0xff,
    0x57, 0x44, 0x27, 0xff, 0x57, 0x44, 0x27, 0xff, 0x57, 0x44, 0x27, 0xff,
    0x57, 0x44, 0x27, 0xff, 0x57, 0x44, 0x27, 0xff, 0x57, 0x44, 0x27, 0xff,
    0x57, 0x44, 0x27, 0xff, 0x57, 0x44, 0x27, 0xff, 0x57, 0x44, 0x27, 0xff,
    0x57, 0x44, 0x27, 0xff, 0x57, 0x44, 0x27, 0xff, 0x57, 0x44, 0x27, 0xff,
    0x57, 0x44, 0x27, 0xff, 0x57, 0x44, 0x27, 0xff, 0x57, 0x44, 0x27, 0xff,
    0x57, 0x44, 0x27, 0xff, 0x57, 0x44, 0x27, 0xff, 0x57, 0x44, 0x27, 0xff,
    0x57, 0x44, 0x27, 0xff, 0x57, 0x44, 0x27, 0xff, 0x57, 0x44, 0x27, 0xff,
    0x57, 0x44, 0x27, 0xff, 0x57, 0x44, 0x27, 0xff, 0x57, 0x44, 0x27, 0xff,
    0x57, 0x44, 0x27, 0xff, 0x57, 0x44, 0x27, 0xff, 0x57, 0x44, 0x27, 0xff,
    0x57, 0x44, 0x27, 0xff, 0x57, 0x44, 0x27, 0xff, 0x57, 0x44, 0x27, 0xff,
    0x57, 0x44, 0x27, 0xff, 0x57, 0x44, 0x27, 0xff, 0x57, 0x44, 0x27, 0xff,
    0x57, 0x44, 0x27, 0xff, 0x57, 0x44, 0x27, 0xff, 0x57, 0x44, 0x27, 0xff,
    0x57, 0x44, 0x27, 0xff, 0x57, 0x44, 0x27, 0xff, 0x3f, 0x31, 0x1c, 0xff,
    0x3f, 0x31, 0x1c, 0xff, 0x41, 0x33, 0x1f, 0xff, 0x78, 0x69, 0x52, 0xff,
    0x65, 0x53, 0x39, 0xff, 0x59, 0x46, 0x29, 0xff, 0x57, 0x44, 0x27, 0xff,
    0x57, 0x44, 0x27, 0xff, 0x57, 0x44, 0x27, 0xff, 0x57, 0x44, 0x27, 0xff,
    0x57, 0x44, 0x27, 0xff, 0x57, 0x44, 0x27, 0xff, 0x57, 0x44, 0x27, 0xff,
    0x57, 0x44, 0x27, 0xff, 0x57, 0x44, 0x27, 0xff, 0x57, 0x44, 0x27, 0xff,
    0x57, 0x44, 0x27, 0xff, 0x57, 0x44, 0x27, 0xff, 0x57, 0x44, 0x27, 0xff,
    0x57, 0x44, 0x27, 0xff, 0x57, 0x44, 0x27, 0xff, 0x57, 0x44, 0x27, 0xff,
    0x57, 0x44, 0x27, 0xff, 0x57, 0x44, 0x27, 0xff, 0x57, 0x44, 0x27, 0xff,
    0x57, 0x44, 0x27, 0xff, 0x57, 0x44, 0x27, 0xff, 0x57, 0x44, 0x27, 0xff,
    0x57, 0x44, 0x27, 0xff, 0x57, 0x44, 0x27, 0xff, 0x57, 0x44, 0x27, 0xff,
    0x57, 0x44, 0x27, 0xff, 0x57, 0x44, 0x27, 0xff, 0x57, 0x44, 0x27, 0xff,
    0x57, 0x44, 0x27, 0xff, 0x57, 0x44, 0x27, 0xff, 0x57, 0x44, 0x27, 0xff,
    0x57, 0x44, 0x27, 0xff, 0x57, 0x44, 0x27, 0xff, 0x57, 0x44, 0x27, 0xff,
    0x57, 0x44, 0x27, 0xff, 0x57, 0x44, 0x27, 0xff, 0x57, 0x44, 0x27, 0xff,
    0x57, 0x44, 0x27, 0xff, 0x57, 0x44, 0x27, 0xff, 0x57, 0x44, 0x27, 0xff,
    0x57, 0x44, 0x27, 0xff, 0x57, 0x44, 0x27, 0xff, 0x57, 0x44, 0x27, 0xff,
    0x57, 0x44, 0x27, 0xff, 0x3f, 0x31, 0x1c, 0xff, 0x3f, 0x31, 0x1c, 0xff,
    0x41, 0x33, 0x1f, 0xff, 0x78, 0x69, 0x52, 0xff, 0x65, 0x53, 0x39, 0xff,
    0x59, 0x46, 0x29, 0xff, 0x57, 0x44, 0x27, 0xff, 0x57, 0x44, 0x27, 0xff,
    0x57, 0x44, 0x27, 0xff, 0x57, 0x44, 0x27, 0xff, 0x57, 0x44, 0x27, 0xff,
    0x57, 0x44, 0x27, 0xff, 0x57, 0x44, 0x27, 0xff, 0x57, 0x44, 0x27, 0xff,
    0x57, 0x44, 0x27, 0xff, 0x57, 0x44, 0x27, 0xff, 0x57, 0x44, 0x27, 0xff,
    0x57, 0x44, 0x27, 0xff, 0x57, 0x44, 0x27, 0xff, 0x57, 0x44, 0x27, 0xff,
    0x57, 0x44, 0x27, 0xff, 0x57, 0x44, 0x27, 0xff, 0x57, 0x44, 0x27, 0xff,
    0x57, 0x44, 0x27, 0xff, 0x57, 0x44, 0x27, 0xff, 0x57, 0x44, 0x27, 0xff,
    0x57, 0x44, 0x27, 0xff, 0x57, 0x44, 0x27, 0xff, 0x57, 0x44, 0x27, 0xff,
    0x57, 0x44, 0x27, 0xff, 0x57, 0x44, 0x27, 0xff, 0x57, 0x44, 0x27, 0xff,
    0x57, 0x44, 0x27, 0xff, 0x57, 0x44, 0x27, 0xff, 0x57, 0x44, 0x27, 0xff,
    0x57, 0x44, 0x27, 0xff, 0x57, 0x44, 0x27, 0xff, 0x57, 0x44, 0x27, 0xff,
    0x57, 0x44, 0x27, 0xff, 0x57, 0x44, 0x27, 0xff, 0x57, 0x44, 0x27, 0xff,
    0x57, 0x44, 0x27, 0xff, 0x57, 0x44, 0x27, 0xff, 0x57, 0x44, 0x27, 0xff,
    0x57, 0x44, 0x27, 0xff, 0x57, 0x44, 0x27, 0xff, 0x57, 0x44, 0x27, 0xff,
    0x57, 0x44, 0x27, 0xff, 0x57, 0x44, 0x27, 0xff, 0x57, 0x44, 0x27, 0xff,
    0x3f, 0x31, 0x1c, 0xff, 0x3f, 0x31, 0x1c, 0xff, 0x41, 0x33, 0x1f, 0xff,
    0x78, 0x69, 0x52, 0xff, 0x64, 0x53, 0x38, 0xff, 0x59, 0x46, 0x29, 0xff,
    0x57, 0x44, 0x27, 0xff, 0x57, 0x44, 0x27, 0xff, 0x57, 0x44, 0x27, 0xff,
    0x57, 0x44, 0x27, 0xff, 0x57, 0x44, 0x27, 0xff, 0x57, 0x44, 0x27, 0xff,
    0x57, 0x44, 0x27, 0xff, 0x57, 0x44, 0x27, 0xff, 0x57, 0x44, 0x27, 0xff,
    0x57, 0x44, 0x27, 0xff, 0x57, 0x44, 0x27, 0xff, 0x57, 0x44, 0x27, 0xff,
    0x57, 0x44, 0x27, 0xff, 0x57, 0x44, 0x27, 0xff, 0x57, 0x44, 0x27, 0xff,
    0x57, 0x44, 0x27, 0xff, 0x57, 0x44, 0x27, 0xff, 0x57, 0x44, 0x27, 0xff,
    0x57, 0x44, 0x27, 0xff, 0x57, 0x44, 0x27, 0xff, 0x57, 0x44, 0x27, 0xff,
    0x57, 0x44, 0x27, 0xff, 0x57, 0x44, 0x27, 0xff, 0x57, 0x44, 0x27, 0xff,
    0x57, 0x44, 0x27, 0xff, 0x57, 0x44, 0x27, 0xff, 0x57, 0x44, 0x27, 0xff,
    0x57, 0x44, 0x27, 0xff, 0x57, 0x44, 0x27, 0xff, 0x57, 0x44, 0x27, 0xff,
    0x57, 0x44, 0x27, 0xff, 0x57, 0x44, 0x27, 0xff, 0x57, 0x44, 0x27, 0xff,
    0x57, 0x44, 0x27, 0xff, 0x57, 0x44, 0x27, 0xff, 0x57, 0x44, 0x27, 0xff,
    0x57, 0x44, 0x27, 0xff, 0x57, 0x44, 0x27, 0xff, 0x57, 0x44, 0x27, 0xff,
    0x57, 0x44, 0x27, 0xff, 0x57, 0x44, 0x27, 0xff, 0x57, 0x44, 0x27, 0xff,
    0x57, 0x44, 0x27, 0xff, 0x57, 0x44, 0x27, 0xff, 0x3f, 0x31, 0x1c, 0xff,
    0x3f, 0x31, 0x1c, 0xff, 0x41, 0x33, 0x1f, 0xff, 0x78, 0x69, 0x52, 0xff,
    0x64, 0x53, 0x39, 0xff, 0x59, 0x46, 0x29, 0xff, 0x57, 0x44, 0x27, 0xff,
    0x57, 0x44, 0x27, 0xff, 0x57, 0x44, 0x27, 0xff, 0x57, 0x44, 0x27, 0xff,
    0x57, 0x44, 0x27, 0xff, 0x57, 0x44, 0x27, 0xff, 0x57, 0x44, 0x27, 0xff,
    0x57, 0x44, 0x27, 0xff, 0x57, 0x44, 0x27, 0xff, 0x57, 0x44, 0x27, 0xff,
    0x57, 0x44, 0x27, 0xff, 0x57, 0x44, 0x27, 0xff, 0x57, 0x44, 0x27, 0xff,
    0x57, 0x44, 0x27, 0xff, 0x57, 0x44, 0x27, 0xff, 0x57, 0x44, 0x27, 0xff,
    0x57, 0x44, 0x27, 0xff, 0x57, 0x44, 0x27, 0xff, 0x57, 0x44, 0x27, 0xff,
    0x57, 0x44, 0x27, 0xff, 0x57, 0x44, 0x27, 0xff, 0x57, 0x44, 0x27, 0xff,
    0x57, 0x44, 0x27, 0xff, 0x57, 0x44, 0x27, 0xff, 0x57, 0x44, 0x27, 0xff,
    0x57, 0x44, 0x27, 0xff, 0x57, 0x44, 0x27, 0xff, 0x57, 0x44, 0x27, 0xff,
    0x57, 0x44, 0x27, 0xff, 0x57, 0x44, 0x27, 0xff, 0x57, 0x44, 0x27, 0xff,
    0x57, 0x44, 0x27, 0xff, 0x57, 0x44, 0x27, 0xff, 0x57, 0x44, 0x27, 0xff,
    0x57, 0x44, 0x27, 0xff, 0x57, 0x44, 0x27, 0xff, 0x57, 0x44, 0x27, 0xff,
    0x57, 0x44, 0x27, 0xff, 0x57, 0x44, 0x27, 0xff, 0x57, 0x44, 0x27, 0xff,
    0x57, 0x44, 0x27, 0xff, 0x57, 0x44, 0x27, 0xff, 0x57, 0x44, 0x27, 0xff,
    0x57, 0x44, 0x27, 0xff, 0x3f, 0x31, 0x1c, 0xff, 0x3f, 0x31, 0x1c, 0xff,
    0x41, 0x33, 0x1f, 0xff, 0x78, 0x69, 0x52, 0xff, 0x65, 0x53, 0x39, 0xff,
    0x59, 0x46, 0x29, 0xff, 0x57, 0x44, 0x27, 0xff, 0x57, 0x44, 0x27, 0xff,
    0x57, 0x44, 0x27, 0xff, 0x57, 0x44, 0x27, 0xff, 0x57, 0x44, 0x27, 0xff,
    0x57, 0x44, 0x27, 0xff, 0x57, 0x44, 0x27, 0xff, 0x57, 0x44, 0x27, 0xff,
    0x57, 0x44, 0x27, 0xff, 0x57, 0x44, 0x27, 0xff, 0x57, 0x44, 0x27, 0xff,
    0x57, 0x44, 0x27, 0xff, 0x57, 0x44, 0x27, 0xff, 0x57, 0x44, 0x27, 0xff,
    0x57, 0x44, 0x27, 0xff, 0x57, 0x44, 0x27, 0xff, 0x57, 0x44, 0x27, 0xff,
    0x57, 0x44, 0x27, 0xff, 0x57, 0x44, 0x27, 0xff, 0x57, 0x44, 0x27, 0xff,
    0x57, 0x44, 0x27, 0xff, 0x57, 0x44, 0x27, 0xff, 0x57, 0x44, 0x27, 0xff,
    0x57, 0x44, 0x27, 0xff, 0x57, 0x44, 0x27, 0xff, 0x57, 0x44, 0x27, 0xff,
    0x57, 0x44, 0x27, 0xff, 0x57, 0x44, 0x27, 0xff, 0x57, 0x44, 0x27, 0xff,
    0x57, 0x44, 0x27, 0xff, 0x57, 0x44, 0x27, 0xff, 0x57, 0x44, 0x27, 0xff,
    0x57, 0x44, 0x27, 0xff, 0x57, 0x44, 0x27, 0xff, 0x57, 0x44, 0x27, 0xff,
    0x57, 0x44, 0x27, 0xff, 0x57, 0x44, 0x27, 0xff, 0x57, 0x44, 0x27, 0xff,
    0x57, 0x44, 0x27, 0xff, 0x57, 0x44, 0x27, 0xff, 0x57, 0x44, 0x27, 0xff,
    0x57, 0x44, 0x27, 0xff, 0x57, 0x44, 0x27, 0xff, 0x57, 0x44, 0x27, 0xff,
    0x3f, 0x31, 0x1c, 0xff, 0x3f, 0x31, 0x1c, 0xff, 0x41, 0x33, 0x1f, 0xff,
    0x78, 0x69, 0x52, 0xff, 0x64, 0x53, 0x39, 0xff, 0x59, 0x46, 0x29, 0xff,
    0x57, 0x44, 0x27, 0xff, 0x57, 0x44, 0x27, 0xff, 0x57, 0x44, 0x27, 0xff,
    0x57, 0x44, 0x27, 0xff, 0x57, 0x44, 0x27, 0xff, 0x57, 0x44, 0x27, 0xff,
    0x57, 0x44, 0x27, 0xff, 0x57, 0x44, 0x27, 0xff, 0x57, 0x44, 0x27, 0xff,
    0x57, 0x44, 0x27, 0xff, 0x57, 0x44, 0x27, 0xff, 0x57, 0x44, 0x27, 0xff,
    0x57, 0x44, 0x27, 0xff, 0x57, 0x44, 0x27, 0xff, 0x57, 0x44, 0x27, 0xff,
    0x57, 0x44, 0x27, 0xff, 0x57, 0x44, 0x27, 0xff, 0x57, 0x44, 0x27, 0xff,
    0x57, 0x44, 0x27, 0xff, 0x57, 0x44, 0x27, 0xff, 0x57, 0x44, 0x27, 0xff,
    0x57, 0x44, 0x27, 0xff, 0x57, 0x44, 0x27, 0xff, 0x57, 0x44, 0x27, 0xff,
    0x57, 0x44, 0x27, 0xff, 0x57, 0x44, 0x27, 0xff, 0x57, 0x44, 0x27, 0xff,
    0x57, 0x44, 0x27, 0xff, 0x57, 0x44, 0x27, 0xff, 0x57, 0x44, 0x27, 0xff,
    0x57, 0x44, 0x27, 0xff, 0x57, 0x44, 0x27, 0xff, 0x57, 0x44, 0x27, 0xff,
    0x57, 0x44, 0x27, 0xff, 0x57, 0x44, 0x27, 0xff, 0x57, 0x44, 0x27, 0xff,
    0x57, 0x44, 0x27, 0xff, 0x57, 0x44, 0x27, 0xff, 0x57, 0x44, 0x27, 0xff,
    0x57, 0x44, 0x27, 0xff, 0x57, 0x44, 0x27, 0xff, 0x57, 0x44, 0x27, 0xff,
    0x57, 0x44, 0x27, 0xff, 0x57, 0x44, 0x27, 0xff, 0x3f, 0x31, 0x1c, 0xff,
    0x3f, 0x31, 0x1c, 0xff, 0x41, 0x33, 0x1f, 0xff, 0x78, 0x69, 0x52, 0xff,
    0x65, 0x53, 0x39, 0xff, 0x59, 0x46, 0x29, 0xff, 0x57, 0x44, 0x27, 0xff,
    0x57, 0x44, 0x27, 0xff, 0x57, 0x44, 0x27, 0xff, 0x57, 0x44, 0x27, 0xff,
    0x57, 0x44, 0x27, 0xff, 0x57, 0x44, 0x27, 0xff, 0x57, 0x44, 0x27, 0xff,
    0x57, 0x44, 0x27, 0xff, 0x57, 0x44, 0x27, 0xff, 0x57, 0x44, 0x27, 0xff,
    0x57, 0x44, 0x27, 0xff, 0x57, 0x44, 0x27, 0xff, 0x57, 0x44, 0x27, 0xff,
    0x57, 0x44, 0x27, 0xff, 0x57, 0x44, 0x27, 0xff, 0x57, 0x44, 0x27, 0xff,
    0x57, 0x44, 0x27, 0xff, 0x57, 0x44, 0x27, 0xff, 0x57, 0x44, 0x27, 0xff,
    0x57, 0x44, 0x27, 0xff, 0x57, 0x44, 0x27, 0xff, 0x57, 0x44, 0x27, 0xff,
    0x57, 0x44, 0x27, 0xff, 0x57, 0x44, 0x27, 0xff, 0x57, 0x44, 0x27, 0xff,
    0x57, 0x44, 0x27, 0xff, 0x57, 0x44, 0x27, 0xff, 0x57, 0x44, 0x27, 0xff,
    0x57, 0x44, 0x27, 0xff, 0x57, 0x44, 0x27, 0xff, 0x57, 0x44, 0x27, 0xff,
    0x57, 0x44, 0x27, 0xff, 0x57, 0x44, 0x27, 0xff, 0x57, 0x44, 0x27, 0xff,
    0x57, 0x44, 0x27, 0xff, 0x57, 0x44, 0x27, 0xff, 0x57, 0x44, 0x27, 0xff,
    0x57, 0x44, 0x27, 0xff, 0x57, 0x44, 0x27, 0xff, 0x57, 0x44, 0x27, 0xff,
    0x57, 0x44, 0x27, 0xff, 0x57, 0x44, 0x27, 0xff, 0x57, 0x44, 0x27, 0xff,
    0x57, 0x44, 0x27, 0xff, 0x3f, 0x31, 0x1c, 0xff, 0x3f, 0x31, 0x1c, 0xff,
    0x41, 0x33, 0x1f, 0xff, 0x78, 0x69, 0x52, 0xff, 0x65, 0x53, 0x39, 0xff,
    0x59, 0x46, 0x29, 0xff, 0x57, 0x44, 0x27, 0xff, 0x57, 0x44, 0x27, 0xff,
    0x57, 0x44, 0x27, 0xff, 0x57, 0x44, 0x27, 0xff, 0x57, 0x44, 0x27, 0xff,
    0x57, 0x44, 0x27, 0xff, 0x57, 0x44, 0x27, 0xff, 0x57, 0x44, 0x27, 0xff,
    0x57, 0x44, 0x27, 0xff, 0x57, 0x44, 0x27, 0xff, 0x57, 0x44, 0x27, 0xff,
    0x57, 0x44, 0x27, 0xff, 0x57, 0x44, 0x27, 0xff, 0x57, 0x44, 0x27, 0xff,
    0x57, 0x44, 0x27, 0xff, 0x57, 0x44, 0x27, 0xff, 0x57, 0x44, 0x27, 0xff,
    0x57, 0x44, 0x27, 0xff, 0x57, 0x44, 0x27, 0xff, 0x57, 0x44, 0x27, 0xff,
    0x57, 0x44, 0x27, 0xff, 0x57, 0x44, 0x27, 0xff, 0x57, 0x44, 0x27, 0xff,
    0x57, 0x44, 0x27, 0xff, 0x57, 0x44, 0x27, 0xff, 0x57, 0x44, 0x27, 0xff,
    0x57, 0x44, 0x27, 0xff, 0x57, 0x44, 0x27, 0xff, 0x57, 0x44, 0x27, 0xff,
    0x57, 0x44, 0x27, 0xff, 0x57, 0x44, 0x27, 0xff, 0x57, 0x44, 0x27, 0xff,
    0x57, 0x44, 0x27, 0xff, 0x57, 0x44, 0x27, 0xff, 0x57, 0x44, 0x27, 0xff,
    0x57, 0x44, 0x27, 0xff, 0x57, 0x44, 0x27, 0xff, 0x57, 0x44, 0x27, 0xff,
    0x57, 0x44, 0x27, 0xff, 0x57, 0x44, 0x27, 0xff, 0x57, 0x44, 0x27, 0xff,
    0x57, 0x44, 0x27, 0xff, 0x57, 0x44, 0x27, 0xff, 0x57, 0x44, 0x27, 0xff,
    0x3f, 0x31, 0x1c, 0xff, 0x3f, 0x31, 0x1c, 0xff, 0x41, 0x33, 0x1f, 0xff,
    0x78, 0x69, 0x52, 0xff, 0x65, 0x53, 0x39, 0xff, 0x59, 0x46, 0x29, 0xff,
    0x57, 0x44, 0x27, 0xff, 0x57, 0x44, 0x27, 0xff, 0x57, 0x44, 0x27, 0xff,
    0x57, 0x44, 0x27, 0xff, 0x57, 0x44, 0x27, 0xff, 0x57, 0x44, 0x27, 0xff,
    0x57, 0x44, 0x27, 0xff, 0x57, 0x44, 0x27, 0xff, 0x57, 0x44, 0x27, 0xff,
    0x57, 0x44, 0x27, 0xff, 0x57, 0x44, 0x27, 0xff, 0x57, 0x44, 0x27, 0xff,
    0x57, 0x44, 0x27, 0xff, 0x57, 0x44, 0x27, 0xff, 0x57, 0x44, 0x27, 0xff,
    0x57, 0x44, 0x27, 0xff, 0x57, 0x44, 0x27, 0xff, 0x57, 0x44, 0x27, 0xff,
    0x57, 0x44, 0x27, 0xff, 0x57, 0x44, 0x27, 0xff, 0x57, 0x44, 0x27, 0xff,
    0x57, 0x44, 0x27, 0xff, 0x57, 0x44, 0x27, 0xff, 0x57, 0x44, 0x27, 0xff,
    0x57, 0x44, 0x27, 0xff, 0x57, 0x44, 0x27, 0xff, 0x57, 0x44, 0x27, 0xff,
    0x57, 0x44, 0x27, 0xff, 0x57, 0x44, 0x27, 0xff, 0x57, 0x44, 0x27, 0xff,
    0x57, 0x44, 0x27, 0xff, 0x57, 0x44, 0x27, 0xff, 0x57, 0x44, 0x27, 0xff,
    0x57, 0x44, 0x27, 0xff, 0x57, 0x44, 0x27, 0xff, 0x57, 0x44, 0x27, 0xff,
    0x57, 0x44, 0x27, 0xff, 0x57, 0x44, 0x27, 0xff, 0x57, 0x44, 0x27, 0xff,
    0x57, 0x44, 0x27, 0xff, 0x57, 0x44, 0x27, 0xff, 0x57, 0x44, 0x27, 0xff,
    0x57, 0x44, 0x27, 0xff, 0x57, 0x44, 0x27, 0xff, 0x3f, 0x31, 0x1c, 0xff,
    0x3f, 0x31, 0x1c, 0xff, 0x41, 0x33, 0x1f, 0xff, 0x78, 0x69, 0x52, 0xff,
    0x64, 0x53, 0x39, 0xff, 0x59, 0x46, 0x29, 0xff, 0x57, 0x44, 0x27, 0xff,
    0x57, 0x44, 0x27, 0xff, 0x57, 0x44, 0x27, 0xff, 0x57, 0x44, 0x27, 0xff,
    0x57, 0x44, 0x27, 0xff, 0x57, 0x44, 0x27, 0xff, 0x57, 0x44, 0x27, 0xff,
    0x57, 0x44, 0x27, 0xff, 0x57, 0x44, 0x27, 0xff, 0x57, 0x44, 0x27, 0xff,
    0x57, 0x44, 0x27, 0xff, 0x57, 0x44, 0x27, 0xff, 0x57, 0x44, 0x27, 0xff,
    0x57, 0x44, 0x27, 0xff, 0x57, 0x44, 0x27, 0xff, 0x57, 0x44, 0x27, 0xff,
    0x57, 0x44, 0x27, 0xff, 0x57, 0x44, 0x27, 0xff, 0x57, 0x44, 0x27, 0xff,
    0x57, 0x44, 0x27, 0xff, 0x57, 0x44, 0x27, 0xff, 0x57, 0x44, 0x27, 0xff,
    0x57, 0x44, 0x27, 0xff, 0x57, 0x44, 0x27, 0xff, 0x57, 0x44, 0x27, 0xff,
    0x57, 0x44, 0x27, 0xff, 0x57, 0x44, 0x27, 0xff, 0x57, 0x44, 0x27, 0xff,
    0x57, 0x44, 0x27, 0xff, 0x57, 0x44, 0x27, 0xff, 0x57, 0x44, 0x27, 0xff,
    0x57, 0x44, 0x27, 0xff, 0x57, 0x44, 0x27, 0xff, 0x57, 0x44, 0x27, 0xff,
    0x57, 0x44, 0x27, 0xff, 0x57, 0x44, 0x27, 0xff, 0x57, 0x44, 0x27, 0xff,
    0x57, 0x44, 0x27, 0xff, 0x57, 0x44, 0x27, 0xff, 0x57, 0x44, 0x27, 0xff,
    0x57, 0x44, 0x27, 0xff, 0x57, 0x44, 0x27, 0xff, 0x57, 0x44, 0x27, 0xff,
    0x57, 0x44, 0x27, 0xff, 0x3f, 0x31, 0x1c, 0xff, 0x3f, 0x31, 0x1c, 0xff,
    0x41, 0x33, 0x1f, 0xff, 0x78, 0x69, 0x52, 0xff, 0x64, 0x53, 0x39, 0xff,
    0x59, 0x46, 0x29, 0xff, 0x57, 0x44, 0x27, 0xff, 0x57, 0x44, 0x27, 0xff,
    0x57, 0x44, 0x27, 0xff, 0x57, 0x44, 0x27, 0xff, 0x57, 0x44, 0x27, 0xff,
    0x57, 0x44, 0x27, 0xff, 0x57, 0x44, 0x27, 0xff, 0x57, 0x44, 0x27, 0xff,
    0x57, 0x44, 0x27, 0xff, 0x57, 0x44, 0x27, 0xff, 0x57, 0x44, 0x27, 0xff,
    0x57, 0x44, 0x27, 0xff, 0x57, 0x44, 0x27, 0xff, 0x57, 0x44, 0x27, 0xff,
    0x57, 0x44, 0x27, 0xff, 0x57, 0x44, 0x27, 0xff, 0x57, 0x44, 0x27, 0xff,
    0x57, 0x44, 0x27, 0xff, 0x57, 0x44, 0x27, 0xff, 0x57, 0x44, 0x27, 0xff,
    0x57, 0x44, 0x27, 0xff, 0x57, 0x44, 0x27, 0xff, 0x57, 0x44, 0x27, 0xff,
    0x57, 0x44, 0x27, 0xff, 0x57, 0x44, 0x27, 0xff, 0x57, 0x44, 0x27, 0xff,
    0x57, 0x44, 0x27, 0xff, 0x57, 0x44, 0x27, 0xff, 0x57, 0x44, 0x27, 0xff,
    0x57, 0x44, 0x27, 0xff, 0x57, 0x44, 0x27, 0xff, 0x57, 0x44, 0x27, 0xff,
    0x57, 0x44, 0x27, 0xff, 0x57, 0x44, 0x27, 0xff, 0x57, 0x44, 0x27, 0xff,
    0x57, 0x44, 0x27, 0xff, 0x57, 0x44, 0x27, 0xff, 0x57, 0x44, 0x27, 0xff,
    0x57, 0x44, 0x27, 0xff, 0x57, 0x44, 0x27, 0xff, 0x57, 0x44, 0x27, 0xff,
    0x57, 0x44, 0x27, 0xff, 0x57, 0x44, 0x27, 0xff, 0x57, 0x44, 0x27, 0xff,
    0x3f, 0x31, 0x1c, 0xff, 0x3f, 0x31, 0x1c, 0xff, 0x41, 0x33, 0x1f, 0xff,
    0x78, 0x69, 0x52, 0xff, 0x64, 0x53, 0x39, 0xff, 0x59, 0x46, 0x29, 0xff,
    0x57, 0x44, 0x27, 0xff, 0x57, 0x44, 0x27, 0xff, 0x57, 0x44, 0x27, 0xff,
    0x57, 0x44, 0x27, 0xff, 0x57, 0x44, 0x27, 0xff, 0x57, 0x44, 0x27, 0xff,
    0x57, 0x44, 0x27, 0xff, 0x57, 0x44, 0x27, 0xff, 0x57, 0x44, 0x27, 0xff,
    0x57, 0x44, 0x27, 0xff, 0x57, 0x44, 0x27, 0xff, 0x57, 0x44, 0x27, 0xff,
    0x57, 0x44, 0x27, 0xff, 0x57, 0x44, 0x27, 0xff, 0x57, 0x44, 0x27, 0xff,
    0x57, 0x44, 0x27, 0xff, 0x57, 0x44, 0x27, 0xff, 0x57, 0x44, 0x27, 0xff,
    0x57, 0x44, 0x27, 0xff, 0x57, 0x44, 0x27, 0xff, 0x57, 0x44, 0x27, 0xff,
    0x57, 0x44, 0x27, 0xff, 0x57, 0x44, 0x27, 0xff, 0x57, 0x44, 0x27, 0xff,
    0x57, 0x44, 0x27, 0xff, 0x57, 0x44, 0x27, 0xff, 0x57, 0x44, 0x27, 0xff,
    0x57, 0x44, 0x27, 0xff, 0x57, 0x44, 0x27, 0xff, 0x57, 0x44, 0x27, 0xff,
    0x57, 0x44, 0x27, 0xff, 0x57, 0x44, 0x27, 0xff, 0x57, 0x44, 0x27, 0xff,
    0x57, 0x44, 0x27, 0xff, 0x57, 0x44, 0x27, 0xff, 0x57, 0x44, 0x27, 0xff,
    0x57, 0x44, 0x27, 0xff, 0x57, 0x44, 0x27, 0xff, 0x57, 0x44, 0x27, 0xff,
    0x57, 0x44, 0x27, 0xff, 0x57, 0x44, 0x27, 0xff, 0x57, 0x44, 0x27, 0xff,
    0x57, 0x44, 0x27, 0xff, 0x57, 0x44, 0x27, 0xff, 0x3f, 0x31, 0x1c, 0xff,
    0x3f, 0x31, 0x1c, 0xff, 0x41, 0x33, 0x1f, 0xff, 0x78, 0x69, 0x52, 0xff,
    0x65, 0x53, 0x39, 0xff, 0x59, 0x46, 0x29, 0xff, 0x57, 0x44, 0x27, 0xff,
    0x57, 0x44, 0x27, 0xff, 0x57, 0x44, 0x27, 0xff, 0x57, 0x44, 0x27, 0xff,
    0x57, 0x44, 0x27, 0xff, 0x57, 0x44, 0x27, 0xff, 0x57, 0x44, 0x27, 0xff,
    0x57, 0x44, 0x27, 0xff, 0x57, 0x44, 0x27, 0xff, 0x57, 0x44, 0x27, 0xff,
    0x57, 0x44, 0x27, 0xff, 0x57, 0x44, 0x27, 0xff, 0x57, 0x44, 0x27, 0xff,
    0x57, 0x44, 0x27, 0xff, 0x57, 0x44, 0x27, 0xff, 0x57, 0x44, 0x27, 0xff,
    0x57, 0x44, 0x27, 0xff, 0x57, 0x44, 0x27, 0xff, 0x57, 0x44, 0x27, 0xff,
    0x57, 0x44, 0x27, 0xff, 0x57, 0x44, 0x27, 0xff, 0x57, 0x44, 0x27, 0xff,
    0x57, 0x44, 0x27, 0xff, 0x57, 0x44, 0x27, 0xff, 0x57, 0x44, 0x27, 0xff,
    0x57, 0x44, 0x27, 0xff, 0x57, 0x44, 0x27, 0xff, 0x57, 0x44, 0x27, 0xff,
    0x57, 0x44, 0x27, 0xff, 0x57, 0x44, 0x27, 0xff, 0x57, 0x44, 0x27, 0xff,
    0x57, 0x44, 0x27, 0xff, 0x57, 0x44, 0x27, 0xff, 0x57, 0x44, 0x27, 0xff,
    0x57, 0x44, 0x27, 0xff, 0x57, 0x44, 0x27, 0xff, 0x57, 0x44, 0x27, 0xff,
    0x57, 0x44, 0x27, 0xff, 0x57, 0x44, 0x27, 0xff, 0x57, 0x44, 0x27, 0xff,
    0x57, 0x44, 0x27, 0xff, 0x57, 0x44, 0x27, 0xff, 0x57, 0x44, 0x27, 0xff,
    0x57, 0x44, 0x27, 0xff, 0x3f, 0x31, 0x1c, 0xff, 0x3f, 0x31, 0x1c, 0xff,
    0x41, 0x33, 0x1f, 0xff, 0x78, 0x69, 0x52, 0xff, 0x64, 0x53, 0x39, 0xff,
    0x59, 0x46, 0x29, 0xff, 0x57, 0x44, 0x27, 0xff, 0x57, 0x44, 0x27, 0xff,
    0x57, 0x44, 0x27, 0xff, 0x57, 0x44, 0x27, 0xff, 0x57, 0x44, 0x27, 0xff,
    0x57, 0x44, 0x27, 0xff, 0x57, 0x44, 0x27, 0xff, 0x57, 0x44, 0x27, 0xff,
    0x57, 0x44, 0x27, 0xff, 0x57, 0x44, 0x27, 0xff, 0x57, 0x44, 0x27, 0xff,
    0x57, 0x44, 0x27, 0xff, 0x57, 0x44, 0x27, 0xff, 0x57, 0x44, 0x27, 0xff,
    0x57, 0x44, 0x27, 0xff, 0x57, 0x44, 0x27, 0xff, 0x57, 0x44, 0x27, 0xff,
    0x57, 0x44, 0x27, 0xff, 0x57, 0x44, 0x27, 0xff, 0x57, 0x44, 0x27, 0xff,
    0x57, 0x44, 0x27, 0xff, 0x57, 0x44, 0x27, 0xff, 0x57, 0x44, 0x27, 0xff,
    0x57, 0x44, 0x27, 0xff, 0x57, 0x44, 0x27, 0xff, 0x57, 0x44, 0x27, 0xff,
    0x57, 0x44, 0x27, 0xff, 0x57, 0x44, 0x27, 0xff, 0x57, 0x44, 0x27, 0xff,
    0x57, 0x44, 0x27, 0xff, 0x57, 0x44, 0x27, 0xff, 0x57, 0x44, 0x27, 0xff,
    0x57, 0x44, 0x27, 0xff, 0x57, 0x44, 0x27, 0xff, 0x57, 0x44, 0x27, 0xff,
    0x57, 0x44, 0x27, 0xff, 0x57, 0x44, 0x27, 0xff, 0x57, 0x44, 0x27, 0xff,
    0x57, 0x44, 0x27, 0xff, 0x57, 0x44, 0x27, 0xff, 0x57, 0x44, 0x27, 0xff,
    0x57, 0x44, 0x27, 0xff, 0x57, 0x44, 0x27, 0xff, 0x57, 0x44, 0x27, 0xff,
    0x3f, 0x31, 0x1c, 0xff, 0x3f, 0x31, 0x1c, 0xff, 0x41, 0x33, 0x1f, 0xff,
    0x78, 0x69, 0x52, 0xff, 0x64, 0x53, 0x38, 0xff, 0x58, 0x45, 0x29, 0xff,
    0x57, 0x44, 0x27, 0xff, 0x57, 0x44, 0x27, 0xff, 0x57, 0x44, 0x27, 0xff,
    0x57, 0x44, 0x27, 0xff, 0x57, 0x44, 0x27, 0xff, 0x57, 0x44, 0x27, 0xff,
    0x57, 0x44, 0x27, 0xff, 0x57, 0x44, 0x27, 0xff, 0x57, 0x44, 0x27, 0xff,
    0x57, 0x44, 0x27, 0xff, 0x57, 0x44, 0x27, 0xff, 0x57, 0x44, 0x27, 0xff,
    0x57, 0x44, 0x27, 0xff, 0x57, 0x44, 0x27, 0xff, 0x57, 0x44, 0x27, 0xff,
    0x57, 0x44, 0x27, 0xff, 0x57, 0x44, 0x27, 0xff, 0x57, 0x44, 0x27, 0xff,
    0x57, 0x44, 0x27, 0xff, 0x57, 0x44, 0x27, 0xff, 0x57, 0x44, 0x27, 0xff,
    0x57, 0x44, 0x27, 0xff, 0x57, 0x44, 0x27, 0xff, 0x57, 0x44, 0x27, 0xff,
    0x57, 0x44, 0x27, 0xff, 0x57, 0x44, 0x27, 0xff, 0x57, 0x44, 0x27, 0xff,
    0x57, 0x44, 0x27, 0xff, 0x57, 0x44, 0x27, 0xff, 0x57, 0x44, 0x27, 0xff,
    0x57, 0x44, 0x27, 0xff, 0x57, 0x44, 0x27, 0xff, 0x57, 0x44, 0x27, 0xff,
    0x57, 0x44, 0x27, 0xff, 0x57, 0x44, 0x27, 0xff, 0x57, 0x44, 0x27, 0xff,
    0x57, 0x44, 0x27, 0xff, 0x57, 0x44, 0x27, 0xff, 0x57, 0x44, 0x27, 0xff,
    0x57, 0x44, 0x27, 0xff, 0x57, 0x44, 0x27, 0xff, 0x57, 0x44, 0x27, 0xff,
    0x57, 0x44, 0x27, 0xff, 0x57, 0x44, 0x27, 0xff, 0x3f, 0x31, 0x1c, 0xff,
    0x3f, 0x31, 0x1c, 0xff, 0x41, 0x33, 0x1f, 0xff, 0x78, 0x69, 0x52, 0xff,
    0x64, 0x53, 0x39, 0xff, 0x59, 0x46, 0x29, 0xff, 0x57, 0x44, 0x27, 0xff,
    0x57, 0x44, 0x27, 0xff, 0x57, 0x44, 0x27, 0xff, 0x57, 0x44, 0x27, 0xff,
    0x57, 0x44, 0x27, 0xff, 0x57, 0x44, 0x27, 0xff, 0x57, 0x44, 0x27, 0xff,
    0x57, 0x44, 0x27, 0xff, 0x57, 0x44, 0x27, 0xff, 0x57, 0x44, 0x27, 0xff,
    0x57, 0x44, 0x27, 0xff, 0x57, 0x44, 0x27, 0xff, 0x57, 0x44, 0x27, 0xff,
    0x57, 0x44, 0x27, 0xff, 0x57, 0x44, 0x27, 0xff, 0x57, 0x44, 0x27, 0xff,
    0x57, 0x44, 0x27, 0xff, 0x57, 0x44, 0x27, 0xff, 0x57, 0x44, 0x27, 0xff,
    0x57, 0x44, 0x27, 0xff, 0x57, 0x44, 0x27, 0xff, 0x57, 0x44, 0x27, 0xff,
    0x57, 0x44, 0x27, 0xff, 0x57, 0x44, 0x27, 0xff, 0x57, 0x44, 0x27, 0xff,
    0x57, 0x44, 0x27, 0xff, 0x57, 0x44, 0x27, 0xff, 0x57, 0x44, 0x27, 0xff,
    0x57, 0x44, 0x27, 0xff, 0x57, 0x44, 0x27, 0xff, 0x57, 0x44, 0x27, 0xff,
    0x57, 0x44, 0x27, 0xff, 0x57, 0x44, 0x27, 0xff, 0x57, 0x44, 0x27, 0xff,
    0x57, 0x44, 0x27, 0xff, 0x57, 0x44, 0x27, 0xff, 0x57, 0x44, 0x27, 0xff,
    0x57, 0x44, 0x27, 0xff, 0x57, 0x44, 0x27, 0xff, 0x57, 0x44, 0x27, 0xff,
    0x57, 0x44, 0x27, 0xff, 0x57, 0x44, 0x27, 0xff, 0x57, 0x44, 0x27, 0xff,
    0x57, 0x44, 0x27, 0xff, 0x3f, 0x31, 0x1c, 0xff, 0x3f, 0x31, 0x1c, 0xff,
    0x41, 0x33, 0x1f, 0xff, 0x78, 0x69, 0x52, 0xff, 0x65, 0x53, 0x39, 0xff,
    0x59, 0x46, 0x29, 0xff, 0x57, 0x44, 0x27, 0xff, 0x57, 0x44, 0x27, 0xff,
    0x57, 0x44, 0x27, 0xff, 0x57, 0x44, 0x27, 0xff, 0x57, 0x44, 0x27, 0xff,
    0x57, 0x44, 0x27, 0xff, 0x57, 0x44, 0x27, 0xff, 0x57, 0x44, 0x27, 0xff,
    0x57, 0x44, 0x27, 0xff, 0x57, 0x44, 0x27, 0xff, 0x57, 0x44, 0x27, 0xff,
    0x57, 0x44, 0x27, 0xff, 0x57, 0x44, 0x27, 0xff, 0x57, 0x44, 0x27, 0xff,
    0x57, 0x44, 0x27, 0xff, 0x57, 0x44, 0x27, 0xff, 0x57, 0x44, 0x27, 0xff,
    0x57, 0x44, 0x27, 0xff, 0x57, 0x44, 0x27, 0xff, 0x57, 0x44, 0x27, 0xff,
    0x57, 0x44, 0x27, 0xff, 0x57, 0x44, 0x27, 0xff, 0x57, 0x44, 0x27, 0xff,
    0x57, 0x44, 0x27, 0xff, 0x57, 0x44, 0x27, 0xff, 0x57, 0x44, 0x27, 0xff,
    0x57, 0x44, 0x27, 0xff, 0x57, 0x44, 0x27, 0xff, 0x57, 0x44, 0x27, 0xff,
    0x57, 0x44, 0x27, 0xff, 0x57, 0x44, 0x27, 0xff, 0x57, 0x44, 0x27, 0xff,
    0x57, 0x44, 0x27, 0xff, 0x57, 0x44, 0x27, 0xff, 0x57, 0x44, 0x27, 0xff,
    0x57, 0x44, 0x27, 0xff, 0x57, 0x44, 0x27, 0xff, 0x57, 0x44, 0x27, 0xff,
    0x57, 0x44, 0x27, 0xff, 0x57, 0x44, 0x27, 0xff, 0x57, 0x44, 0x27, 0xff,
    0x57, 0x44, 0x27, 0xff, 0x57, 0x44, 0x27, 0xff, 0x57, 0x44, 0x27, 0xff,
    0x3f, 0x31, 0x1c, 0xff, 0x3f, 0x31, 0x1c, 0xff, 0x41, 0x33, 0x1f, 0xff,
    0x78, 0x69, 0x52, 0xff, 0x64, 0x53, 0x39, 0xff, 0x59, 0x46, 0x29, 0xff,
    0x57, 0x44, 0x27, 0xff, 0x57, 0x44, 0x27, 0xff, 0x57, 0x44, 0x27, 0xff,
    0x57, 0x44, 0x27, 0xff, 0x57, 0x44, 0x27, 0xff, 0x57, 0x44, 0x27, 0xff,
    0x57, 0x44, 0x27, 0xff, 0x57, 0x44, 0x27, 0xff, 0x57, 0x44, 0x27, 0xff,
    0x57, 0x44, 0x27, 0xff, 0x57, 0x44, 0x27, 0xff, 0x57, 0x44, 0x27, 0xff,
    0x57, 0x44, 0x27, 0xff, 0x57, 0x44, 0x27, 0xff, 0x57, 0x44, 0x27, 0xff,
    0x57, 0x44, 0x27, 0xff, 0x57, 0x44, 0x27, 0xff, 0x57, 0x44, 0x27, 0xff,
    0x57, 0x44, 0x27, 0xff, 0x57, 0x44, 0x27, 0xff, 0x57, 0x44, 0x27, 0xff,
    0x57, 0x44, 0x27, 0xff, 0x57, 0x44, 0x27, 0xff, 0x57, 0x44, 0x27, 0xff,
    0x57, 0x44, 0x27, 0xff, 0x57, 0x44, 0x27, 0xff, 0x57, 0x44, 0x27, 0xff,
    0x57, 0x44, 0x27, 0xff, 0x57, 0x44, 0x27, 0xff, 0x57, 0x44, 0x27, 0xff,
    0x57, 0x44, 0x27, 0xff, 0x57, 0x44, 0x27, 0xff, 0x57, 0x44, 0x27, 0xff,
    0x57, 0x44, 0x27, 0xff, 0x57, 0x44, 0x27, 0xff, 0x57, 0x44, 0x27, 0xff,
    0x57, 0x44, 0x27, 0xff, 0x57, 0x44, 0x27, 0xff, 0x57, 0x44, 0x27, 0xff,
    0x57, 0x44, 0x27, 0xff, 0x57, 0x44, 0x27, 0xff, 0x57, 0x44, 0x27, 0xff,
    0x57, 0x44, 0x27, 0xff, 0x57, 0x44, 0x27, 0xff, 0x3f, 0x31, 0x1c, 0xff,
    0x3f, 0x31, 0x1c, 0xff, 0x41, 0x33, 0x1f, 0xff, 0x78, 0x69, 0x52, 0xff,
    0x65, 0x53, 0x39, 0xff, 0x59, 0x46, 0x29, 0xff, 0x57, 0x44, 0x27, 0xff,
    0x57, 0x44, 0x27, 0xff, 0x57, 0x44, 0x27, 0xff, 0x57, 0x44, 0x27, 0xff,
    0x57, 0x44, 0x27, 0xff, 0x57, 0x44, 0x27, 0xff, 0x57, 0x44, 0x27, 0xff,
    0x57, 0x44, 0x27, 0xff, 0x57, 0x44, 0x27, 0xff, 0x57, 0x44, 0x27, 0xff,
    0x57, 0x44, 0x27, 0xff, 0x57, 0x44, 0x27, 0xff, 0x57, 0x44, 0x27, 0xff,
    0x57, 0x44, 0x27, 0xff, 0x57, 0x44, 0x27, 0xff, 0x57, 0x44, 0x27, 0xff,
    0x57, 0x44, 0x27, 0xff, 0x57, 0x44, 0x27, 0xff, 0x57, 0x44, 0x27, 0xff,
    0x57, 0x44, 0x27, 0xff, 0x57, 0x44, 0x27, 0xff, 0x57, 0x44, 0x27, 0xff,
    0x57, 0x44, 0x27, 0xff, 0x57, 0x44, 0x27, 0xff, 0x57, 0x44, 0x27, 0xff,
    0x57, 0x44, 0x27, 0xff, 0x57, 0x44, 0x27, 0xff, 0x57, 0x44, 0x27, 0xff,
    0x57, 0x44, 0x27, 0xff, 0x57, 0x44, 0x27, 0xff, 0x57, 0x44, 0x27, 0xff,
    0x57, 0x44, 0x27, 0xff, 0x57, 0x44, 0x27, 0xff, 0x57, 0x44, 0x27, 0xff,
    0x57, 0x44, 0x27, 0xff, 0x57, 0x44, 0x27, 0xff, 0x57, 0x44, 0x27, 0xff,
    0x57, 0x44, 0x27, 0xff, 0x57, 0x44, 0x27, 0xff, 0x57, 0x44, 0x27, 0xff,
    0x57, 0x44, 0x27, 0xff, 0x57, 0x44, 0x27, 0xff, 0x57, 0x44, 0x27, 0xff,
    0x57, 0x44, 0x27, 0xff, 0x3f, 0x31, 0x1c, 0xff, 0x3f, 0x31, 0x1c, 0xff,
    0x41, 0x33, 0x1f, 0xff, 0x78, 0x69, 0x52, 0xff, 0x64, 0x53, 0x39, 0xff,
    0x59, 0x46, 0x29, 0xff, 0x57, 0x44, 0x27, 0xff, 0x57, 0x44, 0x27, 0xff,
    0x57, 0x44, 0x27, 0xff, 0x57, 0x44, 0x27, 0xff, 0x57, 0x44, 0x27, 0xff,
    0x57, 0x44, 0x27, 0xff, 0x57, 0x44, 0x27, 0xff, 0x57, 0x44, 0x27, 0xff,
    0x57, 0x44, 0x27, 0xff, 0x57, 0x44, 0x27, 0xff, 0x57, 0x44, 0x27, 0xff,
    0x57, 0x44, 0x27, 0xff, 0x57, 0x44, 0x27, 0xff, 0x57, 0x44, 0x27, 0xff,
    0x57, 0x44, 0x27, 0xff, 0x57, 0x44, 0x27, 0xff, 0x57, 0x44, 0x27, 0xff,
    0x57, 0x44, 0x27, 0xff, 0x57, 0x44, 0x27, 0xff, 0x57, 0x44, 0x27, 0xff,
    0x57, 0x44, 0x27, 0xff, 0x57, 0x44, 0x27, 0xff, 0x57, 0x44, 0x27, 0xff,
    0x57, 0x44, 0x27, 0xff, 0x57, 0x44, 0x27, 0xff, 0x57, 0x44, 0x27, 0xff,
    0x57, 0x44, 0x27, 0xff, 0x57, 0x44, 0x27, 0xff, 0x57, 0x44, 0x27, 0xff,
    0x57, 0x44, 0x27, 0xff, 0x57, 0x44, 0x27, 0xff, 0x57, 0x44, 0x27, 0xff,
    0x57, 0x44, 0x27, 0xff, 0x57, 0x44, 0x27, 0xff, 0x57, 0x44, 0x27, 0xff,
    0x57, 0x44, 0x27, 0xff, 0x57, 0x44, 0x27, 0xff, 0x57, 0x44, 0x27, 0xff,
    0x57, 0x44, 0x27, 0xff, 0x57, 0x44, 0x27, 0xff, 0x57, 0x44, 0x27, 0xff,
    0x57, 0x44, 0x27, 0xff, 0x57, 0x44, 0x27, 0xff, 0x57, 0x44, 0x27, 0xff,
    0x3f, 0x31, 0x1c, 0xff, 0x3f, 0x31, 0x1c, 0xff, 0x41, 0x33, 0x1f, 0xff,
    0x78, 0x69, 0x52, 0xff, 0x65, 0x53, 0x39, 0xff, 0x59, 0x46, 0x29, 0xff,
    0x57, 0x44, 0x27, 0xff, 0x57, 0x44, 0x27, 0xff, 0x57, 0x44, 0x27, 0xff,
    0x57, 0x44, 0x27, 0xff, 0x57, 0x44, 0x27, 0xff, 0x57, 0x44, 0x27, 0xff,
    0x57, 0x44, 0x27, 0xff, 0x57, 0x44, 0x27, 0xff, 0x57, 0x44, 0x27, 0xff,
    0x57, 0x44, 0x27, 0xff, 0x57, 0x44, 0x27, 0xff, 0x57, 0x44, 0x27, 0xff,
    0x57, 0x44, 0x27, 0xff, 0x57, 0x44, 0x27, 0xff, 0x57, 0x44, 0x27, 0xff,
    0x57, 0x44, 0x27, 0xff, 0x57, 0x44, 0x27, 0xff, 0x57, 0x44, 0x27, 0xff,
    0x57, 0x44, 0x27, 0xff, 0x57, 0x44, 0x27, 0xff, 0x57, 0x44, 0x27, 0xff,
    0x57, 0x44, 0x27, 0xff, 0x57, 0x44, 0x27, 0xff, 0x57, 0x44, 0x27, 0xff,
    0x57, 0x44, 0x27, 0xff, 0x57, 0x44, 0x27, 0xff, 0x57, 0x44, 0x27, 0xff,
    0x57, 0x44, 0x27, 0xff, 0x57, 0x44, 0x27, 0xff, 0x57, 0x44, 0x27, 0xff,
    0x57, 0x44, 0x27, 0xff, 0x57, 0x44, 0x27, 0xff, 0x57, 0x44, 0x27, 0xff,
    0x57, 0x44, 0x27, 0xff, 0x57, 0x44, 0x27, 0xff, 0x57, 0x44, 0x27, 0xff,
    0x57, 0x44, 0x27, 0xff, 0x57, 0x44, 0x27, 0xff, 0x57, 0x44, 0x27, 0xff,
    0x57, 0x44, 0x27, 0xff, 0x57, 0x44, 0x27, 0xff, 0x57, 0x44, 0x27, 0xff,
    0x57, 0x44, 0x27, 0xff, 0x57, 0x44, 0x27, 0xff, 0x3f, 0x31, 0x1c, 0xff,
    0x3f, 0x31, 0x1c, 0xff, 0x41, 0x33, 0x1f, 0xff, 0x78, 0x69, 0x52, 0xff,
    0x65, 0x53, 0x39, 0xff, 0x59, 0x46, 0x29, 0xff, 0x57, 0x44, 0x27, 0xff,
    0x57, 0x44, 0x27, 0xff, 0x57, 0x44, 0x27, 0xff, 0x57, 0x44, 0x27, 0xff,
    0x57, 0x44, 0x27, 0xff, 0x57, 0x44, 0x27, 0xff, 0x57, 0x44, 0x27, 0xff,
    0x57, 0x44, 0x27, 0xff, 0x57, 0x44, 0x27, 0xff, 0x57, 0x44, 0x27, 0xff,
    0x57, 0x44, 0x27, 0xff, 0x57, 0x44, 0x27, 0xff, 0x57, 0x44, 0x27, 0xff,
    0x57, 0x44, 0x27, 0xff, 0x57, 0x44, 0x27, 0xff, 0x57, 0x44, 0x27, 0xff,
    0x57, 0x44, 0x27, 0xff, 0x57, 0x44, 0x27, 0xff, 0x57, 0x44, 0x27, 0xff,
    0x57, 0x44, 0x27, 0xff, 0x57, 0x44, 0x27, 0xff, 0x57, 0x44, 0x27, 0xff,
    0x57, 0x44, 0x27, 0xff, 0x57, 0x44, 0x27, 0xff, 0x57, 0x44, 0x27, 0xff,
    0x57, 0x44, 0x27, 0xff, 0x57, 0x44, 0x27, 0xff, 0x57, 0x44, 0x27, 0xff,
    0x57, 0x44, 0x27, 0xff, 0x57, 0x44, 0x27, 0xff, 0x57, 0x44, 0x27, 0xff,
    0x57, 0x44, 0x27, 0xff, 0x57, 0x44, 0x27, 0xff, 0x57, 0x44, 0x27, 0xff,
    0x57, 0x44, 0x27, 0xff, 0x57, 0x44, 0x27, 0xff, 0x57, 0x44, 0x27, 0xff,
    0x57, 0x44, 0x27, 0xff, 0x57, 0x44, 0x27, 0xff, 0x57, 0x44, 0x27, 0xff,
    0x57, 0x44, 0x27, 0xff, 0x57, 0x44, 0x27, 0xff, 0x57, 0x44, 0x27, 0xff,
    0x57, 0x44, 0x27, 0xff, 0x3f, 0x31, 0x1c, 0xff, 0x3f, 0x31, 0x1c, 0xff,
    0x41, 0x33, 0x1f, 0xff, 0x78, 0x69, 0x52, 0xff, 0x64, 0x53, 0x39, 0xff,
    0x59, 0x46, 0x29, 0xff, 0x57, 0x44, 0x27, 0xff, 0x57, 0x44, 0x27, 0xff,
    0x57, 0x44, 0x27, 0xff, 0x57, 0x44, 0x27, 0xff, 0x57, 0x44, 0x27, 0xff,
    0x57, 0x44, 0x27, 0xff, 0x57, 0x44, 0x27, 0xff, 0x57, 0x44, 0x27, 0xff,
    0x57, 0x44, 0x27, 0xff, 0x57, 0x44, 0x27, 0xff, 0x57, 0x44, 0x27, 0xff,
    0x57, 0x44, 0x27, 0xff, 0x57, 0x44, 0x27, 0xff, 0x57, 0x44, 0x27, 0xff,
    0x57, 0x44, 0x27, 0xff, 0x57, 0x44, 0x27, 0xff, 0x57, 0x44, 0x27, 0xff,
    0x57, 0x44, 0x27, 0xff, 0x57, 0x44, 0x27, 0xff, 0x57, 0x44, 0x27, 0xff,
    0x57, 0x44, 0x27, 0xff, 0x57, 0x44, 0x27, 0xff, 0x57, 0x44, 0x27, 0xff,
    0x57, 0x44, 0x27, 0xff, 0x57, 0x44, 0x27, 0xff, 0x57, 0x44, 0x27, 0xff,
    0x57, 0x44, 0x27, 0xff, 0x57, 0x44, 0x27, 0xff, 0x57, 0x44, 0x27, 0xff,
    0x57, 0x44, 0x27, 0xff, 0x57, 0x44, 0x27, 0xff, 0x57, 0x44, 0x27, 0xff,
    0x57, 0x44, 0x27, 0xff, 0x57, 0x44, 0x27, 0xff, 0x57, 0x44, 0x27, 0xff,
    0x57, 0x44, 0x27, 0xff, 0x57, 0x44, 0x27, 0xff, 0x57, 0x44, 0x27, 0xff,
    0x57, 0x44, 0x27, 0xff, 0x57, 0x44, 0x27, 0xff, 0x57, 0x44, 0x27, 0xff,
    0x57, 0x44, 0x27, 0xff, 0x57, 0x44, 0x27, 0xff, 0x57, 0x44, 0x27, 0xff,
    0x3f, 0x31, 0x1c, 0xff, 0x3f, 0x31, 0x1c, 0xff, 0x41, 0x33, 0x1f, 0xff,
    0x78, 0x69, 0x52, 0xff, 0x65, 0x53, 0x39, 0xff, 0x59, 0x46, 0x29, 0xff,
    0x57, 0x44, 0x27, 0xff, 0x57, 0x44, 0x27, 0xff, 0x57, 0x44, 0x27, 0xff,
    0x57, 0x44, 0x27, 0xff, 0x57, 0x44, 0x27, 0xff, 0x57, 0x44, 0x27, 0xff,
    0x57, 0x44, 0x27, 0xff, 0x57, 0x44, 0x27, 0xff, 0x57, 0x44, 0x27, 0xff,
    0x57, 0x44, 0x27, 0xff, 0x57, 0x44, 0x27, 0xff, 0x57, 0x44, 0x27, 0xff,
    0x57, 0x44, 0x27, 0xff, 0x57, 0x44, 0x27, 0xff, 0x57, 0x44, 0x27, 0xff,
    0x57, 0x44, 0x27, 0xff, 0x57, 0x44, 0x27, 0xff, 0x57, 0x44, 0x27, 0xff,
    0x57, 0x44, 0x27, 0xff, 0x57, 0x44, 0x27, 0xff, 0x57, 0x44, 0x27, 0xff,
    0x57, 0x44, 0x27, 0xff, 0x57, 0x44, 0x27, 0xff, 0x57, 0x44, 0x27, 0xff,
    0x57, 0x44, 0x27, 0xff, 0x57, 0x44, 0x27, 0xff, 0x57, 0x44, 0x27, 0xff,
    0x57, 0x44, 0x27, 0xff, 0x57, 0x44, 0x27, 0xff, 0x57, 0x44, 0x27, 0xff,
    0x57, 0x44, 0x27, 0xff, 0x57, 0x44, 0x27, 0xff, 0x57, 0x44, 0x27, 0xff,
    0x57, 0x44, 0x27, 0xff, 0x57, 0x44, 0x27, 0xff, 0x57, 0x44, 0x27, 0xff,
    0x57, 0x44, 0x27, 0xff, 0x57, 0x44, 0x27, 0xff, 0x57, 0x44, 0x27, 0xff,
    0x57, 0x44, 0x27, 0xff, 0x57, 0x44, 0x27, 0xff, 0x57, 0x44, 0x27, 0xff,
    0x57, 0x44, 0x27, 0xff, 0x57, 0x44, 0x27, 0xff, 0x3f, 0x31, 0x1c, 0xff,
    0x3f, 0x31, 0x1c, 0xff, 0x41, 0x33, 0x1f, 0xff, 0x78, 0x69, 0x52, 0xff,
    0x65, 0x53, 0x39, 0xff, 0x59, 0x46, 0x29, 0xff, 0x57, 0x44, 0x27, 0xff,
    0x57, 0x44, 0x27, 0xff, 0x57, 0x44, 0x27, 0xff, 0x57, 0x44, 0x27, 0xff,
    0x57, 0x44, 0x27, 0xff, 0x57, 0x44, 0x27, 0xff, 0x57, 0x44, 0x27, 0xff,
    0x57, 0x44, 0x27, 0xff, 0x57, 0x44, 0x27, 0xff, 0x57, 0x44, 0x27, 0xff,
    0x57, 0x44, 0x27, 0xff, 0x57, 0x44, 0x27, 0xff, 0x57, 0x44, 0x27, 0xff,
    0x57, 0x44, 0x27, 0xff, 0x57, 0x44, 0x27, 0xff, 0x57, 0x44, 0x27, 0xff,
    0x57, 0x44, 0x27, 0xff, 0x57, 0x44, 0x27, 0xff, 0x57, 0x44, 0x27, 0xff,
    0x57, 0x44, 0x27, 0xff, 0x57, 0x44, 0x27, 0xff, 0x57, 0x44, 0x27, 0xff,
    0x57, 0x44, 0x27, 0xff, 0x57, 0x44, 0x27, 0xff, 0x57, 0x44, 0x27, 0xff,
    0x57, 0x44, 0x27, 0xff, 0x57, 0x44, 0x27, 0xff, 0x57, 0x44, 0x27, 0xff,
    0x57, 0x44, 0x27, 0xff, 0x57, 0x44, 0x27, 0xff, 0x57, 0x44, 0x27, 0xff,
    0x57, 0x44, 0x27, 0xff, 0x57, 0x44, 0x27, 0xff, 0x57, 0x44, 0x27, 0xff,
    0x57, 0x44, 0x27, 0xff, 0x57, 0x44, 0x27, 0xff, 0x57, 0x44, 0x27, 0xff,
    0x57, 0x44, 0x27, 0xff, 0x57, 0x44, 0x27, 0xff, 0x57, 0x44, 0x27, 0xff,
    0x57, 0x44, 0x27, 0xff, 0x57, 0x44, 0x27, 0xff, 0x57, 0x44, 0x27, 0xff,
    0x57, 0x44, 0x27, 0xff, 0x3f, 0x31, 0x1c, 0xff, 0x3f, 0x31, 0x1c, 0xff,
    0x41, 0x33, 0x1f, 0xff, 0x78, 0x69, 0x52, 0xff, 0x65, 0x53, 0x39, 0xff,
    0x59, 0x46, 0x29, 0xff, 0x57, 0x44, 0x27, 0xff, 0x57, 0x44, 0x27, 0xff,
    0x57, 0x44, 0x27, 0xff, 0x57, 0x44, 0x27, 0xff, 0x57, 0x44, 0x27, 0xff,
    0x57, 0x44, 0x27, 0xff, 0x57, 0x44, 0x27, 0xff, 0x57, 0x44, 0x27, 0xff,
    0x57, 0x44, 0x27, 0xff, 0x57, 0x44, 0x27, 0xff, 0x57, 0x44, 0x27, 0xff,
    0x57, 0x44, 0x27, 0xff, 0x57, 0x44, 0x27, 0xff, 0x57, 0x44, 0x27, 0xff,
    0x57, 0x44, 0x27, 0xff, 0x57, 0x44, 0x27, 0xff, 0x57, 0x44, 0x27, 0xff,
    0x57, 0x44, 0x27, 0xff, 0x57, 0x44, 0x27, 0xff, 0x57, 0x44, 0x27, 0xff,
    0x57, 0x44, 0x27, 0xff, 0x57, 0x44, 0x27, 0xff, 0x57, 0x44, 0x27, 0xff,
    0x57, 0x44, 0x27, 0xff, 0x57, 0x44, 0x27, 0xff, 0x57, 0x44, 0x27, 0xff,
    0x57, 0x44, 0x27, 0xff, 0x57, 0x44, 0x27, 0xff, 0x57, 0x44, 0x27, 0xff,
    0x57, 0x44, 0x27, 0xff, 0x57, 0x44, 0x27, 0xff, 0x57, 0x44, 0x27, 0xff,
    0x57, 0x44, 0x27, 0xff, 0x57, 0x44, 0x27, 0xff, 0x57, 0x44, 0x27, 0xff,
    0x57, 0x44, 0x27, 0xff, 0x57, 0x44, 0x27, 0xff, 0x57, 0x44, 0x27, 0xff,
    0x57, 0x44, 0x27, 0xff, 0x57, 0x44, 0x27, 0xff, 0x57, 0x44, 0x27, 0xff,
    0x57, 0x44, 0x27, 0xff, 0x57, 0x44, 0x27, 0xff, 0x57, 0x44, 0x27, 0xff,
    0x3f, 0x31, 0x1c, 0xff, 0x3f, 0x31, 0x1c, 0xff, 0x41, 0x33, 0x1f, 0xff,
    0x78, 0x69, 0x52, 0xff, 0x64, 0x53, 0x39, 0xff, 0x59, 0x46, 0x29, 0xff,
    0x57, 0x44, 0x27, 0xff, 0x57, 0x44, 0x27, 0xff, 0x57, 0x44, 0x27, 0xff,
    0x57, 0x44, 0x27, 0xff, 0x57, 0x44, 0x27, 0xff, 0x57, 0x44, 0x27, 0xff,
    0x57, 0x44, 0x27, 0xff, 0x57, 0x44, 0x27, 0xff, 0x57, 0x44, 0x27, 0xff,
    0x57, 0x44, 0x27, 0xff, 0x57, 0x44, 0x27, 0xff, 0x57, 0x44, 0x27, 0xff,
    0x57, 0x44, 0x27, 0xff, 0x57, 0x44, 0x27, 0xff, 0x57, 0x44, 0x27, 0xff,
    0x57, 0x44, 0x27, 0xff, 0x57, 0x44, 0x27, 0xff, 0x57, 0x44, 0x27, 0xff,
    0x57, 0x44, 0x27, 0xff, 0x57, 0x44, 0x27, 0xff, 0x57, 0x44, 0x27, 0xff,
    0x57, 0x44, 0x27, 0xff, 0x57, 0x44, 0x27, 0xff, 0x57, 0x44, 0x27, 0xff,
    0x57, 0x44, 0x27, 0xff, 0x57, 0x44, 0x27, 0xff, 0x57, 0x44, 0x27, 0xff,
    0x57, 0x44, 0x27, 0xff, 0x57, 0x44, 0x27, 0xff, 0x57, 0x44, 0x27, 0xff,
    0x57, 0x44, 0x27, 0xff, 0x57, 0x44, 0x27, 0xff, 0x57, 0x44, 0x27, 0xff,
    0x57, 0x44, 0x27, 0xff, 0x57, 0x44, 0x27, 0xff, 0x57, 0x44, 0x27, 0xff,
    0x57, 0x44, 0x27, 0xff, 0x57, 0x44, 0x27, 0xff, 0x57, 0x44, 0x27, 0xff,
    0x57, 0x44, 0x27, 0xff, 0x57, 0x44, 0x27, 0xff, 0x57, 0x44, 0x27, 0xff,
    0x57, 0x44, 0x27, 0xff, 0x57, 0x44, 0x27, 0xff, 0x3f, 0x31, 0x1c, 0xff,
    0x3f, 0x31, 0x1c, 0xff, 0x41, 0x33, 0x1f, 0xff, 0x78, 0x69, 0x52, 0xff,
    0x65, 0x53, 0x39, 0xff, 0x59, 0x46, 0x29, 0xff, 0x57, 0x44, 0x27, 0xff,
    0x57, 0x44, 0x27, 0xff, 0x57, 0x44, 0x27, 0xff, 0x57, 0x44, 0x27, 0xff,
    0x57, 0x44, 0x27, 0xff, 0x57, 0x44, 0x27, 0xff, 0x57, 0x44, 0x27, 0xff,
    0x57, 0x44, 0x27, 0xff, 0x57, 0x44, 0x27, 0xff, 0x57, 0x44, 0x27, 0xff,
    0x57, 0x44, 0x27, 0xff, 0x57, 0x44, 0x27, 0xff, 0x57, 0x44, 0x27, 0xff,
    0x57, 0x44, 0x27, 0xff, 0x57, 0x44, 0x27, 0xff, 0x57, 0x44, 0x27, 0xff,
    0x57, 0x44, 0x27, 0xff, 0x57, 0x44, 0x27, 0xff, 0x57, 0x44, 0x27, 0xff,
    0x57, 0x44, 0x27, 0xff, 0x57, 0x44, 0x27, 0xff, 0x57, 0x44, 0x27, 0xff,
    0x57, 0x44, 0x27, 0xff, 0x57, 0x44, 0x27, 0xff, 0x57, 0x44, 0x27, 0xff,
    0x57, 0x44, 0x27, 0xff, 0x57, 0x44, 0x27, 0xff, 0x57, 0x44, 0x27, 0xff,
    0x57, 0x44, 0x27, 0xff, 0x57, 0x44, 0x27, 0xff, 0x57, 0x44, 0x27, 0xff,
    0x57, 0x44, 0x27, 0xff, 0x57, 0x44, 0x27, 0xff, 0x57, 0x44, 0x27, 0xff,
    0x57, 0x44, 0x27, 0xff, 0x57, 0x44, 0x27, 0xff, 0x57, 0x44, 0x27, 0xff,
    0x57, 0x44, 0x27, 0xff, 0x57, 0x44, 0x27, 0xff, 0x57, 0x44, 0x27, 0xff,
    0x57, 0x44, 0x27, 0xff, 0x57, 0x44, 0x27, 0xff, 0x57, 0x44, 0x27, 0xff,
    0x57, 0x44, 0x27, 0xff, 0x3f, 0x31, 0x1c, 0xff, 0x3f, 0x31, 0x1c, 0xff,
    0x41, 0x33, 0x1f, 0xff, 0x78, 0x69, 0x52, 0xff, 0x64, 0x53, 0x39, 0xff,
    0x59, 0x46, 0x29, 0xff, 0x57, 0x44, 0x27, 0xff, 0x57, 0x44, 0x27, 0xff,
    0x57, 0x44, 0x27, 0xff, 0x57, 0x44, 0x27, 0xff, 0x57, 0x44, 0x27, 0xff,
    0x57, 0x44, 0x27, 0xff, 0x57, 0x44, 0x27, 0xff, 0x57, 0x44, 0x27, 0xff,
    0x57, 0x44, 0x27, 0xff, 0x57, 0x44, 0x27, 0xff, 0x57, 0x44, 0x27, 0xff,
    0x57, 0x44, 0x27, 0xff, 0x57, 0x44, 0x27, 0xff, 0x57, 0x44, 0x27, 0xff,
    0x57, 0x44, 0x27, 0xff, 0x57, 0x44, 0x27, 0xff, 0x57, 0x44, 0x27, 0xff,
    0x57, 0x44, 0x27, 0xff, 0x57, 0x44, 0x27, 0xff, 0x57, 0x44, 0x27, 0xff,
    0x57, 0x44, 0x27, 0xff, 0x57, 0x44, 0x27, 0xff, 0x57, 0x44, 0x27, 0xff,
    0x57, 0x44, 0x27, 0xff, 0x57, 0x44, 0x27, 0xff, 0x57, 0x44, 0x27, 0xff,
    0x57, 0x44, 0x27, 0xff, 0x57, 0x44, 0x27, 0xff, 0x57, 0x44, 0x27, 0xff,
    0x57, 0x44, 0x27, 0xff, 0x57, 0x44, 0x27, 0xff, 0x57, 0x44, 0x27, 0xff,
    0x57, 0x44, 0x27, 0xff, 0x57, 0x44, 0x27, 0xff, 0x57, 0x44, 0x27, 0xff,
    0x57, 0x44, 0x27, 0xff, 0x57, 0x44, 0x27, 0xff, 0x57, 0x44, 0x27, 0xff,
    0x57, 0x44, 0x27, 0xff, 0x57, 0x44, 0x27, 0xff, 0x57, 0x44, 0x27, 0xff,
    0x57, 0x44, 0x27, 0xff, 0x57, 0x44, 0x27, 0xff, 0x57, 0x44, 0x27, 0xff,
    0x3f, 0x31, 0x1c, 0xff, 0x3f, 0x31, 0x1c, 0xff, 0x41, 0x33, 0x1f, 0xff,
    0x78, 0x69, 0x52, 0xff, 0x64, 0x53, 0x39, 0xff, 0x59, 0x46, 0x29, 0xff,
    0x57, 0x44, 0x27, 0xff, 0x57, 0x44, 0x27, 0xff, 0x57, 0x44, 0x27, 0xff,
    0x57, 0x44, 0x27, 0xff, 0x57, 0x44, 0x27, 0xff, 0x57, 0x44, 0x27, 0xff,
    0x57, 0x44, 0x27, 0xff, 0x57, 0x44, 0x27, 0xff, 0x57, 0x44, 0x27, 0xff,
    0x57, 0x44, 0x27, 0xff, 0x57, 0x44, 0x27, 0xff, 0x57, 0x44, 0x27, 0xff,
    0x57, 0x44, 0x27, 0xff, 0x57, 0x44, 0x27, 0xff, 0x57, 0x44, 0x27, 0xff,
    0x57, 0x44, 0x27, 0xff, 0x57, 0x44, 0x27, 0xff, 0x57, 0x44, 0x27, 0xff,
    0x57, 0x44, 0x27, 0xff, 0x57, 0x44, 0x27, 0xff, 0x57, 0x44, 0x27, 0xff,
    0x57, 0x44, 0x27, 0xff, 0x57, 0x44, 0x27, 0xff, 0x57, 0x44, 0x27, 0xff,
    0x57, 0x44, 0x27, 0xff, 0x57, 0x44, 0x27, 0xff, 0x57, 0x44, 0x27, 0xff,
    0x57, 0x44, 0x27, 0xff, 0x57, 0x44, 0x27, 0xff, 0x57, 0x44, 0x27, 0xff,
    0x57, 0x44, 0x27, 0xff, 0x57, 0x44, 0x27, 0xff, 0x57, 0x44, 0x27, 0xff,
    0x57, 0x44, 0x27, 0xff, 0x57, 0x44, 0x27, 0xff, 0x57, 0x44, 0x27, 0xff,
    0x57, 0x44, 0x27, 0xff, 0x57, 0x44, 0x27, 0xff, 0x57, 0x44, 0x27, 0xff,
    0x57, 0x44, 0x27, 0xff, 0x57, 0x44, 0x27, 0xff, 0x57, 0x44, 0x27, 0xff,
    0x57, 0x44, 0x27, 0xff, 0x57, 0x44, 0x27, 0xff, 0x3f, 0x31, 0x1c, 0xff,
    0x3f, 0x31, 0x1c, 0xff, 0x41, 0x33, 0x1f, 0xff, 0x78, 0x69, 0x52, 0xff,
    0x65, 0x53, 0x39, 0xff, 0x59, 0x46, 0x29, 0xff, 0x57, 0x44, 0x27, 0xff,
    0x57, 0x44, 0x27, 0xff, 0x57, 0x44, 0x27, 0xff, 0x57, 0x44, 0x27, 0xff,
    0x57, 0x44, 0x27, 0xff, 0x57, 0x44, 0x27, 0xff, 0x57, 0x44, 0x27, 0xff,
    0x57, 0x44, 0x27, 0xff, 0x57, 0x44, 0x27, 0xff, 0x57, 0x44, 0x27, 0xff,
    0x57, 0x44, 0x27, 0xff, 0x57, 0x44, 0x27, 0xff, 0x57, 0x44, 0x27, 0xff,
    0x57, 0x44, 0x27, 0xff, 0x57, 0x44, 0x27, 0xff, 0x57, 0x44, 0x27, 0xff,
    0x57, 0x44, 0x27, 0xff, 0x57, 0x44, 0x27, 0xff, 0x57, 0x44, 0x27, 0xff,
    0x57, 0x44, 0x27, 0xff, 0x57, 0x44, 0x27, 0xff, 0x57, 0x44, 0x27, 0xff,
    0x57, 0x44, 0x27, 0xff, 0x57, 0x44, 0x27, 0xff, 0x57, 0x44, 0x27, 0xff,
    0x57, 0x44, 0x27, 0xff, 0x57, 0x44, 0x27, 0xff, 0x57, 0x44, 0x27, 0xff,
    0x57, 0x44, 0x27, 0xff, 0x57, 0x44, 0x27, 0xff, 0x57, 0x44, 0x27, 0xff,
    0x57, 0x44, 0x27, 0xff, 0x57, 0x44, 0x27, 0xff, 0x57, 0x44, 0x27, 0xff,
    0x57, 0x44, 0x27, 0xff, 0x57, 0x44, 0x27, 0xff, 0x57, 0x44, 0x27, 0xff,
    0x57, 0x44, 0x27, 0xff, 0x57, 0x44, 0x27, 0xff, 0x57, 0x44, 0x27, 0xff,
    0x57, 0x44, 0x27, 0xff, 0x57, 0x44, 0x27, 0xff, 0x57, 0x44, 0x27, 0xff,
    0x57, 0x44, 0x27, 0xff, 0x3f, 0x31, 0x1c, 0xff, 0x3f, 0x31, 0x1c, 0xff,
    0x41, 0x33, 0x1f, 0xff, 0x78, 0x69, 0x52, 0xff, 0x65, 0x53, 0x39, 0xff,
    0x59, 0x46, 0x29, 0xff, 0x57, 0x44, 0x27, 0xff, 0x57, 0x44, 0x27, 0xff,
    0x57, 0x44, 0x27, 0xff, 0x57, 0x44, 0x27, 0xff, 0x57, 0x44, 0x27, 0xff,
    0x57, 0x44, 0x27, 0xff, 0x57, 0x44, 0x27, 0xff, 0x57, 0x44, 0x27, 0xff,
    0x57, 0x44, 0x27, 0xff, 0x57, 0x44, 0x27, 0xff, 0x57, 0x44, 0x27, 0xff,
    0x57, 0x44, 0x27, 0xff, 0x57, 0x44, 0x27, 0xff, 0x57, 0x44, 0x27, 0xff,
    0x57, 0x44, 0x27, 0xff, 0x57, 0x44, 0x27, 0xff, 0x57, 0x44, 0x27, 0xff,
    0x57, 0x44, 0x27, 0xff, 0x57, 0x44, 0x27, 0xff, 0x57, 0x44, 0x27, 0xff,
    0x57, 0x44, 0x27, 0xff, 0x57, 0x44, 0x27, 0xff, 0x57, 0x44, 0x27, 0xff,
    0x57, 0x44, 0x27, 0xff, 0x57, 0x44, 0x27, 0xff, 0x57, 0x44, 0x27, 0xff,
    0x57, 0x44, 0x27, 0xff, 0x57, 0x44, 0x27, 0xff, 0x57, 0x44, 0x27, 0xff,
    0x57, 0x44, 0x27, 0xff, 0x57, 0x44, 0x27, 0xff, 0x57, 0x44, 0x27, 0xff,
    0x57, 0x44, 0x27, 0xff, 0x57, 0x44, 0x27, 0xff, 0x57, 0x44, 0x27, 0xff,
    0x57, 0x44, 0x27, 0xff, 0x57, 0x44, 0x27, 0xff, 0x57, 0x44, 0x27, 0xff,
    0x57, 0x44, 0x27, 0xff, 0x57, 0x44, 0x27, 0xff, 0x57, 0x44, 0x27, 0xff,
    0x57, 0x44, 0x27, 0xff, 0x57, 0x44, 0x27, 0xff, 0x57, 0x44, 0x27, 0xff,
    0x3f, 0x31, 0x1c, 0xff, 0x3f, 0x31, 0x1c, 0xff, 0x41, 0x33, 0x1f, 0xff,
    0x78, 0x69, 0x52, 0xff, 0x64, 0x53, 0x39, 0xff, 0x59, 0x46, 0x29, 0xff,
    0x57, 0x44, 0x27, 0xff, 0x57, 0x44, 0x27, 0xff, 0x57, 0x44, 0x27, 0xff,
    0x57, 0x44, 0x27, 0xff, 0x57, 0x44, 0x27, 0xff, 0x57, 0x44, 0x27, 0xff,
    0x57, 0x44, 0x27, 0xff, 0x57, 0x44, 0x27, 0xff, 0x57, 0x44, 0x27, 0xff,
    0x57, 0x44, 0x27, 0xff, 0x57, 0x44, 0x27, 0xff, 0x57, 0x44, 0x27, 0xff,
    0x57, 0x44, 0x27, 0xff, 0x57, 0x44, 0x27, 0xff, 0x57, 0x44, 0x27, 0xff,
    0x57, 0x44, 0x27, 0xff, 0x57, 0x44, 0x27, 0xff, 0x57, 0x44, 0x27, 0xff,
    0x57, 0x44, 0x27, 0xff, 0x57, 0x44, 0x27, 0xff, 0x57, 0x44, 0x27, 0xff,
    0x57, 0x44, 0x27, 0xff, 0x57, 0x44, 0x27, 0xff, 0x57, 0x44, 0x27, 0xff,
    0x57, 0x44, 0x27, 0xff, 0x57, 0x44, 0x27, 0xff, 0x57, 0x44, 0x27, 0xff,
    0x57, 0x44, 0x27, 0xff, 0x57, 0x44, 0x27, 0xff, 0x57, 0x44, 0x27, 0xff,
    0x57, 0x44, 0x27, 0xff, 0x57, 0x44, 0x27, 0xff, 0x57, 0x44, 0x27, 0xff,
    0x57, 0x44, 0x27, 0xff, 0x57, 0x44, 0x27, 0xff, 0x57, 0x44, 0x27, 0xff,
    0x57, 0x44, 0x27, 0xff, 0x57, 0x44, 0x27, 0xff, 0x57, 0x44, 0x27, 0xff,
    0x57, 0x44, 0x27, 0xff, 0x57, 0x44, 0x27, 0xff, 0x57, 0x44, 0x27, 0xff,
    0x57, 0x44, 0x27, 0xff, 0x57, 0x44, 0x27, 0xff, 0x3f, 0x31, 0x1c, 0xff,
    0x3f, 0x31, 0x1c, 0xff, 0x41, 0x33, 0x1f, 0xff, 0x78, 0x69, 0x52, 0xff,
    0x64, 0x53, 0x38, 0xff, 0x59, 0x46, 0x29, 0xff, 0x57, 0x44, 0x27, 0xff,
    0x57, 0x44, 0x27, 0xff, 0x57, 0x44, 0x27, 0xff, 0x57, 0x44, 0x27, 0xff,
    0x57, 0x44, 0x27, 0xff, 0x57, 0x44, 0x27, 0xff, 0x57, 0x44, 0x27, 0xff,
    0x57, 0x44, 0x27, 0xff, 0x57, 0x44, 0x27, 0xff, 0x57, 0x44, 0x27, 0xff,
    0x57, 0x44, 0x27, 0xff, 0x57, 0x44, 0x27, 0xff, 0x57, 0x44, 0x27, 0xff,
    0x57, 0x44, 0x27, 0xff, 0x57, 0x44, 0x27, 0xff, 0x57, 0x44, 0x27, 0xff,
    0x57, 0x44, 0x27, 0xff, 0x57, 0x44, 0x27, 0xff, 0x57, 0x44, 0x27, 0xff,
    0x57, 0x44, 0x27, 0xff, 0x57, 0x44, 0x27, 0xff, 0x57, 0x44, 0x27, 0xff,
    0x57, 0x44, 0x27, 0xff, 0x57, 0x44, 0x27, 0xff, 0x57, 0x44, 0x27, 0xff,
    0x57, 0x44, 0x27, 0xff, 0x57, 0x44, 0x27, 0xff, 0x57, 0x44, 0x27, 0xff,
    0x57, 0x44, 0x27, 0xff, 0x57, 0x44, 0x27, 0xff, 0x57, 0x44, 0x27, 0xff,
    0x57, 0x44, 0x27, 0xff, 0x57, 0x44, 0x27, 0xff, 0x57, 0x44, 0x27, 0xff,
    0x57, 0x44, 0x27, 0xff, 0x57, 0x44, 0x27, 0xff, 0x57, 0x44, 0x27, 0xff,
    0x57, 0x44, 0x27, 0xff, 0x57, 0x44, 0x27, 0xff, 0x57, 0x44, 0x27, 0xff,
    0x57, 0x44, 0x27, 0xff, 0x57, 0x44, 0x27, 0xff, 0x57, 0x44, 0x27, 0xff,
    0x57, 0x44, 0x27, 0xff, 0x3f, 0x31, 0x1c, 0xff, 0x3f, 0x31, 0x1c, 0xff,
    0x41, 0x33, 0x1f, 0xff, 0x78, 0x69, 0x52, 0xff, 0x65, 0x53, 0x39, 0xff,
    0x59, 0x46, 0x29, 0xff, 0x57, 0x44, 0x27, 0xff, 0x57, 0x44, 0x27, 0xff,
    0x57, 0x44, 0x27, 0xff, 0x57, 0x44, 0x27, 0xff, 0x57, 0x44, 0x27, 0xff,
    0x57, 0x44, 0x27, 0xff, 0x57, 0x44, 0x27, 0xff, 0x57, 0x44, 0x27, 0xff,
    0x57, 0x44, 0x27, 0xff, 0x57, 0x44, 0x27, 0xff, 0x57, 0x44, 0x27, 0xff,
    0x57, 0x44, 0x27, 0xff, 0x57, 0x44, 0x27, 0xff, 0x57, 0x44, 0x27, 0xff,
    0x57, 0x44, 0x27, 0xff, 0x57, 0x44, 0x27, 0xff, 0x57, 0x44, 0x27, 0xff,
    0x57, 0x44, 0x27, 0xff, 0x57, 0x44, 0x27, 0xff, 0x57, 0x44, 0x27, 0xff,
    0x57, 0x44, 0x27, 0xff, 0x57, 0x44, 0x27, 0xff, 0x57, 0x44, 0x27, 0xff,
    0x57, 0x44, 0x27, 0xff, 0x57, 0x44, 0x27, 0xff, 0x57, 0x44, 0x27, 0xff,
    0x57, 0x44, 0x27, 0xff, 0x57, 0x44, 0x27, 0xff, 0x57, 0x44, 0x27, 0xff,
    0x57, 0x44, 0x27, 0xff, 0x57, 0x44, 0x27, 0xff, 0x57, 0x44, 0x27, 0xff,
    0x57, 0x44, 0x27, 0xff, 0x57, 0x44, 0x27, 0xff, 0x57, 0x44, 0x27, 0xff,
    0x57, 0x44, 0x27, 0xff, 0x57, 0x44, 0x27, 0xff, 0x57, 0x44, 0x27, 0xff,
    0x57, 0x44, 0x27, 0xff, 0x57, 0x44, 0x27, 0xff, 0x57, 0x44, 0x27, 0xff,
    0x57, 0x44, 0x27, 0xff, 0x57, 0x44, 0x27, 0xff, 0x57, 0x44, 0x27, 0xff,
    0x3f, 0x31, 0x1c, 0xff, 0x3f, 0x31, 0x1c, 0xff, 0x41, 0x33, 0x1f, 0xff,
    0x78, 0x69, 0x52, 0xff, 0x65, 0x53, 0x39, 0xff, 0x59, 0x46, 0x29, 0xff,
    0x57, 0x44, 0x27, 0xff, 0x57, 0x44, 0x27, 0xff, 0x57, 0x44, 0x27, 0xff,
    0x57, 0x44, 0x27, 0xff, 0x57, 0x44, 0x27, 0xff, 0x57, 0x44, 0x27, 0xff,
    0x57, 0x44, 0x27, 0xff, 0x57, 0x44, 0x27, 0xff, 0x57, 0x44, 0x27, 0xff,
    0x57, 0x44, 0x27, 0xff, 0x57, 0x44, 0x27, 0xff, 0x57, 0x44, 0x27, 0xff,
    0x57, 0x44, 0x27, 0xff, 0x57, 0x44, 0x27, 0xff, 0x57, 0x44, 0x27, 0xff,
    0x57, 0x44, 0x27, 0xff, 0x57, 0x44, 0x27, 0xff, 0x57, 0x44, 0x27, 0xff,
    0x57, 0x44, 0x27, 0xff, 0x57, 0x44, 0x27, 0xff, 0x57, 0x44, 0x27, 0xff,
    0x57, 0x44, 0x27, 0xff, 0x57, 0x44, 0x27, 0xff, 0x57, 0x44, 0x27, 0xff,
    0x57, 0x44, 0x27, 0xff, 0x57, 0x44, 0x27, 0xff, 0x57, 0x44, 0x27, 0xff,
    0x57, 0x44, 0x27, 0xff, 0x57, 0x44, 0x27, 0xff, 0x57, 0x44, 0x27, 0xff,
    0x57, 0x44, 0x27, 0xff, 0x57, 0x44, 0x27, 0xff, 0x57, 0x44, 0x27, 0xff,
    0x57, 0x44, 0x27, 0xff, 0x57, 0x44, 0x27, 0xff, 0x57, 0x44, 0x27, 0xff,
    0x57, 0x44, 0x27, 0xff, 0x57, 0x44, 0x27, 0xff, 0x57, 0x44, 0x27, 0xff,
    0x57, 0x44, 0x27, 0xff, 0x57, 0x44, 0x27, 0xff, 0x57, 0x44, 0x27, 0xff,
    0x57, 0x44, 0x27, 0xff, 0x57, 0x44, 0x27, 0xff, 0x3f, 0x31, 0x1c, 0xff,
    0x3f, 0x31, 0x1c, 0xff, 0x41, 0x33, 0x1f, 0xff, 0x78, 0x69, 0x52, 0xff,
    0x64, 0x53, 0x39, 0xff, 0x59, 0x46, 0x29, 0xff, 0x57, 0x44, 0x27, 0xff,
    0x57, 0x44, 0x27, 0xff, 0x57, 0x44, 0x27, 0xff, 0x57, 0x44, 0x27, 0xff,
    0x57, 0x44, 0x27, 0xff, 0x57, 0x44, 0x27, 0xff, 0x57, 0x44, 0x27, 0xff,
    0x57, 0x44, 0x27, 0xff, 0x57, 0x44, 0x27, 0xff, 0x57, 0x44, 0x27, 0xff,
    0x57, 0x44, 0x27, 0xff, 0x57, 0x44, 0x27, 0xff, 0x57, 0x44, 0x27, 0xff,
    0x57, 0x44, 0x27, 0xff, 0x57, 0x44, 0x27, 0xff, 0x57, 0x44, 0x27, 0xff,
    0x57, 0x44, 0x27, 0xff, 0x57, 0x44, 0x27, 0xff, 0x57, 0x44, 0x27, 0xff,
    0x57, 0x44, 0x27, 0xff, 0x57, 0x44, 0x27, 0xff, 0x57, 0x44, 0x27, 0xff,
    0x57, 0x44, 0x27, 0xff, 0x57, 0x44, 0x27, 0xff, 0x57, 0x44, 0x27, 0xff,
    0x57, 0x44, 0x27, 0xff, 0x57, 0x44, 0x27, 0xff, 0x57, 0x44, 0x27, 0xff,
    0x57, 0x44, 0x27, 0xff, 0x57, 0x44, 0x27, 0xff, 0x57, 0x44, 0x27, 0xff,
    0x57, 0x44, 0x27, 0xff, 0x57, 0x44, 0x27, 0xff, 0x57, 0x44, 0x27, 0xff,
    0x57, 0x44, 0x27, 0xff, 0x57, 0x44, 0x27, 0xff, 0x57, 0x44, 0x27, 0xff,
    0x57, 0x44, 0x27, 0xff, 0x57, 0x44, 0x27, 0xff, 0x57, 0x44, 0x27, 0xff,
    0x57, 0x44, 0x27, 0xff, 0x57, 0x44, 0x27, 0xff, 0x57, 0x44, 0x27, 0xff,
    0x57, 0x44, 0x27, 0xff, 0x3f, 0x31, 0x1c, 0xff, 0x3f, 0x31, 0x1c, 0xff,
    0x41, 0x33, 0x1f, 0xff, 0x78, 0x69, 0x52, 0xff, 0x65, 0x53, 0x39, 0xff,
    0x59, 0x46, 0x29, 0xff, 0x57, 0x44, 0x27, 0xff, 0x57, 0x44, 0x27, 0xff,
    0x57, 0x44, 0x27, 0xff, 0x57, 0x44, 0x27, 0xff, 0x57, 0x44, 0x27, 0xff,
    0x57, 0x44, 0x27, 0xff, 0x57, 0x44, 0x27, 0xff, 0x57, 0x44, 0x27, 0xff,
    0x57, 0x44, 0x27, 0xff, 0x57, 0x44, 0x27, 0xff, 0x57, 0x44, 0x27, 0xff,
    0x57, 0x44, 0x27, 0xff, 0x57, 0x44, 0x27, 0xff, 0x57, 0x44, 0x27, 0xff,
    0x57, 0x44, 0x27, 0xff, 0x57, 0x44, 0x27, 0xff, 0x57, 0x44, 0x27, 0xff,
    0x57, 0x44, 0x27, 0xff, 0x57, 0x44, 0x27, 0xff, 0x57, 0x44, 0x27, 0xff,
    0x57, 0x44, 0x27, 0xff, 0x57, 0x44, 0x27, 0xff, 0x57, 0x44, 0x27, 0xff,
    0x57, 0x44, 0x27, 0xff, 0x57, 0x44, 0x27, 0xff, 0x57, 0x44, 0x27, 0xff,
    0x57, 0x44, 0x27, 0xff, 0x57, 0x44, 0x27, 0xff, 0x57, 0x44, 0x27, 0xff,
    0x57, 0x44, 0x27, 0xff, 0x57, 0x44, 0x27, 0xff, 0x57, 0x44, 0x27, 0xff,
    0x57, 0x44, 0x27, 0xff, 0x57, 0x44, 0x27, 0xff, 0x57, 0x44, 0x27, 0xff,
    0x57, 0x44, 0x27, 0xff, 0x57, 0x44, 0x27, 0xff, 0x57, 0x44, 0x27, 0xff,
    0x57, 0x44, 0x27, 0xff, 0x57, 0x44, 0x27, 0xff, 0x57, 0x44, 0x27, 0xff,
    0x57, 0x44, 0x27, 0xff, 0x57, 0x44, 0x27, 0xff, 0x57, 0x44, 0x27, 0xff,
    0x3f, 0x31, 0x1c, 0xff, 0x3f, 0x31, 0x1c, 0xff, 0x41, 0x33, 0x1f, 0xff,
    0x78, 0x69, 0x52, 0xff, 0x64, 0x53, 0x39, 0xff, 0x59, 0x46, 0x29, 0xff,
    0x57, 0x44, 0x27, 0xff, 0x57, 0x44, 0x27, 0xff, 0x57, 0x44, 0x27, 0xff,
    0x57, 0x44, 0x27, 0xff, 0x57, 0x44, 0x27, 0xff, 0x57, 0x44, 0x27, 0xff,
    0x57, 0x44, 0x27, 0xff, 0x57, 0x44, 0x27, 0xff, 0x57, 0x44, 0x27, 0xff,
    0x57, 0x44, 0x27, 0xff, 0x57, 0x44, 0x27, 0xff, 0x57, 0x44, 0x27, 0xff,
    0x57, 0x44, 0x27, 0xff, 0x57, 0x44, 0x27, 0xff, 0x57, 0x44, 0x27, 0xff,
    0x57, 0x44, 0x27, 0xff, 0x57, 0x44, 0x27, 0xff, 0x57, 0x44, 0x27, 0xff,
    0x57, 0x44, 0x27, 0xff, 0x57, 0x44, 0x27, 0xff, 0x57, 0x44, 0x27, 0xff,
    0x57, 0x44, 0x27, 0xff, 0x57, 0x44, 0x27, 0xff, 0x57, 0x44, 0x27, 0xff,
    0x57, 0x44, 0x27, 0xff, 0x57, 0x44, 0x27, 0xff, 0x57, 0x44, 0x27, 0xff,
    0x57, 0x44, 0x27, 0xff, 0x57, 0x44, 0x27, 0xff, 0x57, 0x44, 0x27, 0xff,
    0x57, 0x44, 0x27, 0xff, 0x57, 0x44, 0x27, 0xff, 0x57, 0x44, 0x27, 0xff,
    0x57, 0x44, 0x27, 0xff, 0x57, 0x44, 0x27, 0xff, 0x57, 0x44, 0x27, 0xff,
    0x57, 0x44, 0x27, 0xff, 0x57, 0x44, 0x27, 0xff, 0x57, 0x44, 0x27, 0xff,
    0x57, 0x44, 0x27, 0xff, 0x57, 0x44, 0x27, 0xff, 0x57, 0x44, 0x27, 0xff,
    0x57, 0x44, 0x27, 0xff, 0x57, 0x44, 0x27, 0xff, 0x3f, 0x31, 0x1c, 0xff,
    0x3f, 0x31, 0x1c, 0xff, 0x41, 0x33, 0x1f, 0xff, 0x78, 0x69, 0x52, 0xff,
    0x65, 0x54, 0x39, 0xff, 0x59, 0x46, 0x29, 0xff, 0x57, 0x44, 0x27, 0xff,
    0x57, 0x44, 0x27, 0xff, 0x57, 0x44, 0x27, 0xff, 0x57, 0x44, 0x27, 0xff,
    0x57, 0x44, 0x27, 0xff, 0x57, 0x44, 0x27, 0xff, 0x57, 0x44, 0x27, 0xff,
    0x57, 0x44, 0x27, 0xff, 0x57, 0x44, 0x27, 0xff, 0x57, 0x44, 0x27, 0xff,
    0x57, 0x44, 0x27, 0xff, 0x57, 0x44, 0x27, 0xff, 0x57, 0x44, 0x27, 0xff,
    0x57, 0x44, 0x27, 0xff, 0x57, 0x44, 0x27, 0xff, 0x57, 0x44, 0x27, 0xff,
    0x57, 0x44, 0x27, 0xff, 0x57, 0x44, 0x27, 0xff, 0x57, 0x44, 0x27, 0xff,
    0x57, 0x44, 0x27, 0xff, 0x57, 0x44, 0x27, 0xff, 0x57, 0x44, 0x27, 0xff,
    0x57, 0x44, 0x27, 0xff, 0x57, 0x44, 0x27, 0xff, 0x57, 0x44, 0x27, 0xff,
    0x57, 0x44, 0x27, 0xff, 0x57, 0x44, 0x27, 0xff, 0x57, 0x44, 0x27, 0xff,
    0x57, 0x44, 0x27, 0xff, 0x57, 0x44, 0x27, 0xff, 0x57, 0x44, 0x27, 0xff,
    0x57, 0x44, 0x27, 0xff, 0x57, 0x44, 0x27, 0xff, 0x57, 0x44, 0x27, 0xff,
    0x57, 0x44, 0x27, 0xff, 0x57, 0x44, 0x27, 0xff, 0x57, 0x44, 0x27, 0xff,
    0x57, 0x44, 0x27, 0xff, 0x57, 0x44, 0x27, 0xff, 0x57, 0x44, 0x27, 0xff,
    0x57, 0x44, 0x27, 0xff, 0x57, 0x44, 0x27, 0xff, 0x57, 0x44, 0x27, 0xff,
    0x57, 0x44, 0x27, 0xff, 0x3f, 0x31, 0x1c, 0xff, 0x3f, 0x31, 0x1c, 0xff,
    0x41, 0x33, 0x1f, 0xff, 0x78, 0x69, 0x52, 0xff, 0x65, 0x53, 0x39, 0xff,
    0x59, 0x46, 0x29, 0xff, 0x57, 0x44, 0x27, 0xff, 0x57, 0x44, 0x27, 0xff,
    0x57, 0x44, 0x27, 0xff, 0x57, 0x44, 0x27, 0xff, 0x57, 0x44, 0x27, 0xff,
    0x57, 0x44, 0x27, 0xff, 0x57, 0x44, 0x27, 0xff, 0x57, 0x44, 0x27, 0xff,
    0x57, 0x44, 0x27, 0xff, 0x57, 0x44, 0x27, 0xff, 0x57, 0x44, 0x27, 0xff,
    0x57, 0x44, 0x27, 0xff, 0x57, 0x44, 0x27, 0xff, 0x57, 0x44, 0x27, 0xff,
    0x57, 0x44, 0x27, 0xff, 0x57, 0x44, 0x27, 0xff, 0x57, 0x44, 0x27, 0xff,
    0x57, 0x44, 0x27, 0xff, 0x57, 0x44, 0x27, 0xff, 0x57, 0x44, 0x27, 0xff,
    0x57, 0x44, 0x27, 0xff, 0x57, 0x44, 0x27, 0xff, 0x57, 0x44, 0x27, 0xff,
    0x57, 0x44, 0x27, 0xff, 0x57, 0x44, 0x27, 0xff, 0x57, 0x44, 0x27, 0xff,
    0x57, 0x44, 0x27, 0xff, 0x57, 0x44, 0x27, 0xff, 0x57, 0x44, 0x27, 0xff,
    0x57, 0x44, 0x27, 0xff, 0x57, 0x44, 0x27, 0xff, 0x57, 0x44, 0x27, 0xff,
    0x57, 0x44, 0x27, 0xff, 0x57, 0x44, 0x27, 0xff, 0x57, 0x44, 0x27, 0xff,
    0x57, 0x44, 0x27, 0xff, 0x57, 0x44, 0x27, 0xff, 0x57, 0x44, 0x27, 0xff,
    0x57, 0x44, 0x27, 0xff, 0x57, 0x44, 0x27, 0xff, 0x57, 0x44, 0x27, 0xff,
    0x57, 0x44, 0x27, 0xff, 0x57, 0x44, 0x27, 0xff, 0x57, 0x44, 0x27, 0xff,
    0x3f, 0x31, 0x1c, 0xff, 0x3f, 0x31, 0x1c, 0xff, 0x41, 0x33, 0x1f, 0xff,
    0x78, 0x69, 0x52, 0xff, 0x65, 0x53, 0x39, 0xff, 0x59, 0x46, 0x29, 0xff,
    0x57, 0x44, 0x27, 0xff, 0x57, 0x44, 0x27, 0xff, 0x57, 0x44, 0x27, 0xff,
    0x57, 0x44, 0x27, 0xff, 0x57, 0x44, 0x27, 0xff, 0x57, 0x44, 0x27, 0xff,
    0x57, 0x44, 0x27, 0xff, 0x57, 0x44, 0x27, 0xff, 0x57, 0x44, 0x27, 0xff,
    0x57, 0x44, 0x27, 0xff, 0x57, 0x44, 0x27, 0xff, 0x57, 0x44, 0x27, 0xff,
    0x57, 0x44, 0x27, 0xff, 0x57, 0x44, 0x27, 0xff, 0x57, 0x44, 0x27, 0xff,
    0x57, 0x44, 0x27, 0xff, 0x57, 0x44, 0x27, 0xff, 0x57, 0x44, 0x27, 0xff,
    0x57, 0x44, 0x27, 0xff, 0x57, 0x44, 0x27, 0xff, 0x57, 0x44, 0x27, 0xff,
    0x57, 0x44, 0x27, 0xff, 0x57, 0x44, 0x27, 0xff, 0x57, 0x44, 0x27, 0xff,
    0x57, 0x44, 0x27, 0xff, 0x57, 0x44, 0x27, 0xff, 0x57, 0x44, 0x27, 0xff,
    0x57, 0x44, 0x27, 0xff, 0x57, 0x44, 0x27, 0xff, 0x57, 0x44, 0x27, 0xff,
    0x57, 0x44, 0x27, 0xff, 0x57, 0x44, 0x27, 0xff, 0x57, 0x44, 0x27, 0xff,
    0x57, 0x44, 0x27, 0xff, 0x57, 0x44, 0x27, 0xff, 0x57, 0x44, 0x27, 0xff,
    0x57, 0x44, 0x27, 0xff, 0x57, 0x44, 0x27, 0xff, 0x57, 0x44, 0x27, 0xff,
    0x57, 0x44, 0x27, 0xff, 0x57, 0x44, 0x27, 0xff, 0x57, 0x44, 0x27, 0xff,
    0x57, 0x44, 0x27, 0xff, 0x57, 0x44, 0x27, 0xff, 0x3f, 0x31, 0x1c, 0xff,
    0x3f, 0x31, 0x1c, 0xff, 0x41, 0x33, 0x1f, 0xff, 0x78, 0x69, 0x52, 0xff,
    0x65, 0x53, 0x39, 0xff, 0x59, 0x46, 0x29, 0xff, 0x57, 0x44, 0x27, 0xff,
    0x57, 0x44, 0x27, 0xff, 0x57, 0x44, 0x27, 0xff, 0x57, 0x44, 0x27, 0xff,
    0x57, 0x44, 0x27, 0xff, 0x57, 0x44, 0x27, 0xff, 0x57, 0x44, 0x27, 0xff,
    0x57, 0x44, 0x27, 0xff, 0x57, 0x44, 0x27, 0xff, 0x57, 0x44, 0x27, 0xff,
    0x57, 0x44, 0x27, 0xff, 0x57, 0x44, 0x27, 0xff, 0x57, 0x44, 0x27, 0xff,
    0x57, 0x44, 0x27, 0xff, 0x57, 0x44, 0x27, 0xff, 0x57, 0x44, 0x27, 0xff,
    0x57, 0x44, 0x27, 0xff, 0x57, 0x44, 0x27, 0xff, 0x57, 0x44, 0x27, 0xff,
    0x57, 0x44, 0x27, 0xff, 0x57, 0x44, 0x27, 0xff, 0x57, 0x44, 0x27, 0xff,
    0x57, 0x44, 0x27, 0xff, 0x57, 0x44, 0x27, 0xff, 0x57, 0x44, 0x27, 0xff,
    0x57, 0x44, 0x27, 0xff, 0x57, 0x44, 0x27, 0xff, 0x57, 0x44, 0x27, 0xff,
    0x57, 0x44, 0x27, 0xff, 0x57, 0x44, 0x27, 0xff, 0x57, 0x44, 0x27, 0xff,
    0x57, 0x44, 0x27, 0xff, 0x57, 0x44, 0x27, 0xff, 0x57, 0x44, 0x27, 0xff,
    0x57, 0x44, 0x27, 0xff, 0x57, 0x44, 0x27, 0xff, 0x57, 0x44, 0x27, 0xff,
    0x57, 0x44, 0x27, 0xff, 0x57, 0x44, 0x27, 0xff, 0x57, 0x44, 0x27, 0xff,
    0x57, 0x44, 0x27, 0xff, 0x57, 0x44, 0x27, 0xff, 0x57, 0x44, 0x27, 0xff,
    0x57, 0x44, 0x27, 0xff, 0x3f, 0x31, 0x1c, 0xff, 0x3f, 0x31, 0x1c, 0xff,
    0x41, 0x33, 0x1f, 0xff, 0x78, 0x69, 0x52, 0xff, 0x64, 0x53, 0x39, 0xff,
    0x59, 0x46, 0x29, 0xff, 0x57, 0x44, 0x27, 0xff, 0x57, 0x44, 0x27, 0xff,
    0x57, 0x44, 0x27, 0xff, 0x57, 0x44, 0x27, 0xff, 0x57, 0x44, 0x27, 0xff,
    0x57, 0x44, 0x27, 0xff, 0x57, 0x44, 0x27, 0xff, 0x57, 0x44, 0x27, 0xff,
    0x57, 0x44, 0x27, 0xff, 0x57, 0x44, 0x27, 0xff, 0x57, 0x44, 0x27, 0xff,
    0x57, 0x44, 0x27, 0xff, 0x57, 0x44, 0x27, 0xff, 0x57, 0x44, 0x27, 0xff,
    0x57, 0x44, 0x27, 0xff, 0x57, 0x44, 0x27, 0xff, 0x57, 0x44, 0x27, 0xff,
    0x57, 0x44, 0x27, 0xff, 0x57, 0x44, 0x27, 0xff, 0x57, 0x44, 0x27, 0xff,
    0x57, 0x44, 0x27, 0xff, 0x57, 0x44, 0x27, 0xff, 0x57, 0x44, 0x27, 0xff,
    0x57, 0x44, 0x27, 0xff, 0x57, 0x44, 0x27, 0xff, 0x57, 0x44, 0x27, 0xff,
    0x57, 0x44, 0x27, 0xff, 0x57, 0x44, 0x27, 0xff, 0x57, 0x44, 0x27, 0xff,
    0x57, 0x44, 0x27, 0xff, 0x57, 0x44, 0x27, 0xff, 0x57, 0x44, 0x27, 0xff,
    0x57, 0x44, 0x27, 0xff, 0x57, 0x44, 0x27, 0xff, 0x57, 0x44, 0x27, 0xff,
    0x57, 0x44, 0x27, 0xff, 0x57, 0x44, 0x27, 0xff, 0x57, 0x44, 0x27, 0xff,
    0x57, 0x44, 0x27, 0xff, 0x57, 0x44, 0x27, 0xff, 0x57, 0x44, 0x27, 0xff,
    0x57, 0x44, 0x27, 0xff, 0x57, 0x44, 0x27, 0xff, 0x57, 0x44, 0x27, 0xff,
    0x3f, 0x31, 0x1c, 0xff, 0x3f, 0x31, 0x1c, 0xff, 0x41, 0x33, 0x1f, 0xff,
    0x78, 0x69, 0x52, 0xff, 0x65, 0x53, 0x39, 0xff, 0x59, 0x46, 0x29, 0xff,
    0x57, 0x44, 0x27, 0xff, 0x57, 0x44, 0x27, 0xff, 0x57, 0x44, 0x27, 0xff,
    0x57, 0x44, 0x27, 0xff, 0x57, 0x44, 0x27, 0xff, 0x57, 0x44, 0x27, 0xff,
    0x57, 0x44, 0x27, 0xff, 0x57, 0x44, 0x27, 0xff, 0x57, 0x44, 0x27, 0xff,
    0x57, 0x44, 0x27, 0xff, 0x57, 0x44, 0x27, 0xff, 0x57, 0x44, 0x27, 0xff,
    0x57, 0x44, 0x27, 0xff, 0x57, 0x44, 0x27, 0xff, 0x57, 0x44, 0x27, 0xff,
    0x57, 0x44, 0x27, 0xff, 0x57, 0x44, 0x27, 0xff, 0x57, 0x44, 0x27, 0xff,
    0x57, 0x44, 0x27, 0xff, 0x57, 0x44, 0x27, 0xff, 0x57, 0x44, 0x27, 0xff,
    0x57, 0x44, 0x27, 0xff, 0x57, 0x44, 0x27, 0xff, 0x57, 0x44, 0x27, 0xff,
    0x57, 0x44, 0x27, 0xff, 0x57, 0x44, 0x27, 0xff, 0x57, 0x44, 0x27, 0xff,
    0x57, 0x44, 0x27, 0xff, 0x57, 0x44, 0x27, 0xff, 0x57, 0x44, 0x27, 0xff,
    0x57, 0x44, 0x27, 0xff, 0x57, 0x44, 0x27, 0xff, 0x57, 0x44, 0x27, 0xff,
    0x57, 0x44, 0x27, 0xff, 0x57, 0x44, 0x27, 0xff, 0x57, 0x44, 0x27, 0xff,
    0x57, 0x44, 0x27, 0xff, 0x57, 0x44, 0x27, 0xff, 0x57, 0x44, 0x27, 0xff,
    0x57, 0x44, 0x27, 0xff, 0x57, 0x44, 0x27, 0xff, 0x57, 0x44, 0x27, 0xff,
    0x57, 0x44, 0x27, 0xff, 0x57, 0x44, 0x27, 0xff, 0x3f, 0x31, 0x1c, 0xff,
    0x3f, 0x31, 0x1c, 0xff, 0x41, 0x33, 0x1f, 0xff, 0x78, 0x69, 0x52, 0xff,
    0x64, 0x53, 0x39, 0xff, 0x59, 0x46, 0x29, 0xff, 0x57, 0x44, 0x27, 0xff,
    0x57, 0x44, 0x27, 0xff, 0x57, 0x44, 0x27, 0xff, 0x57, 0x44, 0x27, 0xff,
    0x57, 0x44, 0x27, 0xff, 0x57, 0x44, 0x27, 0xff, 0x57, 0x44, 0x27, 0xff,
    0x57, 0x44, 0x27, 0xff, 0x57, 0x44, 0x27, 0xff, 0x57, 0x44, 0x27, 0xff,
    0x57, 0x44, 0x27, 0xff, 0x57, 0x44, 0x27, 0xff, 0x57, 0x44, 0x27, 0xff,
    0x57, 0x44, 0x27, 0xff, 0x57, 0x44, 0x27, 0xff, 0x57, 0x44, 0x27, 0xff,
    0x57, 0x44, 0x27, 0xff, 0x57, 0x44, 0x27, 0xff, 0x57, 0x44, 0x27, 0xff,
    0x57, 0x44, 0x27, 0xff, 0x57, 0x44, 0x27, 0xff, 0x57, 0x44, 0x27, 0xff,
    0x57, 0x44, 0x27, 0xff, 0x57, 0x44, 0x27, 0xff, 0x57, 0x44, 0x27, 0xff,
    0x57, 0x44, 0x27, 0xff, 0x57, 0x44, 0x27, 0xff, 0x57, 0x44, 0x27, 0xff,
    0x57, 0x44, 0x27, 0xff, 0x57, 0x44, 0x27, 0xff, 0x57, 0x44, 0x27, 0xff,
    0x57, 0x44, 0x27, 0xff, 0x57, 0x44, 0x27, 0xff, 0x57, 0x44, 0x27, 0xff,
    0x57, 0x44, 0x27, 0xff, 0x57, 0x44, 0x27, 0xff, 0x57, 0x44, 0x27, 0xff,
    0x57, 0x44, 0x27, 0xff, 0x57, 0x44, 0x27, 0xff, 0x57, 0x44, 0x27, 0xff,
    0x57, 0x44, 0x27, 0xff, 0x57, 0x44, 0x27, 0xff, 0x57, 0x44, 0x27, 0xff,
    0x57, 0x44, 0x27, 0xff, 0x3f, 0x31, 0x1c, 0xff, 0x3f, 0x31, 0x1c, 0xff,
    0x41, 0x33, 0x1f, 0xff, 0x78, 0x69, 0x52, 0xff, 0x65, 0x53, 0x39, 0xff,
    0x59, 0x46, 0x29, 0xff, 0x57, 0x44, 0x27, 0xff, 0x57, 0x44, 0x27, 0xff,
    0x57, 0x44, 0x27, 0xff, 0x57, 0x44, 0x27, 0xff, 0x57, 0x44, 0x27, 0xff,
    0x57, 0x44, 0x27, 0xff, 0x57, 0x44, 0x27, 0xff, 0x57, 0x44, 0x27, 0xff,
    0x57, 0x44, 0x27, 0xff, 0x57, 0x44, 0x27, 0xff, 0x57, 0x44, 0x27, 0xff,
    0x57, 0x44, 0x27, 0xff, 0x57, 0x44, 0x27, 0xff, 0x57, 0x44, 0x27, 0xff,
    0x57, 0x44, 0x27, 0xff, 0x57, 0x44, 0x27, 0xff, 0x57, 0x44, 0x27, 0xff,
    0x57, 0x44, 0x27, 0xff, 0x57, 0x44, 0x27, 0xff, 0x57, 0x44, 0x27, 0xff,
    0x57, 0x44, 0x27, 0xff, 0x57, 0x44, 0x27, 0xff, 0x57, 0x44, 0x27, 0xff,
    0x57, 0x44, 0x27, 0xff, 0x57, 0x44, 0x27, 0xff, 0x57, 0x44, 0x27, 0xff,
    0x57, 0x44, 0x27, 0xff, 0x57, 0x44, 0x27, 0xff, 0x57, 0x44, 0x27, 0xff,
    0x57, 0x44, 0x27, 0xff, 0x57, 0x44, 0x27, 0xff, 0x57, 0x44, 0x27, 0xff,
    0x57, 0x44, 0x27, 0xff, 0x57, 0x44, 0x27, 0xff, 0x57, 0x44, 0x27, 0xff,
    0x57, 0x44, 0x27, 0xff, 0x57, 0x44, 0x27, 0xff, 0x57, 0x44, 0x27, 0xff,
    0x57, 0x44, 0x27, 0xff, 0x57, 0x44, 0x27, 0xff, 0x57, 0x44, 0x27, 0xff,
    0x57, 0x44, 0x27, 0xff, 0x57, 0x44, 0x27, 0xff, 0x57, 0x44, 0x27, 0xff,
    0x3f, 0x31, 0x1c, 0xff, 0x3f, 0x31, 0x1c, 0xff, 0x41, 0x33, 0x1f, 0xff,
    0x78, 0x69, 0x52, 0xff, 0x64, 0x53, 0x39, 0xff, 0x59, 0x46, 0x29, 0xff,
    0x57, 0x44, 0x27, 0xff, 0x57, 0x44, 0x27, 0xff, 0x57, 0x44, 0x27, 0xff,
    0x57, 0x44, 0x27, 0xff, 0x57, 0x44, 0x27, 0xff, 0x57, 0x44, 0x27, 0xff,
    0x57, 0x44, 0x27, 0xff, 0x57, 0x44, 0x27, 0xff, 0x57, 0x44, 0x27, 0xff,
    0x57, 0x44, 0x27, 0xff, 0x57, 0x44, 0x27, 0xff, 0x57, 0x44, 0x27, 0xff,
    0x57, 0x44, 0x27, 0xff, 0x57, 0x44, 0x27, 0xff, 0x57, 0x44, 0x27, 0xff,
    0x57, 0x44, 0x27, 0xff, 0x57, 0x44, 0x27, 0xff, 0x57, 0x44, 0x27, 0xff,
    0x57, 0x44, 0x27, 0xff, 0x57, 0x44, 0x27, 0xff, 0x57, 0x44, 0x27, 0xff,
    0x57, 0x44, 0x27, 0xff, 0x57, 0x44, 0x27, 0xff, 0x57, 0x44, 0x27, 0xff,
    0x57, 0x44, 0x27, 0xff, 0x57, 0x44, 0x27, 0xff, 0x57, 0x44, 0x27, 0xff,
    0x57, 0x44, 0x27, 0xff, 0x57, 0x44, 0x27, 0xff, 0x57, 0x44, 0x27, 0xff,
    0x57, 0x44, 0x27, 0xff, 0x57, 0x44, 0x27, 0xff, 0x57, 0x44, 0x27, 0xff,
    0x57, 0x44, 0x27, 0xff, 0x57, 0x44, 0x27, 0xff, 0x57, 0x44, 0x27, 0xff,
    0x57, 0x44, 0x27, 0xff, 0x57, 0x44, 0x27, 0xff, 0x57, 0x44, 0x27, 0xff,
    0x57, 0x44, 0x27, 0xff, 0x57, 0x44, 0x27, 0xff, 0x57, 0x44, 0x27, 0xff,
    0x57, 0x44, 0x27, 0xff, 0x57, 0x44, 0x27, 0xff, 0x3f, 0x31, 0x1c, 0xff,
    0x3f, 0x31, 0x1c, 0xff, 0x41, 0x33, 0x1f, 0xff, 0x78, 0x69, 0x52, 0xff,
    0x64, 0x53, 0x39, 0xff, 0x59, 0x46, 0x29, 0xff, 0x57, 0x44, 0x27, 0xff,
    0x57, 0x44, 0x27, 0xff, 0x57, 0x44, 0x27, 0xff, 0x57, 0x44, 0x27, 0xff,
    0x57, 0x44, 0x27, 0xff, 0x57, 0x44, 0x27, 0xff, 0x57, 0x44, 0x27, 0xff,
    0x57, 0x44, 0x27, 0xff, 0x57, 0x44, 0x27, 0xff, 0x57, 0x44, 0x27, 0xff,
    0x57, 0x44, 0x27, 0xff, 0x57, 0x44, 0x27, 0xff, 0x57, 0x44, 0x27, 0xff,
    0x57, 0x44, 0x27, 0xff, 0x57, 0x44, 0x27, 0xff, 0x57, 0x44, 0x27, 0xff,
    0x57, 0x44, 0x27, 0xff, 0x57, 0x44, 0x27, 0xff, 0x57, 0x44, 0x27, 0xff,
    0x57, 0x44, 0x27, 0xff, 0x57, 0x44, 0x27, 0xff, 0x57, 0x44, 0x27, 0xff,
    0x57, 0x44, 0x27, 0xff, 0x57, 0x44, 0x27, 0xff, 0x57, 0x44, 0x27, 0xff,
    0x57, 0x44, 0x27, 0xff, 0x57, 0x44, 0x27, 0xff, 0x57, 0x44, 0x27, 0xff,
    0x57, 0x44, 0x27, 0xff, 0x57, 0x44, 0x27, 0xff, 0x57, 0x44, 0x27, 0xff,
    0x57, 0x44, 0x27, 0xff, 0x57, 0x44, 0x27, 0xff, 0x57, 0x44, 0x27, 0xff,
    0x57, 0x44, 0x27, 0xff, 0x57, 0x44, 0x27, 0xff, 0x57, 0x44, 0x27, 0xff,
    0x57, 0x44, 0x27, 0xff, 0x57, 0x44, 0x27, 0xff, 0x57, 0x44, 0x27, 0xff,
    0x57, 0x44, 0x27, 0xff, 0x57, 0x44, 0x27, 0xff, 0x57, 0x44, 0x27, 0xff,
    0x57, 0x44, 0x27, 0xff, 0x3f, 0x31, 0x1c, 0xff, 0x3f, 0x31, 0x1c, 0xff,
    0x41, 0x33, 0x1f, 0xff, 0x78, 0x69, 0x52, 0xff, 0x64, 0x53, 0x39, 0xff,
    0x59, 0x46, 0x29, 0xff, 0x57, 0x44, 0x27, 0xff, 0x57, 0x44, 0x27, 0xff,
    0x57, 0x44, 0x27, 0xff, 0x57, 0x44, 0x27, 0xff, 0x57, 0x44, 0x27, 0xff,
    0x57, 0x44, 0x27, 0xff, 0x57, 0x44, 0x27, 0xff, 0x57, 0x44, 0x27, 0xff,
    0x57, 0x44, 0x27, 0xff, 0x57, 0x44, 0x27, 0xff, 0x57, 0x44, 0x27, 0xff,
    0x57, 0x44, 0x27, 0xff, 0x57, 0x44, 0x27, 0xff, 0x57, 0x44, 0x27, 0xff,
    0x57, 0x44, 0x27, 0xff, 0x57, 0x44, 0x27, 0xff, 0x57, 0x44, 0x27, 0xff,
    0x57, 0x44, 0x27, 0xff, 0x57, 0x44, 0x27, 0xff, 0x57, 0x44, 0x27, 0xff,
    0x57, 0x44, 0x27, 0xff, 0x57, 0x44, 0x27, 0xff, 0x57, 0x44, 0x27, 0xff,
    0x57, 0x44, 0x27, 0xff, 0x57, 0x44, 0x27, 0xff, 0x57, 0x44, 0x27, 0xff,
    0x57, 0x44, 0x27, 0xff, 0x57, 0x44, 0x27, 0xff, 0x57, 0x44, 0x27, 0xff,
    0x57, 0x44, 0x27, 0xff, 0x57, 0x44, 0x27, 0xff, 0x57, 0x44, 0x27, 0xff,
    0x57, 0x44, 0x27, 0xff, 0x57, 0x44, 0x27, 0xff, 0x57, 0x44, 0x27, 0xff,
    0x57, 0x44, 0x27, 0xff, 0x57, 0x44, 0x27, 0xff, 0x57, 0x44, 0x27, 0xff,
    0x57, 0x44, 0x27, 0xff, 0x57, 0x44, 0x27, 0xff, 0x57, 0x44, 0x27, 0xff,
    0x57, 0x44, 0x27, 0xff, 0x57, 0x44, 0x27, 0xff, 0x57, 0x44, 0x27, 0xff,
    0x3f, 0x31, 0x1c, 0xff, 0x3f, 0x31, 0x1c, 0xff, 0x41, 0x33, 0x1f, 0xff,
    0x78, 0x69, 0x52, 0xff, 0x64, 0x53, 0x39, 0xff, 0x59, 0x46, 0x29, 0xff,
    0x57, 0x44, 0x27, 0xff, 0x57, 0x44, 0x27, 0xff, 0x57, 0x44, 0x27, 0xff,
    0x57, 0x44, 0x27, 0xff, 0x57, 0x44, 0x27, 0xff, 0x57, 0x44, 0x27, 0xff,
    0x57, 0x44, 0x27, 0xff, 0x57, 0x44, 0x27, 0xff, 0x57, 0x44, 0x27, 0xff,
    0x57, 0x44, 0x27, 0xff, 0x57, 0x44, 0x27, 0xff, 0x57, 0x44, 0x27, 0xff,
    0x57, 0x44, 0x27, 0xff, 0x57, 0x44, 0x27, 0xff, 0x57, 0x44, 0x27, 0xff,
    0x57, 0x44, 0x27, 0xff, 0x57, 0x44, 0x27, 0xff, 0x57, 0x44, 0x27, 0xff,
    0x57, 0x44, 0x27, 0xff, 0x57, 0x44, 0x27, 0xff, 0x57, 0x44, 0x27, 0xff,
    0x57, 0x44, 0x27, 0xff, 0x57, 0x44, 0x27, 0xff, 0x57, 0x44, 0x27, 0xff,
    0x57, 0x44, 0x27, 0xff, 0x57, 0x44, 0x27, 0xff, 0x57, 0x44, 0x27, 0xff,
    0x57, 0x44, 0x27, 0xff, 0x57, 0x44, 0x27, 0xff, 0x57, 0x44, 0x27, 0xff,
    0x57, 0x44, 0x27, 0xff, 0x57, 0x44, 0x27, 0xff, 0x57, 0x44, 0x27, 0xff,
    0x57, 0x44, 0x27, 0xff, 0x57, 0x44, 0x27, 0xff, 0x57, 0x44, 0x27, 0xff,
    0x57, 0x44, 0x27, 0xff, 0x57, 0x44, 0x27, 0xff, 0x57, 0x44, 0x27, 0xff,
    0x57, 0x44, 0x27, 0xff, 0x57, 0x44, 0x27, 0xff, 0x57, 0x44, 0x27, 0xff,
    0x57, 0x44, 0x27, 0xff, 0x57, 0x44, 0x27, 0xff, 0x3f, 0x31, 0x1c, 0xff,
    0x3f, 0x31, 0x1c, 0xff, 0x41, 0x33, 0x1f, 0xff, 0x78, 0x69, 0x52, 0xff,
    0x64, 0x53, 0x39, 0xff, 0x59, 0x46, 0x29, 0xff, 0x57, 0x44, 0x27, 0xff,
    0x57, 0x44, 0x27, 0xff, 0x57, 0x44, 0x27, 0xff, 0x57, 0x44, 0x27, 0xff,
    0x57, 0x44, 0x27, 0xff, 0x57, 0x44, 0x27, 0xff, 0x57, 0x44, 0x27, 0xff,
    0x57, 0x44, 0x27, 0xff, 0x57, 0x44, 0x27, 0xff, 0x57, 0x44, 0x27, 0xff,
    0x57, 0x44, 0x27, 0xff, 0x57, 0x44, 0x27, 0xff, 0x57, 0x44, 0x27, 0xff,
    0x57, 0x44, 0x27, 0xff, 0x57, 0x44, 0x27, 0xff, 0x57, 0x44, 0x27, 0xff,
    0x57, 0x44, 0x27, 0xff, 0x57, 0x44, 0x27, 0xff, 0x57, 0x44, 0x27, 0xff,
    0x57, 0x44, 0x27, 0xff, 0x57, 0x44, 0x27, 0xff, 0x57, 0x44, 0x27, 0xff,
    0x57, 0x44, 0x27, 0xff, 0x57, 0x44, 0x27, 0xff, 0x57, 0x44, 0x27, 0xff,
    0x57, 0x44, 0x27, 0xff, 0x57, 0x44, 0x27, 0xff, 0x57, 0x44, 0x27, 0xff,
    0x57, 0x44, 0x27, 0xff, 0x57, 0x44, 0x27, 0xff, 0x57, 0x44, 0x27, 0xff,
    0x57, 0x44, 0x27, 0xff, 0x57, 0x44, 0x27, 0xff, 0x57, 0x44, 0x27, 0xff,
    0x57, 0x44, 0x27, 0xff, 0x57, 0x44, 0x27, 0xff, 0x57, 0x44, 0x27, 0xff,
    0x57, 0x44, 0x27, 0xff, 0x57, 0x44, 0x27, 0xff, 0x57, 0x44, 0x27, 0xff,
    0x57, 0x44, 0x27, 0xff, 0x57, 0x44, 0x27, 0xff, 0x57, 0x44, 0x27, 0xff,
    0x57, 0x44, 0x27, 0xff, 0x3f, 0x31, 0x1c, 0xff, 0x3f, 0x31, 0x1c, 0xff,
    0x41, 0x33, 0x1f, 0xff, 0x78, 0x69, 0x52, 0xff, 0x65, 0x53, 0x39, 0xff,
    0x59, 0x46, 0x29, 0xff, 0x57, 0x44, 0x27, 0xff, 0x57, 0x44, 0x27, 0xff,
    0x57, 0x44, 0x27, 0xff, 0x57, 0x44, 0x27, 0xff, 0x57, 0x44, 0x27, 0xff,
    0x57, 0x44, 0x27, 0xff, 0x57, 0x44, 0x27, 0xff, 0x57, 0x44, 0x27, 0xff,
    0x57, 0x44, 0x27, 0xff, 0x57, 0x44, 0x27, 0xff, 0x57, 0x44, 0x27, 0xff,
    0x57, 0x44, 0x27, 0xff, 0x57, 0x44, 0x27, 0xff, 0x57, 0x44, 0x27, 0xff,
    0x57, 0x44, 0x27, 0xff, 0x57, 0x44, 0x27, 0xff, 0x57, 0x44, 0x27, 0xff,
    0x57, 0x44, 0x27, 0xff, 0x57, 0x44, 0x27, 0xff, 0x57, 0x44, 0x27, 0xff,
    0x57, 0x44, 0x27, 0xff, 0x57, 0x44, 0x27, 0xff, 0x57, 0x44, 0x27, 0xff,
    0x57, 0x44, 0x27, 0xff, 0x57, 0x44, 0x27, 0xff, 0x57, 0x44, 0x27, 0xff,
    0x57, 0x44, 0x27, 0xff, 0x57, 0x44, 0x27, 0xff, 0x57, 0x44, 0x27, 0xff,
    0x57, 0x44, 0x27, 0xff, 0x57, 0x44, 0x27, 0xff, 0x57, 0x44, 0x27, 0xff,
    0x57, 0x44, 0x27, 0xff, 0x57, 0x44, 0x27, 0xff, 0x57, 0x44, 0x27, 0xff,
    0x57, 0x44, 0x27, 0xff, 0x57, 0x44, 0x27, 0xff, 0x57, 0x44, 0x27, 0xff,
    0x57, 0x44, 0x27, 0xff, 0x57, 0x44, 0x27, 0xff, 0x57, 0x44, 0x27, 0xff,
    0x57, 0x44, 0x27, 0xff, 0x57, 0x44, 0x27, 0xff, 0x57, 0x44, 0x27, 0xff,
    0x3f, 0x31, 0x1c, 0xff, 0x3f, 0x31, 0x1c, 0xff, 0x41, 0x33, 0x1f, 0xff,
    0x78, 0x69, 0x52, 0xff, 0x65, 0x53, 0x39, 0xff, 0x59, 0x46, 0x29, 0xff,
    0x57, 0x44, 0x27, 0xff, 0x57, 0x44, 0x27, 0xff, 0x57, 0x44, 0x27, 0xff,
    0x57, 0x44, 0x27, 0xff, 0x57, 0x44, 0x27, 0xff, 0x57, 0x44, 0x27, 0xff,
    0x57, 0x44, 0x27, 0xff, 0x57, 0x44, 0x27, 0xff, 0x57, 0x44, 0x27, 0xff,
    0x57, 0x44, 0x27, 0xff, 0x57, 0x44, 0x27, 0xff, 0x57, 0x44, 0x27, 0xff,
    0x57, 0x44, 0x27, 0xff, 0x57, 0x44, 0x27, 0xff, 0x57, 0x44, 0x27, 0xff,
    0x57, 0x44, 0x27, 0xff, 0x57, 0x44, 0x27, 0xff, 0x57, 0x44, 0x27, 0xff,
    0x57, 0x44, 0x27, 0xff, 0x57, 0x44, 0x27, 0xff, 0x57, 0x44, 0x27, 0xff,
    0x57, 0x44, 0x27, 0xff, 0x57, 0x44, 0x27, 0xff, 0x57, 0x44, 0x27, 0xff,
    0x57, 0x44, 0x27, 0xff, 0x57, 0x44, 0x27, 0xff, 0x57, 0x44, 0x27, 0xff,
    0x57, 0x44, 0x27, 0xff, 0x57, 0x44, 0x27, 0xff, 0x57, 0x44, 0x27, 0xff,
    0x57, 0x44, 0x27, 0xff, 0x57, 0x44, 0x27, 0xff, 0x57, 0x44, 0x27, 0xff,
    0x57, 0x44, 0x27, 0xff, 0x57, 0x44, 0x27, 0xff, 0x57, 0x44, 0x27, 0xff,
    0x57, 0x44, 0x27, 0xff, 0x57, 0x44, 0x27, 0xff, 0x57, 0x44, 0x27, 0xff,
    0x57, 0x44, 0x27, 0xff, 0x57, 0x44, 0x27, 0xff, 0x57, 0x44, 0x27, 0xff,
    0x57, 0x44, 0x27, 0xff, 0x57, 0x44, 0x27, 0xff, 0x3f, 0x31, 0x1c, 0xff,
    0x3f, 0x31, 0x1c, 0xff, 0x41, 0x33, 0x1f, 0xff, 0x78, 0x69, 0x52, 0xff,
    0x64, 0x53, 0x39, 0xff, 0x59, 0x46, 0x29, 0xff, 0x57, 0x44, 0x27, 0xff,
    0x57, 0x44, 0x27, 0xff, 0x57, 0x44, 0x27, 0xff, 0x57, 0x44, 0x27, 0xff,
    0x57, 0x44, 0x27, 0xff, 0x57, 0x44, 0x27, 0xff, 0x57, 0x44, 0x27, 0xff,
    0x57, 0x44, 0x27, 0xff, 0x57, 0x44, 0x27, 0xff, 0x57, 0x44, 0x27, 0xff,
    0x57, 0x44, 0x27, 0xff, 0x57, 0x44, 0x27, 0xff, 0x57, 0x44, 0x27, 0xff,
    0x57, 0x44, 0x27, 0xff, 0x57, 0x44, 0x27, 0xff, 0x57, 0x44, 0x27, 0xff,
    0x57, 0x44, 0x27, 0xff, 0x57, 0x44, 0x27, 0xff, 0x57, 0x44, 0x27, 0xff,
    0x57, 0x44, 0x27, 0xff, 0x57, 0x44, 0x27, 0xff, 0x57, 0x44, 0x27, 0xff,
    0x57, 0x44, 0x27, 0xff, 0x57, 0x44, 0x27, 0xff, 0x57, 0x44, 0x27, 0xff,
    0x57, 0x44, 0x27, 0xff, 0x57, 0x44, 0x27, 0xff, 0x57, 0x44, 0x27, 0xff,
    0x57, 0x44, 0x27, 0xff, 0x57, 0x44, 0x27, 0xff, 0x57, 0x44, 0x27, 0xff,
    0x57, 0x44, 0x27, 0xff, 0x57, 0x44, 0x27, 0xff, 0x57, 0x44, 0x27, 0xff,
    0x57, 0x44, 0x27, 0xff, 0x57, 0x44, 0x27, 0xff, 0x57, 0x44, 0x27, 0xff,
    0x57, 0x44, 0x27, 0xff, 0x57, 0x44, 0x27, 0xff, 0x57, 0x44, 0x27, 0xff,
    0x57, 0x44, 0x27, 0xff, 0x57, 0x44, 0x27, 0xff, 0x57, 0x44, 0x27, 0xff,
    0x57, 0x44, 0x27, 0xff, 0x3f, 0x31, 0x1c, 0xff, 0x3f, 0x31, 0x1c, 0xff,
    0x41, 0x33, 0x1f, 0xff, 0x78, 0x69, 0x52, 0xff, 0x64, 0x53, 0x39, 0xff,
    0x59, 0x46, 0x29, 0xff, 0x57, 0x44, 0x27, 0xff, 0x57, 0x44, 0x27, 0xff,
    0x57, 0x44, 0x27, 0xff, 0x57, 0x44, 0x27, 0xff, 0x57, 0x44, 0x27, 0xff,
    0x57, 0x44, 0x27, 0xff, 0x57, 0x44, 0x27, 0xff, 0x57, 0x44, 0x27, 0xff,
    0x57, 0x44, 0x27, 0xff, 0x57, 0x44, 0x27, 0xff, 0x57, 0x44, 0x27, 0xff,
    0x57, 0x44, 0x27, 0xff, 0x57, 0x44, 0x27, 0xff, 0x57, 0x44, 0x27, 0xff,
    0x57, 0x44, 0x27, 0xff, 0x57, 0x44, 0x27, 0xff, 0x57, 0x44, 0x27, 0xff,
    0x57, 0x44, 0x27, 0xff, 0x57, 0x44, 0x27, 0xff, 0x57, 0x44, 0x27, 0xff,
    0x57, 0x44, 0x27, 0xff, 0x57, 0x44, 0x27, 0xff, 0x57, 0x44, 0x27, 0xff,
    0x57, 0x44, 0x27, 0xff, 0x57, 0x44, 0x27, 0xff, 0x57, 0x44, 0x27, 0xff,
    0x57, 0x44, 0x27, 0xff, 0x57, 0x44, 0x27, 0xff, 0x57, 0x44, 0x27, 0xff,
    0x57, 0x44, 0x27, 0xff, 0x57, 0x44, 0x27, 0xff, 0x57, 0x44, 0x27, 0xff,
    0x57, 0x44, 0x27, 0xff, 0x57, 0x44, 0x27, 0xff, 0x57, 0x44, 0x27, 0xff,
    0x57, 0x44, 0x27, 0xff, 0x57, 0x44, 0x27, 0xff, 0x57, 0x44, 0x27, 0xff,
    0x57, 0x44, 0x27, 0xff, 0x57, 0x44, 0x27, 0xff, 0x57, 0x44, 0x27, 0xff,
    0x57, 0x44, 0x27, 0xff, 0x57, 0x44, 0x27, 0xff, 0x57, 0x44, 0x27, 0xff,
    0x3f, 0x31, 0x1c, 0xff, 0x3f, 0x31, 0x1c, 0xff, 0x41, 0x33, 0x1f, 0xff,
    0x78, 0x69, 0x52, 0xff, 0x65, 0x53, 0x39, 0xff, 0x59, 0x46, 0x29, 0xff,
    0x57, 0x44, 0x27, 0xff, 0x57, 0x44, 0x27, 0xff, 0x57, 0x44, 0x27, 0xff,
    0x57, 0x44, 0x27, 0xff, 0x57, 0x44, 0x27, 0xff, 0x57, 0x44, 0x27, 0xff,
    0x57, 0x44, 0x27, 0xff, 0x57, 0x44, 0x27, 0xff, 0x57, 0x44, 0x27, 0xff,
    0x57, 0x44, 0x27, 0xff, 0x57, 0x44, 0x27, 0xff, 0x57, 0x44, 0x27, 0xff,
    0x57, 0x44, 0x27, 0xff, 0x57, 0x44, 0x27, 0xff, 0x57, 0x44, 0x27, 0xff,
    0x57, 0x44, 0x27, 0xff, 0x57, 0x44, 0x27, 0xff, 0x57, 0x44, 0x27, 0xff,
    0x57, 0x44, 0x27, 0xff, 0x57, 0x44, 0x27, 0xff, 0x57, 0x44, 0x27, 0xff,
    0x57, 0x44, 0x27, 0xff, 0x57, 0x44, 0x27, 0xff, 0x57, 0x44, 0x27, 0xff,
    0x57, 0x44, 0x27, 0xff, 0x57, 0x44, 0x27, 0xff, 0x57, 0x44, 0x27, 0xff,
    0x57, 0x44, 0x27, 0xff, 0x57, 0x44, 0x27, 0xff, 0x57, 0x44, 0x27, 0xff,
    0x57, 0x44, 0x27, 0xff, 0x57, 0x44, 0x27, 0xff, 0x57, 0x44, 0x27, 0xff,
    0x57, 0x44, 0x27, 0xff, 0x57, 0x44, 0x27, 0xff, 0x57, 0x44, 0x27, 0xff,
    0x57, 0x44, 0x27, 0xff, 0x57, 0x44, 0x27, 0xff, 0x57, 0x44, 0x27, 0xff,
    0x57, 0x44, 0x27, 0xff, 0x57, 0x44, 0x27, 0xff, 0x57, 0x44, 0x27, 0xff,
    0x57, 0x44, 0x27, 0xff, 0x57, 0x44, 0x27, 0xff, 0x3f, 0x31, 0x1c, 0xff,
    0x3f, 0x31, 0x1c, 0xff, 0x41, 0x33, 0x1f, 0xff, 0x78, 0x69, 0x52, 0xff,
    0x64, 0x53, 0x39, 0xff, 0x59, 0x46, 0x29, 0xff, 0x57, 0x44, 0x27, 0xff,
    0x57, 0x44, 0x27, 0xff, 0x57, 0x44, 0x27, 0xff, 0x57, 0x44, 0x27, 0xff,
    0x57, 0x44, 0x27, 0xff, 0x57, 0x44, 0x27, 0xff, 0x57, 0x44, 0x27, 0xff,
    0x57, 0x44, 0x27, 0xff, 0x57, 0x44, 0x27, 0xff, 0x57, 0x44, 0x27, 0xff,
    0x57, 0x44, 0x27, 0xff, 0x57, 0x44, 0x27, 0xff, 0x57, 0x44, 0x27, 0xff,
    0x57, 0x44, 0x27, 0xff, 0x57, 0x44, 0x27, 0xff, 0x57, 0x44, 0x27, 0xff,
    0x57, 0x44, 0x27, 0xff, 0x57, 0x44, 0x27, 0xff, 0x57, 0x44, 0x27, 0xff,
    0x57, 0x44, 0x27, 0xff, 0x57, 0x44, 0x27, 0xff, 0x57, 0x44, 0x27, 0xff,
    0x57, 0x44, 0x27, 0xff, 0x57, 0x44, 0x27, 0xff, 0x57, 0x44, 0x27, 0xff,
    0x57, 0x44, 0x27, 0xff, 0x57, 0x44, 0x27, 0xff, 0x57, 0x44, 0x27, 0xff,
    0x57, 0x44, 0x27, 0xff, 0x57, 0x44, 0x27, 0xff, 0x57, 0x44, 0x27, 0xff,
    0x57, 0x44, 0x27, 0xff, 0x57, 0x44, 0x27, 0xff, 0x57, 0x44, 0x27, 0xff,
    0x57, 0x44, 0x27, 0xff, 0x57, 0x44, 0x27, 0xff, 0x57, 0x44, 0x27, 0xff,
    0x57, 0x44, 0x27, 0xff, 0x57, 0x44, 0x27, 0xff, 0x57, 0x44, 0x27, 0xff,
    0x57, 0x44, 0x27, 0xff, 0x57, 0x44, 0x27, 0xff, 0x57, 0x44, 0x27, 0xff,
    0x57, 0x44, 0x27, 0xff, 0x3f, 0x31, 0x1c, 0xff, 0x3f, 0x31, 0x1c, 0xff,
    0x41, 0x33, 0x1f, 0xff, 0x78, 0x69, 0x52, 0xff, 0x65, 0x53, 0x39, 0xff,
    0x59, 0x46, 0x29, 0xff, 0x57, 0x44, 0x27, 0xff, 0x57, 0x44, 0x27, 0xff,
    0x57, 0x44, 0x27, 0xff, 0x57, 0x44, 0x27, 0xff, 0x57, 0x44, 0x27, 0xff,
    0x57, 0x44, 0x27, 0xff, 0x57, 0x44, 0x27, 0xff, 0x57, 0x44, 0x27, 0xff,
    0x57, 0x44, 0x27, 0xff, 0x57, 0x44, 0x27, 0xff, 0x57, 0x44, 0x27, 0xff,
    0x57, 0x44, 0x27, 0xff, 0x57, 0x44, 0x27, 0xff, 0x57, 0x44, 0x27, 0xff,
    0x57, 0x44, 0x27, 0xff, 0x57, 0x44, 0x27, 0xff, 0x57, 0x44, 0x27, 0xff,
    0x57, 0x44, 0x27, 0xff, 0x57, 0x44, 0x27, 0xff, 0x57, 0x44, 0x27, 0xff,
    0x57, 0x44, 0x27, 0xff, 0x57, 0x44, 0x27, 0xff, 0x57, 0x44, 0x27, 0xff,
    0x57, 0x44, 0x27, 0xff, 0x57, 0x44, 0x27, 0xff, 0x57, 0x44, 0x27, 0xff,
    0x57, 0x44, 0x27, 0xff, 0x57, 0x44, 0x27, 0xff, 0x57, 0x44, 0x27, 0xff,
    0x57, 0x44, 0x27, 0xff, 0x57, 0x44, 0x27, 0xff, 0x57, 0x44, 0x27, 0xff,
    0x57, 0x44, 0x27, 0xff, 0x57, 0x44, 0x27, 0xff, 0x57, 0x44, 0x27, 0xff,
    0x57, 0x44, 0x27, 0xff, 0x57, 0x44, 0x27, 0xff, 0x57, 0x44, 0x27, 0xff,
    0x57, 0x44, 0x27, 0xff, 0x57, 0x44, 0x27, 0xff, 0x57, 0x44, 0x27, 0xff,
    0x57, 0x44, 0x27, 0xff, 0x57, 0x44, 0x27, 0xff, 0x57, 0x44, 0x27, 0xff,
    0x3f, 0x31, 0x1c, 0xff, 0x3f, 0x31, 0x1c, 0xff, 0x41, 0x33, 0x1f, 0xff,
    0x78, 0x69, 0x52, 0xff, 0x65, 0x53, 0x39, 0xff, 0x59, 0x46, 0x29, 0xff,
    0x57, 0x44, 0x27, 0xff, 0x57, 0x44, 0x27, 0xff, 0x57, 0x44, 0x27, 0xff,
    0x57, 0x44, 0x27, 0xff, 0x57, 0x44, 0x27, 0xff, 0x57, 0x44, 0x27, 0xff,
    0x57, 0x44, 0x27, 0xff, 0x57, 0x44, 0x27, 0xff, 0x57, 0x44, 0x27, 0xff,
    0x57, 0x44, 0x27, 0xff, 0x57, 0x44, 0x27, 0xff, 0x57, 0x44, 0x27, 0xff,
    0x57, 0x44, 0x27, 0xff, 0x57, 0x44, 0x27, 0xff, 0x57, 0x44, 0x27, 0xff,
    0x57, 0x44, 0x27, 0xff, 0x57, 0x44, 0x27, 0xff, 0x57, 0x44, 0x27, 0xff,
    0x57, 0x44, 0x27, 0xff, 0x57, 0x44, 0x27, 0xff, 0x57, 0x44, 0x27, 0xff,
    0x57, 0x44, 0x27, 0xff, 0x57, 0x44, 0x27, 0xff, 0x57, 0x44, 0x27, 0xff,
    0x57, 0x44, 0x27, 0xff, 0x57, 0x44, 0x27, 0xff, 0x57, 0x44, 0x27, 0xff,
    0x57, 0x44, 0x27, 0xff, 0x57, 0x44, 0x27, 0xff, 0x57, 0x44, 0x27, 0xff,
    0x57, 0x44, 0x27, 0xff, 0x57, 0x44, 0x27, 0xff, 0x57, 0x44, 0x27, 0xff,
    0x57, 0x44, 0x27, 0xff, 0x57, 0x44, 0x27, 0xff, 0x57, 0x44, 0x27, 0xff,
    0x57, 0x44, 0x27, 0xff, 0x57, 0x44, 0x27, 0xff, 0x57, 0x44, 0x27, 0xff,
    0x57, 0x44, 0x27, 0xff, 0x57, 0x44, 0x27, 0xff, 0x57, 0x44, 0x27, 0xff,
    0x57, 0x44, 0x27, 0xff, 0x57, 0x44, 0x27, 0xff, 0x3f, 0x31, 0x1c, 0xff,
    0x3f, 0x31, 0x1c, 0xff, 0x41, 0x33, 0x1f, 0xff, 0x78, 0x69, 0x52, 0xff,
    0x65, 0x53, 0x39, 0xff, 0x59, 0x46, 0x29, 0xff, 0x57, 0x44, 0x27, 0xff,
    0x57, 0x44, 0x27, 0xff, 0x57, 0x44, 0x27, 0xff, 0x57, 0x44, 0x27, 0xff,
    0x57, 0x44, 0x27, 0xff, 0x57, 0x44, 0x27, 0xff, 0x57, 0x44, 0x27, 0xff,
    0x57, 0x44, 0x27, 0xff, 0x57, 0x44, 0x27, 0xff, 0x57, 0x44, 0x27, 0xff,
    0x57, 0x44, 0x27, 0xff, 0x57, 0x44, 0x27, 0xff, 0x57, 0x44, 0x27, 0xff,
    0x57, 0x44, 0x27, 0xff, 0x57, 0x44, 0x27, 0xff, 0x57, 0x44, 0x27, 0xff,
    0x57, 0x44, 0x27, 0xff, 0x57, 0x44, 0x27, 0xff, 0x57, 0x44, 0x27, 0xff,
    0x57, 0x44, 0x27, 0xff, 0x57, 0x44, 0x27, 0xff, 0x57, 0x44, 0x27, 0xff,
    0x57, 0x44, 0x27, 0xff, 0x57, 0x44, 0x27, 0xff, 0x57, 0x44, 0x27, 0xff,
    0x57, 0x44, 0x27, 0xff, 0x57, 0x44, 0x27, 0xff, 0x57, 0x44, 0x27, 0xff,
    0x57, 0x44, 0x27, 0xff, 0x57, 0x44, 0x27, 0xff, 0x57, 0x44, 0x27, 0xff,
    0x57, 0x44, 0x27, 0xff, 0x57, 0x44, 0x27, 0xff, 0x57, 0x44, 0x27, 0xff,
    0x57, 0x44, 0x27, 0xff, 0x57, 0x44, 0x27, 0xff, 0x57, 0x44, 0x27, 0xff,
    0x57, 0x44, 0x27, 0xff, 0x57, 0x44, 0x27, 0xff, 0x57, 0x44, 0x27, 0xff,
    0x57, 0x44, 0x27, 0xff, 0x57, 0x44, 0x27, 0xff, 0x57, 0x44, 0x27, 0xff,
    0x57, 0x44, 0x27, 0xff, 0x3f, 0x31, 0x1c, 0xff, 0x3f, 0x31, 0x1c, 0xff,
    0x41, 0x33, 0x1f, 0xff, 0x78, 0x69, 0x52, 0xff, 0x65, 0x53, 0x39, 0xff,
    0x59, 0x46, 0x29, 0xff, 0x57, 0x44, 0x27, 0xff, 0x57, 0x44, 0x27, 0xff,
    0x57, 0x44, 0x27, 0xff, 0x57, 0x44, 0x27, 0xff, 0x57, 0x44, 0x27, 0xff,
    0x57, 0x44, 0x27, 0xff, 0x57, 0x44, 0x27, 0xff, 0x57, 0x44, 0x27, 0xff,
    0x57, 0x44, 0x27, 0xff, 0x57, 0x44, 0x27, 0xff, 0x57, 0x44, 0x27, 0xff,
    0x57, 0x44, 0x27, 0xff, 0x57, 0x44, 0x27, 0xff, 0x57, 0x44, 0x27, 0xff,
    0x57, 0x44, 0x27, 0xff, 0x57, 0x44, 0x27, 0xff, 0x57, 0x44, 0x27, 0xff,
    0x57, 0x44, 0x27, 0xff, 0x57, 0x44, 0x27, 0xff, 0x57, 0x44, 0x27, 0xff,
    0x57, 0x44, 0x27, 0xff, 0x57, 0x44, 0x27, 0xff, 0x57, 0x44, 0x27, 0xff,
    0x57, 0x44, 0x27, 0xff, 0x57, 0x44, 0x27, 0xff, 0x57, 0x44, 0x27, 0xff,
    0x57, 0x44, 0x27, 0xff, 0x57, 0x44, 0x27, 0xff, 0x57, 0x44, 0x27, 0xff,
    0x57, 0x44, 0x27, 0xff, 0x57, 0x44, 0x27, 0xff, 0x57, 0x44, 0x27, 0xff,
    0x57, 0x44, 0x27, 0xff, 0x57, 0x44, 0x27, 0xff, 0x57, 0x44, 0x27, 0xff,
    0x57, 0x44, 0x27, 0xff, 0x57, 0x44, 0x27, 0xff, 0x57, 0x44, 0x27, 0xff,
    0x57, 0x44, 0x27, 0xff, 0x57, 0x44, 0x27, 0xff, 0x57, 0x44, 0x27, 0xff,
    0x57, 0x44, 0x27, 0xff, 0x57, 0x44, 0x27, 0xff, 0x57, 0x44, 0x27, 0xff,
    0x3f, 0x31, 0x1c, 0xff, 0x3f, 0x31, 0x1c, 0xff, 0x41, 0x33, 0x1f, 0xff,
    0x78, 0x69, 0x52, 0xff, 0x65, 0x53, 0x39, 0xff, 0x59, 0x46, 0x29, 0xff,
    0x57, 0x44, 0x27, 0xff, 0x57, 0x44, 0x27, 0xff, 0x57, 0x44, 0x27, 0xff,
    0x57, 0x44, 0x27, 0xff, 0x57, 0x44, 0x27, 0xff, 0x57, 0x44, 0x27, 0xff,
    0x57, 0x44, 0x27, 0xff, 0x57, 0x44, 0x27, 0xff, 0x57, 0x44, 0x27, 0xff,
    0x57, 0x44, 0x27, 0xff, 0x57, 0x44, 0x27, 0xff, 0x57, 0x44, 0x27, 0xff,
    0x57, 0x44, 0x27, 0xff, 0x57, 0x44, 0x27, 0xff, 0x57, 0x44, 0x27, 0xff,
    0x57, 0x44, 0x27, 0xff, 0x57, 0x44, 0x27, 0xff, 0x57, 0x44, 0x27, 0xff,
    0x57, 0x44, 0x27, 0xff, 0x57, 0x44, 0x27, 0xff, 0x57, 0x44, 0x27, 0xff,
    0x57, 0x44, 0x27, 0xff, 0x57, 0x44, 0x27, 0xff, 0x57, 0x44, 0x27, 0xff,
    0x57, 0x44, 0x27, 0xff, 0x57, 0x44, 0x27, 0xff, 0x57, 0x44, 0x27, 0xff,
    0x57, 0x44, 0x27, 0xff, 0x57, 0x44, 0x27, 0xff, 0x57, 0x44, 0x27, 0xff,
    0x57, 0x44, 0x27, 0xff, 0x57, 0x44, 0x27, 0xff, 0x57, 0x44, 0x27, 0xff,
    0x57, 0x44, 0x27, 0xff, 0x57, 0x44, 0x27, 0xff, 0x57, 0x44, 0x27, 0xff,
    0x57, 0x44, 0x27, 0xff, 0x57, 0x44, 0x27, 0xff, 0x57, 0x44, 0x27, 0xff,
    0x57, 0x44, 0x27, 0xff, 0x57, 0x44, 0x27, 0xff, 0x57, 0x44, 0x27, 0xff,
    0x57, 0x44, 0x27, 0xff, 0x57, 0x44, 0x27, 0xff, 0x3f, 0x31, 0x1c, 0xff,
    0x3f, 0x31, 0x1c, 0xff, 0x41, 0x33, 0x1f, 0xff, 0x78, 0x69, 0x52, 0xff,
    0x64, 0x53, 0x39, 0xff, 0x59, 0x46, 0x29, 0xff, 0x57, 0x44, 0x27, 0xff,
    0x57, 0x44, 0x27, 0xff, 0x57, 0x44, 0x27, 0xff, 0x57, 0x44, 0x27, 0xff,
    0x57, 0x44, 0x27, 0xff, 0x57, 0x44, 0x27, 0xff, 0x57, 0x44, 0x27, 0xff,
    0x57, 0x44, 0x27, 0xff, 0x57, 0x44, 0x27, 0xff, 0x57, 0x44, 0x27, 0xff,
    0x57, 0x44, 0x27, 0xff, 0x57, 0x44, 0x27, 0xff, 0x57, 0x44, 0x27, 0xff,
    0x57, 0x44, 0x27, 0xff, 0x57, 0x44, 0x27, 0xff, 0x57, 0x44, 0x27, 0xff,
    0x57, 0x44, 0x27, 0xff, 0x57, 0x44, 0x27, 0xff, 0x57, 0x44, 0x27, 0xff,
    0x57, 0x44, 0x27, 0xff, 0x57, 0x44, 0x27, 0xff, 0x57, 0x44, 0x27, 0xff,
    0x57, 0x44, 0x27, 0xff, 0x57, 0x44, 0x27, 0xff, 0x57, 0x44, 0x27, 0xff,
    0x57, 0x44, 0x27, 0xff, 0x57, 0x44, 0x27, 0xff, 0x57, 0x44, 0x27, 0xff,
    0x57, 0x44, 0x27, 0xff, 0x57, 0x44, 0x27, 0xff, 0x57, 0x44, 0x27, 0xff,
    0x57, 0x44, 0x27, 0xff, 0x57, 0x44, 0x27, 0xff, 0x57, 0x44, 0x27, 0xff,
    0x57, 0x44, 0x27, 0xff, 0x57, 0x44, 0x27, 0xff, 0x57, 0x44, 0x27, 0xff,
    0x57, 0x44, 0x27, 0xff, 0x57, 0x44, 0x27, 0xff, 0x57, 0x44, 0x27, 0xff,
    0x57, 0x44, 0x27, 0xff, 0x57, 0x44, 0x27, 0xff, 0x57, 0x44, 0x27, 0xff,
    0x57, 0x44, 0x27, 0xff, 0x3f, 0x31, 0x1c, 0xff, 0x3f, 0x31, 0x1c, 0xff,
    0x41, 0x33, 0x1f, 0xff, 0x78, 0x69, 0x52, 0xff, 0x64, 0x53, 0x39, 0xff,
    0x59, 0x46, 0x29, 0xff, 0x57, 0x44, 0x27, 0xff, 0x57, 0x44, 0x27, 0xff,
    0x57, 0x44, 0x27, 0xff, 0x57, 0x44, 0x27, 0xff, 0x57, 0x44, 0x27, 0xff,
    0x57, 0x44, 0x27, 0xff, 0x57, 0x44, 0x27, 0xff, 0x57, 0x44, 0x27, 0xff,
    0x57, 0x44, 0x27, 0xff, 0x57, 0x44, 0x27, 0xff, 0x57, 0x44, 0x27, 0xff,
    0x57, 0x44, 0x27, 0xff, 0x57, 0x44, 0x27, 0xff, 0x57, 0x44, 0x27, 0xff,
    0x57, 0x44, 0x27, 0xff, 0x57, 0x44, 0x27, 0xff, 0x57, 0x44, 0x27, 0xff,
    0x57, 0x44, 0x27, 0xff, 0x57, 0x44, 0x27, 0xff, 0x57, 0x44, 0x27, 0xff,
    0x57, 0x44, 0x27, 0xff, 0x57, 0x44, 0x27, 0xff, 0x57, 0x44, 0x27, 0xff,
    0x57, 0x44, 0x27, 0xff, 0x57, 0x44, 0x27, 0xff, 0x57, 0x44, 0x27, 0xff,
    0x57, 0x44, 0x27, 0xff, 0x57, 0x44, 0x27, 0xff, 0x57, 0x44, 0x27, 0xff,
    0x57, 0x44, 0x27, 0xff, 0x57, 0x44, 0x27, 0xff, 0x57, 0x44, 0x27, 0xff,
    0x57, 0x44, 0x27, 0xff, 0x57, 0x44, 0x27, 0xff, 0x57, 0x44, 0x27, 0xff,
    0x57, 0x44, 0x27, 0xff, 0x57, 0x44, 0x27, 0xff, 0x57, 0x44, 0x27, 0xff,
    0x57, 0x44, 0x27, 0xff, 0x57, 0x44, 0x27, 0xff, 0x57, 0x44, 0x27, 0xff,
    0x57, 0x44, 0x27, 0xff, 0x57, 0x44, 0x27, 0xff, 0x57, 0x44, 0x27, 0xff,
    0x3f, 0x31, 0x1c, 0xff, 0x3f, 0x31, 0x1c, 0xff, 0x41, 0x33, 0x1f, 0xff,
    0x78, 0x69, 0x52, 0xff, 0x65, 0x53, 0x39, 0xff, 0x59, 0x46, 0x29, 0xff,
    0x57, 0x44, 0x27, 0xff, 0x57, 0x44, 0x27, 0xff, 0x57, 0x44, 0x27, 0xff,
    0x57, 0x44, 0x27, 0xff, 0x57, 0x44, 0x27, 0xff, 0x57, 0x44, 0x27, 0xff,
    0x57, 0x44, 0x27, 0xff, 0x57, 0x44, 0x27, 0xff, 0x57, 0x44, 0x27, 0xff,
    0x57, 0x44, 0x27, 0xff, 0x57, 0x44, 0x27, 0xff, 0x57, 0x44, 0x27, 0xff,
    0x57, 0x44, 0x27, 0xff, 0x57, 0x44, 0x27, 0xff, 0x57, 0x44, 0x27, 0xff,
    0x57, 0x44, 0x27, 0xff, 0x57, 0x44, 0x27, 0xff, 0x57, 0x44, 0x27, 0xff,
    0x57, 0x44, 0x27, 0xff, 0x57, 0x44, 0x27, 0xff, 0x57, 0x44, 0x27, 0xff,
    0x57, 0x44, 0x27, 0xff, 0x57, 0x44, 0x27, 0xff, 0x57, 0x44, 0x27, 0xff,
    0x57, 0x44, 0x27, 0xff, 0x57, 0x44, 0x27, 0xff, 0x57, 0x44, 0x27, 0xff,
    0x57, 0x44, 0x27, 0xff, 0x57, 0x44, 0x27, 0xff, 0x57, 0x44, 0x27, 0xff,
    0x57, 0x44, 0x27, 0xff, 0x57, 0x44, 0x27, 0xff, 0x57, 0x44, 0x27, 0xff,
    0x57, 0x44, 0x27, 0xff, 0x57, 0x44, 0x27, 0xff, 0x57, 0x44, 0x27, 0xff,
    0x57, 0x44, 0x27, 0xff, 0x57, 0x44, 0x27, 0xff, 0x57, 0x44, 0x27, 0xff,
    0x57, 0x44, 0x27, 0xff, 0x57, 0x44, 0x27, 0xff, 0x57, 0x44, 0x27, 0xff,
    0x57, 0x44, 0x27, 0xff, 0x57, 0x44, 0x27, 0xff, 0x3f, 0x31, 0x1c, 0xff,
    0x3f, 0x31, 0x1c, 0xff, 0x41, 0x33, 0x1f, 0xff, 0x78, 0x69, 0x52, 0xff,
    0x64, 0x53, 0x39, 0xff, 0x59, 0x46, 0x29, 0xff, 0x57, 0x44, 0x27, 0xff,
    0x57, 0x44, 0x27, 0xff, 0x57, 0x44, 0x27, 0xff, 0x57, 0x44, 0x27, 0xff,
    0x57, 0x44, 0x27, 0xff, 0x57, 0x44, 0x27, 0xff, 0x57, 0x44, 0x27, 0xff,
    0x57, 0x44, 0x27, 0xff, 0x57, 0x44, 0x27, 0xff, 0x57, 0x44, 0x27, 0xff,
    0x57, 0x44, 0x27, 0xff, 0x57, 0x44, 0x27, 0xff, 0x57, 0x44, 0x27, 0xff,
    0x57, 0x44, 0x27, 0xff, 0x57, 0x44, 0x27, 0xff, 0x57, 0x44, 0x27, 0xff,
    0x57, 0x44, 0x27, 0xff, 0x57, 0x44, 0x27, 0xff, 0x57, 0x44, 0x27, 0xff,
    0x57, 0x44, 0x27, 0xff, 0x57, 0x44, 0x27, 0xff, 0x57, 0x44, 0x27, 0xff,
    0x57, 0x44, 0x27, 0xff, 0x57, 0x44, 0x27, 0xff, 0x57, 0x44, 0x27, 0xff,
    0x57, 0x44, 0x27, 0xff, 0x57, 0x44, 0x27, 0xff, 0x57, 0x44, 0x27, 0xff,
    0x57, 0x44, 0x27, 0xff, 0x57, 0x44, 0x27, 0xff, 0x57, 0x44, 0x27, 0xff,
    0x57, 0x44, 0x27, 0xff, 0x57, 0x44, 0x27, 0xff, 0x57, 0x44, 0x27, 0xff,
    0x57, 0x44, 0x27, 0xff, 0x57, 0x44, 0x27, 0xff, 0x57, 0x44, 0x27, 0xff,
    0x57, 0x44, 0x27, 0xff, 0x57, 0x44, 0x27, 0xff, 0x57, 0x44, 0x27, 0xff,
    0x57, 0x44, 0x27, 0xff, 0x57, 0x44, 0x27, 0xff, 0x57, 0x44, 0x27, 0xff,
    0x57, 0x44, 0x27, 0xff, 0x3f, 0x31, 0x1c, 0xff, 0x3f, 0x31, 0x1c, 0xff,
    0x41, 0x33, 0x1f, 0xff, 0x78, 0x69, 0x52, 0xff, 0x64, 0x53, 0x39, 0xff,
    0x59, 0x46, 0x29, 0xff, 0x57, 0x44, 0x27, 0xff, 0x57, 0x44, 0x27, 0xff,
    0x57, 0x44, 0x27, 0xff, 0x57, 0x44, 0x27, 0xff, 0x57, 0x44, 0x27, 0xff,
    0x57, 0x44, 0x27, 0xff, 0x57, 0x44, 0x27, 0xff, 0x57, 0x44, 0x27, 0xff,
    0x57, 0x44, 0x27, 0xff, 0x57, 0x44, 0x27, 0xff, 0x57, 0x44, 0x27, 0xff,
    0x57, 0x44, 0x27, 0xff, 0x57, 0x44, 0x27, 0xff, 0x57, 0x44, 0x27, 0xff,
    0x57, 0x44, 0x27, 0xff, 0x57, 0x44, 0x27, 0xff, 0x57, 0x44, 0x27, 0xff,
    0x57, 0x44, 0x27, 0xff, 0x57, 0x44, 0x27, 0xff, 0x57, 0x44, 0x27, 0xff,
    0x57, 0x44, 0x27, 0xff, 0x57, 0x44, 0x27, 0xff, 0x57, 0x44, 0x27, 0xff,
    0x57, 0x44, 0x27, 0xff, 0x57, 0x44, 0x27, 0xff, 0x57, 0x44, 0x27, 0xff,
    0x57, 0x44, 0x27, 0xff, 0x57, 0x44, 0x27, 0xff, 0x57, 0x44, 0x27, 0xff,
    0x57, 0x44, 0x27, 0xff, 0x57, 0x44, 0x27, 0xff, 0x57, 0x44, 0x27, 0xff,
    0x57, 0x44, 0x27, 0xff, 0x57, 0x44, 0x27, 0xff, 0x57, 0x44, 0x27, 0xff,
    0x57, 0x44, 0x27, 0xff, 0x57, 0x44, 0x27, 0xff, 0x57, 0x44, 0x27, 0xff,
    0x57, 0x44, 0x27, 0xff, 0x57, 0x44, 0x27, 0xff, 0x57, 0x44, 0x27, 0xff,
    0x57, 0x44, 0x27, 0xff, 0x57, 0x44, 0x27, 0xff, 0x57, 0x44, 0x27, 0xff,
    0x3f, 0x31, 0x1c, 0xff, 0x3f, 0x31, 0x1c, 0xff, 0x41, 0x33, 0x1f, 0xff,
    0x78, 0x69, 0x52, 0xff, 0x64, 0x53, 0x39, 0xff, 0x59, 0x46, 0x29, 0xff,
    0x57, 0x44, 0x27, 0xff, 0x57, 0x44, 0x27, 0xff, 0x57, 0x44, 0x27, 0xff,
    0x57, 0x44, 0x27, 0xff, 0x57, 0x44, 0x27, 0xff, 0x57, 0x44, 0x27, 0xff,
    0x57, 0x44, 0x27, 0xff, 0x57, 0x44, 0x27, 0xff, 0x57, 0x44, 0x27, 0xff,
    0x57, 0x44, 0x27, 0xff, 0x57, 0x44, 0x27, 0xff, 0x57, 0x44, 0x27, 0xff,
    0x57, 0x44, 0x27, 0xff, 0x57, 0x44, 0x27, 0xff, 0x57, 0x44, 0x27, 0xff,
    0x57, 0x44, 0x27, 0xff, 0x57, 0x44, 0x27, 0xff, 0x57, 0x44, 0x27, 0xff,
    0x57, 0x44, 0x27, 0xff, 0x57, 0x44, 0x27, 0xff, 0x57, 0x44, 0x27, 0xff,
    0x57, 0x44, 0x27, 0xff, 0x57, 0x44, 0x27, 0xff, 0x57, 0x44, 0x27, 0xff,
    0x57, 0x44, 0x27, 0xff, 0x57, 0x44, 0x27, 0xff, 0x57, 0x44, 0x27, 0xff,
    0x57, 0x44, 0x27, 0xff, 0x57, 0x44, 0x27, 0xff, 0x57, 0x44, 0x27, 0xff,
    0x57, 0x44, 0x27, 0xff, 0x57, 0x44, 0x27, 0xff, 0x57, 0x44, 0x27, 0xff,
    0x57, 0x44, 0x27, 0xff, 0x57, 0x44, 0x27, 0xff, 0x57, 0x44, 0x27, 0xff,
    0x57, 0x44, 0x27, 0xff, 0x57, 0x44, 0x27, 0xff, 0x57, 0x44, 0x27, 0xff,
    0x57, 0x44, 0x27, 0xff, 0x57, 0x44, 0x27, 0xff, 0x57, 0x44, 0x27, 0xff,
    0x57, 0x44, 0x27, 0xff, 0x57, 0x44, 0x27, 0xff, 0x3f, 0x31, 0x1c, 0xff,
    0x3f, 0x31, 0x1c, 0xff, 0x41, 0x33, 0x1f, 0xff, 0x78, 0x69, 0x52, 0xff,
    0x65, 0x53, 0x39, 0xff, 0x59, 0x46, 0x29, 0xff, 0x57, 0x44, 0x27, 0xff,
    0x57, 0x44, 0x27, 0xff, 0x57, 0x44, 0x27, 0xff, 0x57, 0x44, 0x27, 0xff,
    0x57, 0x44, 0x27, 0xff, 0x57, 0x44, 0x27, 0xff, 0x57, 0x44, 0x27, 0xff,
    0x57, 0x44, 0x27, 0xff, 0x57, 0x44, 0x27, 0xff, 0x57, 0x44, 0x27, 0xff,
    0x57, 0x44, 0x27, 0xff, 0x57, 0x44, 0x27, 0xff, 0x57, 0x44, 0x27, 0xff,
    0x57, 0x44, 0x27, 0xff, 0x57, 0x44, 0x27, 0xff, 0x57, 0x44, 0x27, 0xff,
    0x57, 0x44, 0x27, 0xff, 0x57, 0x44, 0x27, 0xff, 0x57, 0x44, 0x27, 0xff,
    0x57, 0x44, 0x27, 0xff, 0x57, 0x44, 0x27, 0xff, 0x57, 0x44, 0x27, 0xff,
    0x57, 0x44, 0x27, 0xff, 0x57, 0x44, 0x27, 0xff, 0x57, 0x44, 0x27, 0xff,
    0x57, 0x44, 0x27, 0xff, 0x57, 0x44, 0x27, 0xff, 0x57, 0x44, 0x27, 0xff,
    0x57, 0x44, 0x27, 0xff, 0x57, 0x44, 0x27, 0xff, 0x57, 0x44, 0x27, 0xff,
    0x57, 0x44, 0x27, 0xff, 0x57, 0x44, 0x27, 0xff, 0x57, 0x44, 0x27, 0xff,
    0x57, 0x44, 0x27, 0xff, 0x57, 0x44, 0x27, 0xff, 0x57, 0x44, 0x27, 0xff,
    0x57, 0x44, 0x27, 0xff, 0x57, 0x44, 0x27, 0xff, 0x57, 0x44, 0x27, 0xff,
    0x57, 0x44, 0x27, 0xff, 0x57, 0x44, 0x27, 0xff, 0x57, 0x44, 0x27, 0xff,
    0x57, 0x44, 0x27, 0xff, 0x3f, 0x31, 0x1c, 0xff, 0x3f, 0x31, 0x1c, 0xff,
    0x41, 0x33, 0x1f, 0xff, 0x78, 0x69, 0x52, 0xff, 0x64, 0x53, 0x39, 0xff,
    0x59, 0x46, 0x29, 0xff, 0x57, 0x44, 0x27, 0xff, 0x57, 0x44, 0x27, 0xff,
    0x57, 0x44, 0x27, 0xff, 0x57, 0x44, 0x27, 0xff, 0x57, 0x44, 0x27, 0xff,
    0x57, 0x44, 0x27, 0xff, 0x57, 0x44, 0x27, 0xff, 0x57, 0x44, 0x27, 0xff,
    0x57, 0x44, 0x27, 0xff, 0x57, 0x44, 0x27, 0xff, 0x57, 0x44, 0x27, 0xff,
    0x57, 0x44, 0x27, 0xff, 0x57, 0x44, 0x27, 0xff, 0x57, 0x44, 0x27, 0xff,
    0x57, 0x44, 0x27, 0xff, 0x57, 0x44, 0x27, 0xff, 0x57, 0x44, 0x27, 0xff,
    0x57, 0x44, 0x27, 0xff, 0x57, 0x44, 0x27, 0xff, 0x57, 0x44, 0x27, 0xff,
    0x57, 0x44, 0x27, 0xff, 0x57, 0x44, 0x27, 0xff, 0x57, 0x44, 0x27, 0xff,
    0x57, 0x44, 0x27, 0xff, 0x57, 0x44, 0x27, 0xff, 0x57, 0x44, 0x27, 0xff,
    0x57, 0x44, 0x27, 0xff, 0x57, 0x44, 0x27, 0xff, 0x57, 0x44, 0x27, 0xff,
    0x57, 0x44, 0x27, 0xff, 0x57, 0x44, 0x27, 0xff, 0x57, 0x44, 0x27, 0xff,
    0x57, 0x44, 0x27, 0xff, 0x57, 0x44, 0x27, 0xff, 0x57, 0x44, 0x27, 0xff,
    0x57, 0x44, 0x27, 0xff, 0x57, 0x44, 0x27, 0xff, 0x57, 0x44, 0x27, 0xff,
    0x57, 0x44, 0x27, 0xff, 0x57, 0x44, 0x27, 0xff, 0x57, 0x44, 0x27, 0xff,
    0x57, 0x44, 0x27, 0xff, 0x57, 0x44, 0x27, 0xff, 0x57, 0x44, 0x27, 0xff,
    0x3f, 0x31, 0x1c, 0xff, 0x3f, 0x31, 0x1c, 0xff, 0x41, 0x33, 0x1f, 0xff,
    0x78, 0x69, 0x52, 0xff, 0x65, 0x53, 0x39, 0xff, 0x59, 0x46, 0x29, 0xff,
    0x57, 0x44, 0x27, 0xff, 0x57, 0x44, 0x27, 0xff, 0x57, 0x44, 0x27, 0xff,
    0x57, 0x44, 0x27, 0xff, 0x57, 0x44, 0x27, 0xff, 0x57, 0x44, 0x27, 0xff,
    0x57, 0x44, 0x27, 0xff, 0x57, 0x44, 0x27, 0xff, 0x57, 0x44, 0x27, 0xff,
    0x57, 0x44, 0x27, 0xff, 0x57, 0x44, 0x27, 0xff, 0x57, 0x44, 0x27, 0xff,
    0x57, 0x44, 0x27, 0xff, 0x57, 0x44, 0x27, 0xff, 0x57, 0x44, 0x27, 0xff,
    0x57, 0x44, 0x27, 0xff, 0x57, 0x44, 0x27, 0xff, 0x57, 0x44, 0x27, 0xff,
    0x57, 0x44, 0x27, 0xff, 0x57, 0x44, 0x27, 0xff, 0x57, 0x44, 0x27, 0xff,
    0x57, 0x44, 0x27, 0xff, 0x57, 0x44, 0x27, 0xff, 0x57, 0x44, 0x27, 0xff,
    0x57, 0x44, 0x27, 0xff, 0x57, 0x44, 0x27, 0xff, 0x57, 0x44, 0x27, 0xff,
    0x57, 0x44, 0x27, 0xff, 0x57, 0x44, 0x27, 0xff, 0x57, 0x44, 0x27, 0xff,
    0x57, 0x44, 0x27, 0xff, 0x57, 0x44, 0x27, 0xff, 0x57, 0x44, 0x27, 0xff,
    0x57, 0x44, 0x27, 0xff, 0x57, 0x44, 0x27, 0xff, 0x57, 0x44, 0x27, 0xff,
    0x57, 0x44, 0x27, 0xff, 0x57, 0x44, 0x27, 0xff, 0x57, 0x44, 0x27, 0xff,
    0x57, 0x44, 0x27, 0xff, 0x57, 0x44, 0x27, 0xff, 0x57, 0x44, 0x27, 0xff,
    0x57, 0x44, 0x27, 0xff, 0x57, 0x44, 0x27, 0xff, 0x3f, 0x31, 0x1c, 0xff,
    0x3f, 0x31, 0x1c, 0xff, 0x41, 0x33, 0x1f, 0xff, 0x78, 0x69, 0x52, 0xff,
    0x64, 0x53, 0x39, 0xff, 0x59, 0x46, 0x29, 0xff, 0x57, 0x44, 0x27, 0xff,
    0x57, 0x44, 0x27, 0xff, 0x57, 0x44, 0x27, 0xff, 0x57, 0x44, 0x27, 0xff,
    0x57, 0x44, 0x27, 0xff, 0x57, 0x44, 0x27, 0xff, 0x57, 0x44, 0x27, 0xff,
    0x57, 0x44, 0x27, 0xff, 0x57, 0x44, 0x27, 0xff, 0x57, 0x44, 0x27, 0xff,
    0x57, 0x44, 0x27, 0xff, 0x57, 0x44, 0x27, 0xff, 0x57, 0x44, 0x27, 0xff,
    0x57, 0x44, 0x27, 0xff, 0x57, 0x44, 0x27, 0xff, 0x57, 0x44, 0x27, 0xff,
    0x57, 0x44, 0x27, 0xff, 0x57, 0x44, 0x27, 0xff, 0x57, 0x44, 0x27, 0xff,
    0x57, 0x44, 0x27, 0xff, 0x57, 0x44, 0x27, 0xff, 0x57, 0x44, 0x27, 0xff,
    0x57, 0x44, 0x27, 0xff, 0x57, 0x44, 0x27, 0xff, 0x57, 0x44, 0x27, 0xff,
    0x57, 0x44, 0x27, 0xff, 0x57, 0x44, 0x27, 0xff, 0x57, 0x44, 0x27, 0xff,
    0x57, 0x44, 0x27, 0xff, 0x57, 0x44, 0x27, 0xff, 0x57, 0x44, 0x27, 0xff,
    0x57, 0x44, 0x27, 0xff, 0x57, 0x44, 0x27, 0xff, 0x57, 0x44, 0x27, 0xff,
    0x57, 0x44, 0x27, 0xff, 0x57, 0x44, 0x27, 0xff, 0x57, 0x44, 0x27, 0xff,
    0x57, 0x44, 0x27, 0xff, 0x57, 0x44, 0x27, 0xff, 0x57, 0x44, 0x27, 0xff,
    0x57, 0x44, 0x27, 0xff, 0x57, 0x44, 0x27, 0xff, 0x57, 0x44, 0x27, 0xff,
    0x57, 0x44, 0x27, 0xff, 0x3f, 0x31, 0x1c, 0xff, 0x3f, 0x31, 0x1c, 0xff,
    0x41, 0x33, 0x1f, 0xff, 0x78, 0x69, 0x52, 0xff, 0x64, 0x53, 0x39, 0xff,
    0x59, 0x46, 0x29, 0xff, 0x57, 0x44, 0x27, 0xff, 0x57, 0x44, 0x27, 0xff,
    0x57, 0x44, 0x27, 0xff, 0x57, 0x44, 0x27, 0xff, 0x57, 0x44, 0x27, 0xff,
    0x57, 0x44, 0x27, 0xff, 0x57, 0x44, 0x27, 0xff, 0x57, 0x44, 0x27, 0xff,
    0x57, 0x44, 0x27, 0xff, 0x57, 0x44, 0x27, 0xff, 0x57, 0x44, 0x27, 0xff,
    0x57, 0x44, 0x27, 0xff, 0x57, 0x44, 0x27, 0xff, 0x57, 0x44, 0x27, 0xff,
    0x57, 0x44, 0x27, 0xff, 0x57, 0x44, 0x27, 0xff, 0x57, 0x44, 0x27, 0xff,
    0x57, 0x44, 0x27, 0xff, 0x57, 0x44, 0x27, 0xff, 0x57, 0x44, 0x27, 0xff,
    0x57, 0x44, 0x27, 0xff, 0x57, 0x44, 0x27, 0xff, 0x57, 0x44, 0x27, 0xff,
    0x57, 0x44, 0x27, 0xff, 0x57, 0x44, 0x27, 0xff, 0x57, 0x44, 0x27, 0xff,
    0x57, 0x44, 0x27, 0xff, 0x57, 0x44, 0x27, 0xff, 0x57, 0x44, 0x27, 0xff,
    0x57, 0x44, 0x27, 0xff, 0x57, 0x44, 0x27, 0xff, 0x57, 0x44, 0x27, 0xff,
    0x57, 0x44, 0x27, 0xff, 0x57, 0x44, 0x27, 0xff, 0x57, 0x44, 0x27, 0xff,
    0x57, 0x44, 0x27, 0xff, 0x57, 0x44, 0x27, 0xff, 0x57, 0x44, 0x27, 0xff,
    0x57, 0x44, 0x27, 0xff, 0x57, 0x44, 0x27, 0xff, 0x57, 0x44, 0x27, 0xff,
    0x57, 0x44, 0x27, 0xff, 0x57, 0x44, 0x27, 0xff, 0x57, 0x44, 0x27, 0xff,
    0x3f, 0x31, 0x1c, 0xff, 0x3f, 0x31, 0x1c, 0xff, 0x41, 0x33, 0x1f, 0xff,
    0x78, 0x69, 0x52, 0xff, 0x65, 0x53, 0x39, 0xff, 0x59, 0x46, 0x29, 0xff,
    0x57, 0x44, 0x27, 0xff, 0x57, 0x44, 0x27, 0xff, 0x57, 0x44, 0x27, 0xff,
    0x57, 0x44, 0x27, 0xff, 0x57, 0x44, 0x27, 0xff, 0x57, 0x44, 0x27, 0xff,
    0x57, 0x44, 0x27, 0xff, 0x57, 0x44, 0x27, 0xff, 0x57, 0x44, 0x27, 0xff,
    0x57, 0x44, 0x27, 0xff, 0x57, 0x44, 0x27, 0xff, 0x57, 0x44, 0x27, 0xff,
    0x57, 0x44, 0x27, 0xff, 0x57, 0x44, 0x27, 0xff, 0x57, 0x44, 0x27, 0xff,
    0x57, 0x44, 0x27, 0xff, 0x57, 0x44, 0x27, 0xff, 0x57, 0x44, 0x27, 0xff,
    0x57, 0x44, 0x27, 0xff, 0x57, 0x44, 0x27, 0xff, 0x57, 0x44, 0x27, 0xff,
    0x57, 0x44, 0x27, 0xff, 0x57, 0x44, 0x27, 0xff, 0x57, 0x44, 0x27, 0xff,
    0x57, 0x44, 0x27, 0xff, 0x57, 0x44, 0x27, 0xff, 0x57, 0x44, 0x27, 0xff,
    0x57, 0x44, 0x27, 0xff, 0x57, 0x44, 0x27, 0xff, 0x57, 0x44, 0x27, 0xff,
    0x57, 0x44, 0x27, 0xff, 0x57, 0x44, 0x27, 0xff, 0x57, 0x44, 0x27, 0xff,
    0x57, 0x44, 0x27, 0xff, 0x57, 0x44, 0x27, 0xff, 0x57, 0x44, 0x27, 0xff,
    0x57, 0x44, 0x27, 0xff, 0x57, 0x44, 0x27, 0xff, 0x57, 0x44, 0x27, 0xff,
    0x57, 0x44, 0x27, 0xff, 0x57, 0x44, 0x27, 0xff, 0x57, 0x44, 0x27, 0xff,
    0x57, 0x44, 0x27, 0xff, 0x57, 0x44, 0x27, 0xff, 0x3f, 0x31, 0x1c, 0xff,
    0x3f, 0x31, 0x1c, 0xff, 0x41, 0x33, 0x1f, 0xff, 0x78, 0x69, 0x52, 0xff,
    0x65, 0x53, 0x39, 0xff, 0x59, 0x46, 0x29, 0xff, 0x57, 0x44, 0x27, 0xff,
    0x57, 0x44, 0x27, 0xff, 0x57, 0x44, 0x27, 0xff, 0x57, 0x44, 0x27, 0xff,
    0x57, 0x44, 0x27, 0xff, 0x57, 0x44, 0x27, 0xff, 0x57, 0x44, 0x27, 0xff,
    0x57, 0x44, 0x27, 0xff, 0x57, 0x44, 0x27, 0xff, 0x57, 0x44, 0x27, 0xff,
    0x57, 0x44, 0x27, 0xff, 0x57, 0x44, 0x27, 0xff, 0x57, 0x44, 0x27, 0xff,
    0x57, 0x44, 0x27, 0xff, 0x57, 0x44, 0x27, 0xff, 0x57, 0x44, 0x27, 0xff,
    0x57, 0x44, 0x27, 0xff, 0x57, 0x44, 0x27, 0xff, 0x57, 0x44, 0x27, 0xff,
    0x57, 0x44, 0x27, 0xff, 0x57, 0x44, 0x27, 0xff, 0x57, 0x44, 0x27, 0xff,
    0x57, 0x44, 0x27, 0xff, 0x57, 0x44, 0x27, 0xff, 0x57, 0x44, 0x27, 0xff,
    0x57, 0x44, 0x27, 0xff, 0x57, 0x44, 0x27, 0xff, 0x57, 0x44, 0x27, 0xff,
    0x57, 0x44, 0x27, 0xff, 0x57, 0x44, 0x27, 0xff, 0x57, 0x44, 0x27, 0xff,
    0x57, 0x44, 0x27, 0xff, 0x57, 0x44, 0x27, 0xff, 0x57, 0x44, 0x27, 0xff,
    0x57, 0x44, 0x27, 0xff, 0x57, 0x44, 0x27, 0xff, 0x57, 0x44, 0x27, 0xff,
    0x57, 0x44, 0x27, 0xff, 0x57, 0x44, 0x27, 0xff, 0x57, 0x44, 0x27, 0xff,
    0x57, 0x44, 0x27, 0xff, 0x57, 0x44, 0x27, 0xff, 0x57, 0x44, 0x27, 0xff,
    0x57, 0x44, 0x27, 0xff, 0x3f, 0x31, 0x1c, 0xff, 0x3f, 0x31, 0x1c, 0xff,
    0x41, 0x33, 0x1f, 0xff, 0x78, 0x69, 0x52, 0xff, 0x64, 0x53, 0x39, 0xff,
    0x59, 0x46, 0x29, 0xff, 0x57, 0x44, 0x27, 0xff, 0x57, 0x44, 0x27, 0xff,
    0x57, 0x44, 0x27, 0xff, 0x57, 0x44, 0x27, 0xff, 0x57, 0x44, 0x27, 0xff,
    0x57, 0x44, 0x27, 0xff, 0x57, 0x44, 0x27, 0xff, 0x57, 0x44, 0x27, 0xff,
    0x57, 0x44, 0x27, 0xff, 0x57, 0x44, 0x27, 0xff, 0x57, 0x44, 0x27, 0xff,
    0x57, 0x44, 0x27, 0xff, 0x57, 0x44, 0x27, 0xff, 0x57, 0x44, 0x27, 0xff,
    0x57, 0x44, 0x27, 0xff, 0x57, 0x44, 0x27, 0xff, 0x57, 0x44, 0x27, 0xff,
    0x57, 0x44, 0x27, 0xff, 0x57, 0x44, 0x27, 0xff, 0x57, 0x44, 0x27, 0xff,
    0x57, 0x44, 0x27, 0xff, 0x57, 0x44, 0x27, 0xff, 0x57, 0x44, 0x27, 0xff,
    0x57, 0x44, 0x27, 0xff, 0x57, 0x44, 0x27, 0xff, 0x57, 0x44, 0x27, 0xff,
    0x57, 0x44, 0x27, 0xff, 0x57, 0x44, 0x27, 0xff, 0x57, 0x44, 0x27, 0xff,
    0x57, 0x44, 0x27, 0xff, 0x57, 0x44, 0x27, 0xff, 0x57, 0x44, 0x27, 0xff,
    0x57, 0x44, 0x27, 0xff, 0x57, 0x44, 0x27, 0xff, 0x57, 0x44, 0x27, 0xff,
    0x57, 0x44, 0x27, 0xff, 0x57, 0x44, 0x27, 0xff, 0x57, 0x44, 0x27, 0xff,
    0x57, 0x44, 0x27, 0xff, 0x57, 0x44, 0x27, 0xff, 0x57, 0x44, 0x27, 0xff,
    0x57, 0x44, 0x27, 0xff, 0x57, 0x44, 0x27, 0xff, 0x57, 0x44, 0x27, 0xff,
    0x3f, 0x31, 0x1c, 0xff, 0x3f, 0x31, 0x1c, 0xff, 0x41, 0x33, 0x1f, 0xff,
    0x78, 0x69, 0x52, 0xff, 0x64, 0x53, 0x39, 0xff, 0x59, 0x46, 0x29, 0xff,
    0x57, 0x44, 0x27, 0xff, 0x57, 0x44, 0x27, 0xff, 0x57, 0x44, 0x27, 0xff,
    0x57, 0x44, 0x27, 0xff, 0x57, 0x44, 0x27, 0xff, 0x57, 0x44, 0x27, 0xff,
    0x57, 0x44, 0x27, 0xff, 0x57, 0x44, 0x27, 0xff, 0x57, 0x44, 0x27, 0xff,
    0x57, 0x44, 0x27, 0xff, 0x57, 0x44, 0x27, 0xff, 0x57, 0x44, 0x27, 0xff,
    0x57, 0x44, 0x27, 0xff, 0x57, 0x44, 0x27, 0xff, 0x57, 0x44, 0x27, 0xff,
    0x57, 0x44, 0x27, 0xff, 0x57, 0x44, 0x27, 0xff, 0x57, 0x44, 0x27, 0xff,
    0x57, 0x44, 0x27, 0xff, 0x57, 0x44, 0x27, 0xff, 0x57, 0x44, 0x27, 0xff,
    0x57, 0x44, 0x27, 0xff, 0x57, 0x44, 0x27, 0xff, 0x57, 0x44, 0x27, 0xff,
    0x57, 0x44, 0x27, 0xff, 0x57, 0x44, 0x27, 0xff, 0x57, 0x44, 0x27, 0xff,
    0x57, 0x44, 0x27, 0xff, 0x57, 0x44, 0x27, 0xff, 0x57, 0x44, 0x27, 0xff,
    0x57, 0x44, 0x27, 0xff, 0x57, 0x44, 0x27, 0xff, 0x57, 0x44, 0x27, 0xff,
    0x57, 0x44, 0x27, 0xff, 0x57, 0x44, 0x27, 0xff, 0x57, 0x44, 0x27, 0xff,
    0x57, 0x44, 0x27, 0xff, 0x57, 0x44, 0x27, 0xff, 0x57, 0x44, 0x27, 0xff,
    0x57, 0x44, 0x27, 0xff, 0x57, 0x44, 0x27, 0xff, 0x57, 0x44, 0x27, 0xff,
    0x57, 0x44, 0x27, 0xff, 0x57, 0x44, 0x27, 0xff, 0x3f, 0x31, 0x1c, 0xff,
    0x3f, 0x31, 0x1c, 0xff, 0x41, 0x33, 0x1f, 0xff, 0x78, 0x69, 0x52, 0xff,
    0x64, 0x53, 0x39, 0xff, 0x59, 0x46, 0x29, 0xff, 0x57, 0x44, 0x27, 0xff,
    0x57, 0x44, 0x27, 0xff, 0x57, 0x44, 0x27, 0xff, 0x57, 0x44, 0x27, 0xff,
    0x57, 0x44, 0x27, 0xff, 0x57, 0x44, 0x27, 0xff, 0x57, 0x44, 0x27, 0xff,
    0x57, 0x44, 0x27, 0xff, 0x57, 0x44, 0x27, 0xff, 0x57, 0x44, 0x27, 0xff,
    0x57, 0x44, 0x27, 0xff, 0x57, 0x44, 0x27, 0xff, 0x57, 0x44, 0x27, 0xff,
    0x57, 0x44, 0x27, 0xff, 0x57, 0x44, 0x27, 0xff, 0x57, 0x44, 0x27, 0xff,
    0x57, 0x44, 0x27, 0xff, 0x57, 0x44, 0x27, 0xff, 0x57, 0x44, 0x27, 0xff,
    0x57, 0x44, 0x27, 0xff, 0x57, 0x44, 0x27, 0xff, 0x57, 0x44, 0x27, 0xff,
    0x57, 0x44, 0x27, 0xff, 0x57, 0x44, 0x27, 0xff, 0x57, 0x44, 0x27, 0xff,
    0x57, 0x44, 0x27, 0xff, 0x57, 0x44, 0x27, 0xff, 0x57, 0x44, 0x27, 0xff,
    0x57, 0x44, 0x27, 0xff, 0x57, 0x44, 0x27, 0xff, 0x57, 0x44, 0x27, 0xff,
    0x57, 0x44, 0x27, 0xff, 0x57, 0x44, 0x27, 0xff, 0x57, 0x44, 0x27, 0xff,
    0x57, 0x44, 0x27, 0xff, 0x57, 0x44, 0x27, 0xff, 0x57, 0x44, 0x27, 0xff,
    0x57, 0x44, 0x27, 0xff, 0x57, 0x44, 0x27, 0xff, 0x57, 0x44, 0x27, 0xff,
    0x57, 0x44, 0x27, 0xff, 0x57, 0x44, 0x27, 0xff, 0x57, 0x44, 0x27, 0xff,
    0x57, 0x44, 0x27, 0xff, 0x3f, 0x31, 0x1c, 0xff, 0x3f, 0x31, 0x1c, 0xff,
    0x41, 0x33, 0x1f, 0xff, 0x78, 0x69, 0x52, 0xff, 0x65, 0x53, 0x39, 0xff,
    0x59, 0x46, 0x29, 0xff, 0x57, 0x44, 0x27, 0xff, 0x57, 0x44, 0x27, 0xff,
    0x57, 0x44, 0x27, 0xff, 0x57, 0x44, 0x27, 0xff, 0x57, 0x44, 0x27, 0xff,
    0x57, 0x44, 0x27, 0xff, 0x57, 0x44, 0x27, 0xff, 0x57, 0x44, 0x27, 0xff,
    0x57, 0x44, 0x27, 0xff, 0x57, 0x44, 0x27, 0xff, 0x57, 0x44, 0x27, 0xff,
    0x57, 0x44, 0x27, 0xff, 0x57, 0x44, 0x27, 0xff, 0x57, 0x44, 0x27, 0xff,
    0x57, 0x44, 0x27, 0xff, 0x57, 0x44, 0x27, 0xff, 0x57, 0x44, 0x27, 0xff,
    0x57, 0x44, 0x27, 0xff, 0x57, 0x44, 0x27, 0xff, 0x57, 0x44, 0x27, 0xff,
    0x57, 0x44, 0x27, 0xff, 0x57, 0x44, 0x27, 0xff, 0x57, 0x44, 0x27, 0xff,
    0x57, 0x44, 0x27, 0xff, 0x57, 0x44, 0x27, 0xff, 0x57, 0x44, 0x27, 0xff,
    0x57, 0x44, 0x27, 0xff, 0x57, 0x44, 0x27, 0xff, 0x57, 0x44, 0x27, 0xff,
    0x57, 0x44, 0x27, 0xff, 0x57, 0x44, 0x27, 0xff, 0x57, 0x44, 0x27, 0xff,
    0x57, 0x44, 0x27, 0xff, 0x57, 0x44, 0x27, 0xff, 0x57, 0x44, 0x27, 0xff,
    0x57, 0x44, 0x27, 0xff, 0x57, 0x44, 0x27, 0xff, 0x57, 0x44, 0x27, 0xff,
    0x57, 0x44, 0x27, 0xff, 0x57, 0x44, 0x27, 0xff, 0x57, 0x44, 0x27, 0xff,
    0x57, 0x44, 0x27, 0xff, 0x57, 0x44, 0x27, 0xff, 0x57, 0x44, 0x27, 0xff,
    0x3f, 0x31, 0x1c, 0xff, 0x3f, 0x31, 0x1c, 0xff, 0x41, 0x33, 0x1f, 0xff,
    0x78, 0x69, 0x52, 0xff, 0x64, 0x53, 0x38, 0xff, 0x59, 0x46, 0x29, 0xff,
    0x57, 0x44, 0x27, 0xff, 0x57, 0x44, 0x27, 0xff, 0x57, 0x44, 0x27, 0xff,
    0x57, 0x44, 0x27, 0xff, 0x57, 0x44, 0x27, 0xff, 0x57, 0x44, 0x27, 0xff,
    0x57, 0x44, 0x27, 0xff, 0x57, 0x44, 0x27, 0xff, 0x57, 0x44, 0x27, 0xff,
    0x57, 0x44, 0x27, 0xff, 0x57, 0x44, 0x27, 0xff, 0x57, 0x44, 0x27, 0xff,
    0x57, 0x44, 0x27, 0xff, 0x57, 0x44, 0x27, 0xff, 0x57, 0x44, 0x27, 0xff,
    0x57, 0x44, 0x27, 0xff, 0x57, 0x44, 0x27, 0xff, 0x57, 0x44, 0x27, 0xff,
    0x57, 0x44, 0x27, 0xff, 0x57, 0x44, 0x27, 0xff, 0x57, 0x44, 0x27, 0xff,
    0x57, 0x44, 0x27, 0xff, 0x57, 0x44, 0x27, 0xff, 0x57, 0x44, 0x27, 0xff,
    0x57, 0x44, 0x27, 0xff, 0x57, 0x44, 0x27, 0xff, 0x57, 0x44, 0x27, 0xff,
    0x57, 0x44, 0x27, 0xff, 0x57, 0x44, 0x27, 0xff, 0x57, 0x44, 0x27, 0xff,
    0x57, 0x44, 0x27, 0xff, 0x57, 0x44, 0x27, 0xff, 0x57, 0x44, 0x27, 0xff,
    0x57, 0x44, 0x27, 0xff, 0x57, 0x44, 0x27, 0xff, 0x57, 0x44, 0x27, 0xff,
    0x57, 0x44, 0x27, 0xff, 0x57, 0x44, 0x27, 0xff, 0x57, 0x44, 0x27, 0xff,
    0x57, 0x44, 0x27, 0xff, 0x57, 0x44, 0x27, 0xff, 0x57, 0x44, 0x27, 0xff,
    0x57, 0x44, 0x27, 0xff, 0x57, 0x44, 0x27, 0xff, 0x3f, 0x31, 0x1c, 0xff,
    0x3f, 0x31, 0x1c, 0xff, 0x41, 0x33, 0x1f, 0xff, 0x78, 0x69, 0x52, 0xff,
    0x64, 0x53, 0x38, 0xff, 0x59, 0x46, 0x29, 0xff, 0x57, 0x44, 0x27, 0xff,
    0x57, 0x44, 0x27, 0xff, 0x57, 0x44, 0x27, 0xff, 0x57, 0x44, 0x27, 0xff,
    0x57, 0x44, 0x27, 0xff, 0x57, 0x44, 0x27, 0xff, 0x57, 0x44, 0x27, 0xff,
    0x57, 0x44, 0x27, 0xff, 0x57, 0x44, 0x27, 0xff, 0x57, 0x44, 0x27, 0xff,
    0x57, 0x44, 0x27, 0xff, 0x57, 0x44, 0x27, 0xff, 0x57, 0x44, 0x27, 0xff,
    0x57, 0x44, 0x27, 0xff, 0x57, 0x44, 0x27, 0xff, 0x57, 0x44, 0x27, 0xff,
    0x57, 0x44, 0x27, 0xff, 0x57, 0x44, 0x27, 0xff, 0x57, 0x44, 0x27, 0xff,
    0x57, 0x44, 0x27, 0xff, 0x57, 0x44, 0x27, 0xff, 0x57, 0x44, 0x27, 0xff,
    0x57, 0x44, 0x27, 0xff, 0x57, 0x44, 0x27, 0xff, 0x57, 0x44, 0x27, 0xff,
    0x57, 0x44, 0x27, 0xff, 0x57, 0x44, 0x27, 0xff, 0x57, 0x44, 0x27, 0xff,
    0x57, 0x44, 0x27, 0xff, 0x57, 0x44, 0x27, 0xff, 0x57, 0x44, 0x27, 0xff,
    0x57, 0x44, 0x27, 0xff, 0x57, 0x44, 0x27, 0xff, 0x57, 0x44, 0x27, 0xff,
    0x57, 0x44, 0x27, 0xff, 0x57, 0x44, 0x27, 0xff, 0x57, 0x44, 0x27, 0xff,
    0x57, 0x44, 0x27, 0xff, 0x57, 0x44, 0x27, 0xff, 0x57, 0x44, 0x27, 0xff,
    0x57, 0x44, 0x27, 0xff, 0x57, 0x44, 0x27, 0xff, 0x57, 0x44, 0x27, 0xff,
    0x57, 0x44, 0x27, 0xff, 0x3f, 0x31, 0x1c, 0xff, 0x3f, 0x31, 0x1c, 0xff,
    0x41, 0x33, 0x1f, 0xff, 0x78, 0x69, 0x52, 0xff, 0x64, 0x53, 0x39, 0xff,
    0x59, 0x46, 0x29, 0xff, 0x57, 0x44, 0x27, 0xff, 0x57, 0x44, 0x27, 0xff,
    0x57, 0x44, 0x27, 0xff, 0x57, 0x44, 0x27, 0xff, 0x57, 0x44, 0x27, 0xff,
    0x57, 0x44, 0x27, 0xff, 0x57, 0x44, 0x27, 0xff, 0x57, 0x44, 0x27, 0xff,
    0x57, 0x44, 0x27, 0xff, 0x57, 0x44, 0x27, 0xff, 0x57, 0x44, 0x27, 0xff,
    0x57, 0x44, 0x27, 0xff, 0x57, 0x44, 0x27, 0xff, 0x57, 0x44, 0x27, 0xff,
    0x57, 0x44, 0x27, 0xff, 0x57, 0x44, 0x27, 0xff, 0x57, 0x44, 0x27, 0xff,
    0x57, 0x44, 0x27, 0xff, 0x57, 0x44, 0x27, 0xff, 0x57, 0x44, 0x27, 0xff,
    0x57, 0x44, 0x27, 0xff, 0x57, 0x44, 0x27, 0xff, 0x57, 0x44, 0x27, 0xff,
    0x57, 0x44, 0x27, 0xff, 0x57, 0x44, 0x27, 0xff, 0x57, 0x44, 0x27, 0xff,
    0x57, 0x44, 0x27, 0xff, 0x57, 0x44, 0x27, 0xff, 0x57, 0x44, 0x27, 0xff,
    0x57, 0x44, 0x27, 0xff, 0x57, 0x44, 0x27, 0xff, 0x57, 0x44, 0x27, 0xff,
    0x57, 0x44, 0x27, 0xff, 0x57, 0x44, 0x27, 0xff, 0x57, 0x44, 0x27, 0xff,
    0x57, 0x44, 0x27, 0xff, 0x57, 0x44, 0x27, 0xff, 0x57, 0x44, 0x27, 0xff,
    0x57, 0x44, 0x27, 0xff, 0x57, 0x44, 0x27, 0xff, 0x57, 0x44, 0x27, 0xff,
    0x57, 0x44, 0x27, 0xff, 0x57, 0x44, 0x27, 0xff, 0x57, 0x44, 0x27, 0xff,
    0x3f, 0x31, 0x1c, 0xff, 0x3f, 0x31, 0x1c, 0xff, 0x41, 0x33, 0x1f, 0xff,
    0x78, 0x69, 0x52, 0xff, 0x64, 0x53, 0x39, 0xff, 0x59, 0x46, 0x29, 0xff,
    0x57, 0x44, 0x27, 0xff, 0x57, 0x44, 0x27, 0xff, 0x57, 0x44, 0x27, 0xff,
    0x57, 0x44, 0x27, 0xff, 0x57, 0x44, 0x27, 0xff, 0x57, 0x44, 0x27, 0xff,
    0x57, 0x44, 0x27, 0xff, 0x57, 0x44, 0x27, 0xff, 0x57, 0x44, 0x27, 0xff,
    0x57, 0x44, 0x27, 0xff, 0x57, 0x44, 0x27, 0xff, 0x57, 0x44, 0x27, 0xff,
    0x57, 0x44, 0x27, 0xff, 0x57, 0x44, 0x27, 0xff, 0x57, 0x44, 0x27, 0xff,
    0x57, 0x44, 0x27, 0xff, 0x57, 0x44, 0x27, 0xff, 0x57, 0x44, 0x27, 0xff,
    0x57, 0x44, 0x27, 0xff, 0x57, 0x44, 0x27, 0xff, 0x57, 0x44, 0x27, 0xff,
    0x57, 0x44, 0x27, 0xff, 0x57, 0x44, 0x27, 0xff, 0x57, 0x44, 0x27, 0xff,
    0x57, 0x44, 0x27, 0xff, 0x57, 0x44, 0x27, 0xff, 0x57, 0x44, 0x27, 0xff,
    0x57, 0x44, 0x27, 0xff, 0x57, 0x44, 0x27, 0xff, 0x57, 0x44, 0x27, 0xff,
    0x57, 0x44, 0x27, 0xff, 0x57, 0x44, 0x27, 0xff, 0x57, 0x44, 0x27, 0xff,
    0x57, 0x44, 0x27, 0xff, 0x57, 0x44, 0x27, 0xff, 0x57, 0x44, 0x27, 0xff,
    0x57, 0x44, 0x27, 0xff, 0x57, 0x44, 0x27, 0xff, 0x57, 0x44, 0x27, 0xff,
    0x57, 0x44, 0x27, 0xff, 0x57, 0x44, 0x27, 0xff, 0x57, 0x44, 0x27, 0xff,
    0x57, 0x44, 0x27, 0xff, 0x57, 0x44, 0x27, 0xff, 0x3f, 0x31, 0x1c, 0xff,
    0x3f, 0x31, 0x1c, 0xff, 0x41, 0x33, 0x1f, 0xff, 0x78, 0x69, 0x52, 0xff,
    0x64, 0x53, 0x39, 0xff, 0x59, 0x46, 0x29, 0xff, 0x57, 0x44, 0x27, 0xff,
    0x57, 0x44, 0x27, 0xff, 0x57, 0x44, 0x27, 0xff, 0x57, 0x44, 0x27, 0xff,
    0x57, 0x44, 0x27, 0xff, 0x57, 0x44, 0x27, 0xff, 0x57, 0x44, 0x27, 0xff,
    0x57, 0x44, 0x27, 0xff, 0x57, 0x44, 0x27, 0xff, 0x57, 0x44, 0x27, 0xff,
    0x57, 0x44, 0x27, 0xff, 0x57, 0x44, 0x27, 0xff, 0x57, 0x44, 0x27, 0xff,
    0x57, 0x44, 0x27, 0xff, 0x57, 0x44, 0x27, 0xff, 0x57, 0x44, 0x27, 0xff,
    0x57, 0x44, 0x27, 0xff, 0x57, 0x44, 0x27, 0xff, 0x57, 0x44, 0x27, 0xff,
    0x57, 0x44, 0x27, 0xff, 0x57, 0x44, 0x27, 0xff, 0x57, 0x44, 0x27, 0xff,
    0x57, 0x44, 0x27, 0xff, 0x57, 0x44, 0x27, 0xff, 0x57, 0x44, 0x27, 0xff,
    0x57, 0x44, 0x27, 0xff, 0x57, 0x44, 0x27, 0xff, 0x57, 0x44, 0x27, 0xff,
    0x57, 0x44, 0x27, 0xff, 0x57, 0x44, 0x27, 0xff, 0x57, 0x44, 0x27, 0xff,
    0x57, 0x44, 0x27, 0xff, 0x57, 0x44, 0x27, 0xff, 0x57, 0x44, 0x27, 0xff,
    0x57, 0x44, 0x27, 0xff, 0x57, 0x44, 0x27, 0xff, 0x57, 0x44, 0x27, 0xff,
    0x57, 0x44, 0x27, 0xff, 0x57, 0x44, 0x27, 0xff, 0x57, 0x44, 0x27, 0xff,
    0x57, 0x44, 0x27, 0xff, 0x57, 0x44, 0x27, 0xff, 0x57, 0x44, 0x27, 0xff,
    0x57, 0x44, 0x27, 0xff, 0x3f, 0x31, 0x1c, 0xff, 0x3f, 0x31, 0x1c, 0xff,
    0x41, 0x33, 0x1f, 0xff, 0x78, 0x69, 0x52, 0xff, 0x65, 0x53, 0x39, 0xff,
    0x59, 0x46, 0x29, 0xff, 0x57, 0x44, 0x27, 0xff, 0x57, 0x44, 0x27, 0xff,
    0x57, 0x44, 0x27, 0xff, 0x57, 0x44, 0x27, 0xff, 0x57, 0x44, 0x27, 0xff,
    0x57, 0x44, 0x27, 0xff, 0x57, 0x44, 0x27, 0xff, 0x57, 0x44, 0x27, 0xff,
    0x57, 0x44, 0x27, 0xff, 0x57, 0x44, 0x27, 0xff, 0x57, 0x44, 0x27, 0xff,
    0x57, 0x44, 0x27, 0xff, 0x57, 0x44, 0x27, 0xff, 0x57, 0x44, 0x27, 0xff,
    0x57, 0x44, 0x27, 0xff, 0x57, 0x44, 0x27, 0xff, 0x57, 0x44, 0x27, 0xff,
    0x57, 0x44, 0x27, 0xff, 0x57, 0x44, 0x27, 0xff, 0x57, 0x44, 0x27, 0xff,
    0x57, 0x44, 0x27, 0xff, 0x57, 0x44, 0x27, 0xff, 0x57, 0x44, 0x27, 0xff,
    0x57, 0x44, 0x27, 0xff, 0x57, 0x44, 0x27, 0xff, 0x57, 0x44, 0x27, 0xff,
    0x57, 0x44, 0x27, 0xff, 0x57, 0x44, 0x27, 0xff, 0x57, 0x44, 0x27, 0xff,
    0x57, 0x44, 0x27, 0xff, 0x57, 0x44, 0x27, 0xff, 0x57, 0x44, 0x27, 0xff,
    0x57, 0x44, 0x27, 0xff, 0x57, 0x44, 0x27, 0xff, 0x57, 0x44, 0x27, 0xff,
    0x57, 0x44, 0x27, 0xff, 0x57, 0x44, 0x27, 0xff, 0x57, 0x44, 0x27, 0xff,
    0x57, 0x44, 0x27, 0xff, 0x57, 0x44, 0x27, 0xff, 0x57, 0x44, 0x27, 0xff,
    0x57, 0x44, 0x27, 0xff, 0x57, 0x44, 0x27, 0xff, 0x57, 0x44, 0x27, 0xff,
    0x3f, 0x31, 0x1c, 0xff, 0x3f, 0x31, 0x1c, 0xff, 0x41, 0x33, 0x1f, 0xff,
    0x78, 0x69, 0x52, 0xff, 0x64, 0x53, 0x39, 0xff, 0x59, 0x46, 0x29, 0xff,
    0x57, 0x44, 0x27, 0xff, 0x57, 0x44, 0x27, 0xff, 0x57, 0x44, 0x27, 0xff,
    0x57, 0x44, 0x27, 0xff, 0x57, 0x44, 0x27, 0xff, 0x57, 0x44, 0x27, 0xff,
    0x57, 0x44, 0x27, 0xff, 0x57, 0x44, 0x27, 0xff, 0x57, 0x44, 0x27, 0xff,
    0x57, 0x44, 0x27, 0xff, 0x57, 0x44, 0x27, 0xff, 0x57, 0x44, 0x27, 0xff,
    0x57, 0x44, 0x27, 0xff, 0x57, 0x44, 0x27, 0xff, 0x57, 0x44, 0x27, 0xff,
    0x57, 0x44, 0x27, 0xff, 0x57, 0x44, 0x27, 0xff, 0x57, 0x44, 0x27, 0xff,
    0x57, 0x44, 0x27, 0xff, 0x57, 0x44, 0x27, 0xff, 0x57, 0x44, 0x27, 0xff,
    0x57, 0x44, 0x27, 0xff, 0x57, 0x44, 0x27, 0xff, 0x57, 0x44, 0x27, 0xff,
    0x57, 0x44, 0x27, 0xff, 0x57, 0x44, 0x27, 0xff, 0x57, 0x44, 0x27, 0xff,
    0x57, 0x44, 0x27, 0xff, 0x57, 0x44, 0x27, 0xff, 0x57, 0x44, 0x27, 0xff,
    0x57, 0x44, 0x27, 0xff, 0x57, 0x44, 0x27, 0xff, 0x57, 0x44, 0x27, 0xff,
    0x57, 0x44, 0x27, 0xff, 0x57, 0x44, 0x27, 0xff, 0x57, 0x44, 0x27, 0xff,
    0x57, 0x44, 0x27, 0xff, 0x57, 0x44, 0x27, 0xff, 0x57, 0x44, 0x27, 0xff,
    0x57, 0x44, 0x27, 0xff, 0x57, 0x44, 0x27, 0xff, 0x57, 0x44, 0x27, 0xff,
    0x57, 0x44, 0x27, 0xff, 0x57, 0x44, 0x27, 0xff, 0x3f, 0x31, 0x1c, 0xff,
    0x3f, 0x31, 0x1c, 0xff, 0x41, 0x33, 0x1f, 0xff, 0x78, 0x69, 0x52, 0xff,
    0x64, 0x53, 0x38, 0xff, 0x59, 0x46, 0x29, 0xff, 0x57, 0x44, 0x27, 0xff,
    0x57, 0x44, 0x27, 0xff, 0x57, 0x44, 0x27, 0xff, 0x57, 0x44, 0x27, 0xff,
    0x57, 0x44, 0x27, 0xff, 0x57, 0x44, 0x27, 0xff, 0x57, 0x44, 0x27, 0xff,
    0x57, 0x44, 0x27, 0xff, 0x57, 0x44, 0x27, 0xff, 0x57, 0x44, 0x27, 0xff,
    0x57, 0x44, 0x27, 0xff, 0x57, 0x44, 0x27, 0xff, 0x57, 0x44, 0x27, 0xff,
    0x57, 0x44, 0x27, 0xff, 0x57, 0x44, 0x27, 0xff, 0x57, 0x44, 0x27, 0xff,
    0x57, 0x44, 0x27, 0xff, 0x57, 0x44, 0x27, 0xff, 0x57, 0x44, 0x27, 0xff,
    0x57, 0x44, 0x27, 0xff, 0x57, 0x44, 0x27, 0xff, 0x57, 0x44, 0x27, 0xff,
    0x57, 0x44, 0x27, 0xff, 0x57, 0x44, 0x27, 0xff, 0x57, 0x44, 0x27, 0xff,
    0x57, 0x44, 0x27, 0xff, 0x57, 0x44, 0x27, 0xff, 0x57, 0x44, 0x27, 0xff,
    0x57, 0x44, 0x27, 0xff, 0x57, 0x44, 0x27, 0xff, 0x57, 0x44, 0x27, 0xff,
    0x57, 0x44, 0x27, 0xff, 0x57, 0x44, 0x27, 0xff, 0x57, 0x44, 0x27, 0xff,
    0x57, 0x44, 0x27, 0xff, 0x57, 0x44, 0x27, 0xff, 0x57, 0x44, 0x27, 0xff,
    0x57, 0x44, 0x27, 0xff, 0x57, 0x44, 0x27, 0xff, 0x57, 0x44, 0x27, 0xff,
    0x57, 0x44, 0x27, 0xff, 0x57, 0x44, 0x27, 0xff, 0x57, 0x44, 0x27, 0xff,
    0x57, 0x44, 0x27, 0xff, 0x3f, 0x31, 0x1c, 0xff, 0x3f, 0x31, 0x1c, 0xff,
    0x41, 0x33, 0x1f, 0xff, 0x78, 0x69, 0x52, 0xff, 0x65, 0x53, 0x39, 0xff,
    0x59, 0x46, 0x29, 0xff, 0x57, 0x44, 0x27, 0xff, 0x57, 0x44, 0x27, 0xff,
    0x57, 0x44, 0x27, 0xff, 0x57, 0x44, 0x27, 0xff, 0x57, 0x44, 0x27, 0xff,
    0x57, 0x44, 0x27, 0xff, 0x57, 0x44, 0x27, 0xff, 0x57, 0x44, 0x27, 0xff,
    0x57, 0x44, 0x27, 0xff, 0x57, 0x44, 0x27, 0xff, 0x57, 0x44, 0x27, 0xff,
    0x57, 0x44, 0x27, 0xff, 0x57, 0x44, 0x27, 0xff, 0x57, 0x44, 0x27, 0xff,
    0x57, 0x44, 0x27, 0xff, 0x57, 0x44, 0x27, 0xff, 0x57, 0x44, 0x27, 0xff,
    0x57, 0x44, 0x27, 0xff, 0x57, 0x44, 0x27, 0xff, 0x57, 0x44, 0x27, 0xff,
    0x57, 0x44, 0x27, 0xff, 0x57, 0x44, 0x27, 0xff, 0x57, 0x44, 0x27, 0xff,
    0x57, 0x44, 0x27, 0xff, 0x57, 0x44, 0x27, 0xff, 0x57, 0x44, 0x27, 0xff,
    0x57, 0x44, 0x27, 0xff, 0x57, 0x44, 0x27, 0xff, 0x57, 0x44, 0x27, 0xff,
    0x57, 0x44, 0x27, 0xff, 0x57, 0x44, 0x27, 0xff, 0x57, 0x44, 0x27, 0xff,
    0x57, 0x44, 0x27, 0xff, 0x57, 0x44, 0x27, 0xff, 0x57, 0x44, 0x27, 0xff,
    0x57, 0x44, 0x27, 0xff, 0x57, 0x44, 0x27, 0xff, 0x57, 0x44, 0x27, 0xff,
    0x57, 0x44, 0x27, 0xff, 0x57, 0x44, 0x27, 0xff, 0x57, 0x44, 0x27, 0xff,
    0x57, 0x44, 0x27, 0xff, 0x57, 0x44, 0x27, 0xff, 0x57, 0x44, 0x27, 0xff,
    0x3f, 0x31, 0x1c, 0xff, 0x3f, 0x31, 0x1c, 0xff, 0x41, 0x33, 0x1f, 0xff,
    0x78, 0x69, 0x52, 0xff, 0x65, 0x54, 0x39, 0xff, 0x59, 0x46, 0x29, 0xff,
    0x57, 0x44, 0x27, 0xff, 0x57, 0x44, 0x27, 0xff, 0x57, 0x44, 0x27, 0xff,
    0x57, 0x44, 0x27, 0xff, 0x57, 0x44, 0x27, 0xff, 0x57, 0x44, 0x27, 0xff,
    0x57, 0x44, 0x27, 0xff, 0x57, 0x44, 0x27, 0xff, 0x57, 0x44, 0x27, 0xff,
    0x57, 0x44, 0x27, 0xff, 0x57, 0x44, 0x27, 0xff, 0x57, 0x44, 0x27, 0xff,
    0x57, 0x44, 0x27, 0xff, 0x57, 0x44, 0x27, 0xff, 0x57, 0x44, 0x27, 0xff,
    0x57, 0x44, 0x27, 0xff, 0x57, 0x44, 0x27, 0xff, 0x57, 0x44, 0x27, 0xff,
    0x57, 0x44, 0x27, 0xff, 0x57, 0x44, 0x27, 0xff, 0x57, 0x44, 0x27, 0xff,
    0x57, 0x44, 0x27, 0xff, 0x57, 0x44, 0x27, 0xff, 0x57, 0x44, 0x27, 0xff,
    0x57, 0x44, 0x27, 0xff, 0x57, 0x44, 0x27, 0xff, 0x57, 0x44, 0x27, 0xff,
    0x57, 0x44, 0x27, 0xff, 0x57, 0x44, 0x27, 0xff, 0x57, 0x44, 0x27, 0xff,
    0x57, 0x44, 0x27, 0xff, 0x57, 0x44, 0x27, 0xff, 0x57, 0x44, 0x27, 0xff,
    0x57, 0x44, 0x27, 0xff, 0x57, 0x44, 0x27, 0xff, 0x57, 0x44, 0x27, 0xff,
    0x57, 0x44, 0x27, 0xff, 0x57, 0x44, 0x27, 0xff, 0x57, 0x44, 0x27, 0xff,
    0x57, 0x44, 0x27, 0xff, 0x57, 0x44, 0x27, 0xff, 0x57, 0x44, 0x27, 0xff,
    0x57, 0x44, 0x27, 0xff, 0x57, 0x44, 0x27, 0xff, 0x3f, 0x31, 0x1c, 0xff,
    0x3f, 0x31, 0x1c, 0xff, 0x41, 0x33, 0x1f, 0xff, 0x78, 0x69, 0x52, 0xff,
    0x64, 0x53, 0x39, 0xff, 0x59, 0x46, 0x29, 0xff, 0x57, 0x44, 0x27, 0xff,
    0x57, 0x44, 0x27, 0xff, 0x57, 0x44, 0x27, 0xff, 0x57, 0x44, 0x27, 0xff,
    0x57, 0x44, 0x27, 0xff, 0x57, 0x44, 0x27, 0xff, 0x57, 0x44, 0x27, 0xff,
    0x57, 0x44, 0x27, 0xff, 0x57, 0x44, 0x27, 0xff, 0x57, 0x44, 0x27, 0xff,
    0x57, 0x44, 0x27, 0xff, 0x57, 0x44, 0x27, 0xff, 0x57, 0x44, 0x27, 0xff,
    0x57, 0x44, 0x27, 0xff, 0x57, 0x44, 0x27, 0xff, 0x57, 0x44, 0x27, 0xff,
    0x57, 0x44, 0x27, 0xff, 0x57, 0x44, 0x27, 0xff, 0x57, 0x44, 0x27, 0xff,
    0x57, 0x44, 0x27, 0xff, 0x57, 0x44, 0x27, 0xff, 0x57, 0x44, 0x27, 0xff,
    0x57, 0x44, 0x27, 0xff, 0x57, 0x44, 0x27, 0xff, 0x57, 0x44, 0x27, 0xff,
    0x57, 0x44, 0x27, 0xff, 0x57, 0x44, 0x27, 0xff, 0x57, 0x44, 0x27, 0xff,
    0x57, 0x44, 0x27, 0xff, 0x57, 0x44, 0x27, 0xff, 0x57, 0x44, 0x27, 0xff,
    0x57, 0x44, 0x27, 0xff, 0x57, 0x44, 0x27, 0xff, 0x57, 0x44, 0x27, 0xff,
    0x57, 0x44, 0x27, 0xff, 0x57, 0x44, 0x27, 0xff, 0x57, 0x44, 0x27, 0xff,
    0x57, 0x44, 0x27, 0xff, 0x57, 0x44, 0x27, 0xff, 0x57, 0x44, 0x27, 0xff,
    0x57, 0x44, 0x27, 0xff, 0x57, 0x44, 0x27, 0xff, 0x57, 0x44, 0x27, 0xff,
    0x57, 0x44, 0x27, 0xff, 0x3f, 0x31, 0x1c, 0xff, 0x3f, 0x31, 0x1c, 0xff,
    0x41, 0x33, 0x1f, 0xff, 0x78, 0x69, 0x52, 0xff, 0x65, 0x53, 0x39, 0xff,
    0x59, 0x46, 0x29, 0xff, 0x57, 0x44, 0x27, 0xff, 0x57, 0x44, 0x27, 0xff,
    0x57, 0x44, 0x27, 0xff, 0x57, 0x44, 0x27, 0xff, 0x57, 0x44, 0x27, 0xff,
    0x57, 0x44, 0x27, 0xff, 0x57, 0x44, 0x27, 0xff, 0x57, 0x44, 0x27, 0xff,
    0x57, 0x44, 0x27, 0xff, 0x57, 0x44, 0x27, 0xff, 0x57, 0x44, 0x27, 0xff,
    0x57, 0x44, 0x27, 0xff, 0x57, 0x44, 0x27, 0xff, 0x57, 0x44, 0x27, 0xff,
    0x57, 0x44, 0x27, 0xff, 0x57, 0x44, 0x27, 0xff, 0x57, 0x44, 0x27, 0xff,
    0x57, 0x44, 0x27, 0xff, 0x57, 0x44, 0x27, 0xff, 0x57, 0x44, 0x27, 0xff,
    0x57, 0x44, 0x27, 0xff, 0x57, 0x44, 0x27, 0xff, 0x57, 0x44, 0x27, 0xff,
    0x57, 0x44, 0x27, 0xff, 0x57, 0x44, 0x27, 0xff, 0x57, 0x44, 0x27, 0xff,
    0x57, 0x44, 0x27, 0xff, 0x57, 0x44, 0x27, 0xff, 0x57, 0x44, 0x27, 0xff,
    0x57, 0x44, 0x27, 0xff, 0x57, 0x44, 0x27, 0xff, 0x57, 0x44, 0x27, 0xff,
    0x57, 0x44, 0x27, 0xff, 0x57, 0x44, 0x27, 0xff, 0x57, 0x44, 0x27, 0xff,
    0x57, 0x44, 0x27, 0xff, 0x57, 0x44, 0x27, 0xff, 0x57, 0x44, 0x27, 0xff,
    0x57, 0x44, 0x27, 0xff, 0x57, 0x44, 0x27, 0xff, 0x57, 0x44, 0x27, 0xff,
    0x57, 0x44, 0x27, 0xff, 0x57, 0x44, 0x27, 0xff, 0x57, 0x44, 0x27, 0xff,
    0x3f, 0x31, 0x1c, 0xff, 0x3f, 0x31, 0x1c, 0xff, 0x41, 0x33, 0x1f, 0xff,
    0x78, 0x69, 0x52, 0xff, 0x65, 0x53, 0x39, 0xff, 0x59, 0x46, 0x29, 0xff,
    0x57, 0x44, 0x27, 0xff, 0x57, 0x44, 0x27, 0xff, 0x57, 0x44, 0x27, 0xff,
    0x57, 0x44, 0x27, 0xff, 0x57, 0x44, 0x27, 0xff, 0x57, 0x44, 0x27, 0xff,
    0x57, 0x44, 0x27, 0xff, 0x57, 0x44, 0x27, 0xff, 0x57, 0x44, 0x27, 0xff,
    0x57, 0x44, 0x27, 0xff, 0x57, 0x44, 0x27, 0xff, 0x57, 0x44, 0x27, 0xff,
    0x57, 0x44, 0x27, 0xff, 0x57, 0x44, 0x27, 0xff, 0x57, 0x44, 0x27, 0xff,
    0x57, 0x44, 0x27, 0xff, 0x57, 0x44, 0x27, 0xff, 0x57, 0x44, 0x27, 0xff,
    0x57, 0x44, 0x27, 0xff, 0x57, 0x44, 0x27, 0xff, 0x57, 0x44, 0x27, 0xff,
    0x57, 0x44, 0x27, 0xff, 0x57, 0x44, 0x27, 0xff, 0x57, 0x44, 0x27, 0xff,
    0x57, 0x44, 0x27, 0xff, 0x57, 0x44, 0x27, 0xff, 0x57, 0x44, 0x27, 0xff,
    0x57, 0x44, 0x27, 0xff, 0x57, 0x44, 0x27, 0xff, 0x57, 0x44, 0x27, 0xff,
    0x57, 0x44, 0x27, 0xff, 0x57, 0x44, 0x27, 0xff, 0x57, 0x44, 0x27, 0xff,
    0x57, 0x44, 0x27, 0xff, 0x57, 0x44, 0x27, 0xff, 0x57, 0x44, 0x27, 0xff,
    0x57, 0x44, 0x27, 0xff, 0x57, 0x44, 0x27, 0xff, 0x57, 0x44, 0x27, 0xff,
    0x57, 0x44, 0x27, 0xff, 0x57, 0x44, 0x27, 0xff, 0x57, 0x44, 0x27, 0xff,
    0x57, 0x44, 0x27, 0xff, 0x57, 0x44, 0x27, 0xff, 0x3f, 0x31, 0x1c, 0xff,
    0x3f, 0x31, 0x1c, 0xff, 0x41, 0x33, 0x1f, 0xff, 0x78, 0x69, 0x52, 0xff,
    0x65, 0x53, 0x39, 0xff, 0x59, 0x46, 0x29, 0xff, 0x57, 0x44, 0x27, 0xff,
    0x57, 0x44, 0x27, 0xff, 0x57, 0x44, 0x27, 0xff, 0x57, 0x44, 0x27, 0xff,
    0x57, 0x44, 0x27, 0xff, 0x57, 0x44, 0x27, 0xff, 0x57, 0x44, 0x27, 0xff,
    0x57, 0x44, 0x27, 0xff, 0x57, 0x44, 0x27, 0xff, 0x57, 0x44, 0x27, 0xff,
    0x57, 0x44, 0x27, 0xff, 0x57, 0x44, 0x27, 0xff, 0x57, 0x44, 0x27, 0xff,
    0x57, 0x44, 0x27, 0xff, 0x57, 0x44, 0x27, 0xff, 0x57, 0x44, 0x27, 0xff,
    0x57, 0x44, 0x27, 0xff, 0x57, 0x44, 0x27, 0xff, 0x57, 0x44, 0x27, 0xff,
    0x57, 0x44, 0x27, 0xff, 0x57, 0x44, 0x27, 0xff, 0x57, 0x44, 0x27, 0xff,
    0x57, 0x44, 0x27, 0xff, 0x57, 0x44, 0x27, 0xff, 0x57, 0x44, 0x27, 0xff,
    0x57, 0x44, 0x27, 0xff, 0x57, 0x44, 0x27, 0xff, 0x57, 0x44, 0x27, 0xff,
    0x57, 0x44, 0x27, 0xff, 0x57, 0x44, 0x27, 0xff, 0x57, 0x44, 0x27, 0xff,
    0x57, 0x44, 0x27, 0xff, 0x57, 0x44, 0x27, 0xff, 0x57, 0x44, 0x27, 0xff,
    0x57, 0x44, 0x27, 0xff, 0x57, 0x44, 0x27, 0xff, 0x57, 0x44, 0x27, 0xff,
    0x57, 0x44, 0x27, 0xff, 0x57, 0x44, 0x27, 0xff, 0x57, 0x44, 0x27, 0xff,
    0x57, 0x44, 0x27, 0xff, 0x57, 0x44, 0x27, 0xff, 0x57, 0x44, 0x27, 0xff,
    0x57, 0x44, 0x27, 0xff, 0x3f, 0x31, 0x1c, 0xff, 0x3f, 0x31, 0x1c, 0xff,
    0x41, 0x33, 0x1f, 0xff, 0x78, 0x69, 0x52, 0xff, 0x65, 0x53, 0x39, 0xff,
    0x59, 0x46, 0x29, 0xff, 0x57, 0x44, 0x27, 0xff, 0x57, 0x44, 0x27, 0xff,
    0x57, 0x44, 0x27, 0xff, 0x57, 0x44, 0x27, 0xff, 0x57, 0x44, 0x27, 0xff,
    0x57, 0x44, 0x27, 0xff, 0x57, 0x44, 0x27, 0xff, 0x57, 0x44, 0x27, 0xff,
    0x57, 0x44, 0x27, 0xff, 0x57, 0x44, 0x27, 0xff, 0x57, 0x44, 0x27, 0xff,
    0x57, 0x44, 0x27, 0xff, 0x57, 0x44, 0x27, 0xff, 0x57, 0x44, 0x27, 0xff,
    0x57, 0x44, 0x27, 0xff, 0x57, 0x44, 0x27, 0xff, 0x57, 0x44, 0x27, 0xff,
    0x57, 0x44, 0x27, 0xff, 0x57, 0x44, 0x27, 0xff, 0x57, 0x44, 0x27, 0xff,
    0x57, 0x44, 0x27, 0xff, 0x57, 0x44, 0x27, 0xff, 0x57, 0x44, 0x27, 0xff,
    0x57, 0x44, 0x27, 0xff, 0x57, 0x44, 0x27, 0xff, 0x57, 0x44, 0x27, 0xff,
    0x57, 0x44, 0x27, 0xff, 0x57, 0x44, 0x27, 0xff, 0x57, 0x44, 0x27, 0xff,
    0x57, 0x44, 0x27, 0xff, 0x57, 0x44, 0x27, 0xff, 0x57, 0x44, 0x27, 0xff,
    0x57, 0x44, 0x27, 0xff, 0x57, 0x44, 0x27, 0xff, 0x57, 0x44, 0x27, 0xff,
    0x57, 0x44, 0x27, 0xff, 0x57, 0x44, 0x27, 0xff, 0x57, 0x44, 0x27, 0xff,
    0x57, 0x44, 0x27, 0xff, 0x57, 0x44, 0x27, 0xff, 0x57, 0x44, 0x27, 0xff,
    0x57, 0x44, 0x27, 0xff, 0x57, 0x44, 0x27, 0xff, 0x57, 0x44, 0x27, 0xff,
    0x3f, 0x31, 0x1c, 0xff, 0x3f, 0x31, 0x1c, 0xff, 0x41, 0x33, 0x1f, 0xff,
    0x78, 0x69, 0x52, 0xff, 0x65, 0x53, 0x39, 0xff, 0x59, 0x46, 0x29, 0xff,
    0x57, 0x44, 0x27, 0xff, 0x57, 0x44, 0x27, 0xff, 0x57, 0x44, 0x27, 0xff,
    0x57, 0x44, 0x27, 0xff, 0x57, 0x44, 0x27, 0xff, 0x57, 0x44, 0x27, 0xff,
    0x57, 0x44, 0x27, 0xff, 0x57, 0x44, 0x27, 0xff, 0x57, 0x44, 0x27, 0xff,
    0x57, 0x44, 0x27, 0xff, 0x57, 0x44, 0x27, 0xff, 0x57, 0x44, 0x27, 0xff,
    0x57, 0x44, 0x27, 0xff, 0x57, 0x44, 0x27, 0xff, 0x57, 0x44, 0x27, 0xff,
    0x57, 0x44, 0x27, 0xff, 0x57, 0x44, 0x27, 0xff, 0x57, 0x44, 0x27, 0xff,
    0x57, 0x44, 0x27, 0xff, 0x57, 0x44, 0x27, 0xff, 0x57, 0x44, 0x27, 0xff,
    0x57, 0x44, 0x27, 0xff, 0x57, 0x44, 0x27, 0xff, 0x57, 0x44, 0x27, 0xff,
    0x57, 0x44, 0x27, 0xff, 0x57, 0x44, 0x27, 0xff, 0x57, 0x44, 0x27, 0xff,
    0x57, 0x44, 0x27, 0xff, 0x57, 0x44, 0x27, 0xff, 0x57, 0x44, 0x27, 0xff,
    0x57, 0x44, 0x27, 0xff, 0x57, 0x44, 0x27, 0xff, 0x57, 0x44, 0x27, 0xff,
    0x57, 0x44, 0x27, 0xff, 0x57, 0x44, 0x27, 0xff, 0x57, 0x44, 0x27, 0xff,
    0x57, 0x44, 0x27, 0xff, 0x57, 0x44, 0x27, 0xff, 0x57, 0x44, 0x27, 0xff,
    0x57, 0x44, 0x27, 0xff, 0x57, 0x44, 0x27, 0xff, 0x57, 0x44, 0x27, 0xff,
    0x57, 0x44, 0x27, 0xff, 0x57, 0x44, 0x27, 0xff, 0x3f, 0x31, 0x1c, 0xff,
    0x3f, 0x31, 0x1c, 0xff, 0x41, 0x33, 0x1f, 0xff, 0x78, 0x69, 0x52, 0xff,
    0x64, 0x53, 0x39, 0xff, 0x59, 0x46, 0x29, 0xff, 0x57, 0x44, 0x27, 0xff,
    0x57, 0x44, 0x27, 0xff, 0x57, 0x44, 0x27, 0xff, 0x57, 0x44, 0x27, 0xff,
    0x57, 0x44, 0x27, 0xff, 0x57, 0x44, 0x27, 0xff, 0x57, 0x44, 0x27, 0xff,
    0x57, 0x44, 0x27, 0xff, 0x57, 0x44, 0x27, 0xff, 0x57, 0x44, 0x27, 0xff,
    0x57, 0x44, 0x27, 0xff, 0x57, 0x44, 0x27, 0xff, 0x57, 0x44, 0x27, 0xff,
    0x57, 0x44, 0x27, 0xff, 0x57, 0x44, 0x27, 0xff, 0x57, 0x44, 0x27, 0xff,
    0x57, 0x44, 0x27, 0xff, 0x57, 0x44, 0x27, 0xff, 0x57, 0x44, 0x27, 0xff,
    0x57, 0x44, 0x27, 0xff, 0x57, 0x44, 0x27, 0xff, 0x57, 0x44, 0x27, 0xff,
    0x57, 0x44, 0x27, 0xff, 0x57, 0x44, 0x27, 0xff, 0x57, 0x44, 0x27, 0xff,
    0x57, 0x44, 0x27, 0xff, 0x57, 0x44, 0x27, 0xff, 0x57, 0x44, 0x27, 0xff,
    0x57, 0x44, 0x27, 0xff, 0x57, 0x44, 0x27, 0xff, 0x57, 0x44, 0x27, 0xff,
    0x57, 0x44, 0x27, 0xff, 0x57, 0x44, 0x27, 0xff, 0x57, 0x44, 0x27, 0xff,
    0x57, 0x44, 0x27, 0xff, 0x57, 0x44, 0x27, 0xff, 0x57, 0x44, 0x27, 0xff,
    0x57, 0x44, 0x27, 0xff, 0x57, 0x44, 0x27, 0xff, 0x57, 0x44, 0x27, 0xff,
    0x57, 0x44, 0x27, 0xff, 0x57, 0x44, 0x27, 0xff, 0x57, 0x44, 0x27, 0xff,
    0x57, 0x44, 0x27, 0xff, 0x3f, 0x31, 0x1c, 0xff, 0x3f, 0x31, 0x1c, 0xff,
    0x41, 0x33, 0x1f, 0xff, 0x78, 0x69, 0x52, 0xff, 0x65, 0x53, 0x39, 0xff,
    0x59, 0x46, 0x29, 0xff, 0x57, 0x44, 0x27, 0xff, 0x57, 0x44, 0x27, 0xff,
    0x57, 0x44, 0x27, 0xff, 0x57, 0x44, 0x27, 0xff, 0x57, 0x44, 0x27, 0xff,
    0x57, 0x44, 0x27, 0xff, 0x57, 0x44, 0x27, 0xff, 0x57, 0x44, 0x27, 0xff,
    0x57, 0x44, 0x27, 0xff, 0x57, 0x44, 0x27, 0xff, 0x57, 0x44, 0x27, 0xff,
    0x57, 0x44, 0x27, 0xff, 0x57, 0x44, 0x27, 0xff, 0x57, 0x44, 0x27, 0xff,
    0x57, 0x44, 0x27, 0xff, 0x57, 0x44, 0x27, 0xff, 0x57, 0x44, 0x27, 0xff,
    0x57, 0x44, 0x27, 0xff, 0x57, 0x44, 0x27, 0xff, 0x57, 0x44, 0x27, 0xff,
    0x57, 0x44, 0x27, 0xff, 0x57, 0x44, 0x27, 0xff, 0x57, 0x44, 0x27, 0xff,
    0x57, 0x44, 0x27, 0xff, 0x57, 0x44, 0x27, 0xff, 0x57, 0x44, 0x27, 0xff,
    0x57, 0x44, 0x27, 0xff, 0x57, 0x44, 0x27, 0xff, 0x57, 0x44, 0x27, 0xff,
    0x57, 0x44, 0x27, 0xff, 0x57, 0x44, 0x27, 0xff, 0x57, 0x44, 0x27, 0xff,
    0x57, 0x44, 0x27, 0xff, 0x57, 0x44, 0x27, 0xff, 0x57, 0x44, 0x27, 0xff,
    0x57, 0x44, 0x27, 0xff, 0x57, 0x44, 0x27, 0xff, 0x57, 0x44, 0x27, 0xff,
    0x57, 0x44, 0x27, 0xff, 0x57, 0x44, 0x27, 0xff, 0x57, 0x44, 0x27, 0xff,
    0x57, 0x44, 0x27, 0xff, 0x57, 0x44, 0x27, 0xff, 0x57, 0x44, 0x27, 0xff,
    0x3f, 0x31, 0x1c, 0xff, 0x3f, 0x31, 0x1c, 0xff, 0x41, 0x33, 0x1f, 0xff,
    0x78, 0x69, 0x52, 0xff, 0x64, 0x53, 0x39, 0xff, 0x59, 0x46, 0x29, 0xff,
    0x57, 0x44, 0x27, 0xff, 0x57, 0x44, 0x27, 0xff, 0x57, 0x44, 0x27, 0xff,
    0x57, 0x44, 0x27, 0xff, 0x57, 0x44, 0x27, 0xff, 0x57, 0x44, 0x27, 0xff,
    0x57, 0x44, 0x27, 0xff, 0x57, 0x44, 0x27, 0xff, 0x57, 0x44, 0x27, 0xff,
    0x57, 0x44, 0x27, 0xff, 0x57, 0x44, 0x27, 0xff, 0x57, 0x44, 0x27, 0xff,
    0x57, 0x44, 0x27, 0xff, 0x57, 0x44, 0x27, 0xff, 0x57, 0x44, 0x27, 0xff,
    0x57, 0x44, 0x27, 0xff, 0x57, 0x44, 0x27, 0xff, 0x57, 0x44, 0x27, 0xff,
    0x57, 0x44, 0x27, 0xff, 0x57, 0x44, 0x27, 0xff, 0x57, 0x44, 0x27, 0xff,
    0x57, 0x44, 0x27, 0xff, 0x57, 0x44, 0x27, 0xff, 0x57, 0x44, 0x27, 0xff,
    0x57, 0x44, 0x27, 0xff, 0x57, 0x44, 0x27, 0xff, 0x57, 0x44, 0x27, 0xff,
    0x57, 0x44, 0x27, 0xff, 0x57, 0x44, 0x27, 0xff, 0x57, 0x44, 0x27, 0xff,
    0x57, 0x44, 0x27, 0xff, 0x57, 0x44, 0x27, 0xff, 0x57, 0x44, 0x27, 0xff,
    0x57, 0x44, 0x27, 0xff, 0x57, 0x44, 0x27, 0xff, 0x57, 0x44, 0x27, 0xff,
    0x57, 0x44, 0x27, 0xff, 0x57, 0x44, 0x27, 0xff, 0x57, 0x44, 0x27, 0xff,
    0x57, 0x44, 0x27, 0xff, 0x57, 0x44, 0x27, 0xff, 0x57, 0x44, 0x27, 0xff,
    0x57, 0x44, 0x27, 0xff, 0x57, 0x44, 0x27, 0xff, 0x3f, 0x31, 0x1c, 0xff,
    0x3f, 0x31, 0x1c, 0xff, 0x41, 0x33, 0x1f, 0xff, 0x78, 0x69, 0x52, 0xff,
    0x64, 0x53, 0x39, 0xff, 0x59, 0x46, 0x29, 0xff, 0x57, 0x44, 0x27, 0xff,
    0x57, 0x44, 0x27, 0xff, 0x57, 0x44, 0x27, 0xff, 0x57, 0x44, 0x27, 0xff,
    0x57, 0x44, 0x27, 0xff, 0x57, 0x44, 0x27, 0xff, 0x57, 0x44, 0x27, 0xff,
    0x57, 0x44, 0x27, 0xff, 0x57, 0x44, 0x27, 0xff, 0x57, 0x44, 0x27, 0xff,
    0x57, 0x44, 0x27, 0xff, 0x57, 0x44, 0x27, 0xff, 0x57, 0x44, 0x27, 0xff,
    0x57, 0x44, 0x27, 0xff, 0x57, 0x44, 0x27, 0xff, 0x57, 0x44, 0x27, 0xff,
    0x57, 0x44, 0x27, 0xff, 0x57, 0x44, 0x27, 0xff, 0x57, 0x44, 0x27, 0xff,
    0x57, 0x44, 0x27, 0xff, 0x57, 0x44, 0x27, 0xff, 0x57, 0x44, 0x27, 0xff,
    0x57, 0x44, 0x27, 0xff, 0x57, 0x44, 0x27, 0xff, 0x57, 0x44, 0x27, 0xff,
    0x57, 0x44, 0x27, 0xff, 0x57, 0x44, 0x27, 0xff, 0x57, 0x44, 0x27, 0xff,
    0x57, 0x44, 0x27, 0xff, 0x57, 0x44, 0x27, 0xff, 0x57, 0x44, 0x27, 0xff,
    0x57, 0x44, 0x27, 0xff, 0x57, 0x44, 0x27, 0xff, 0x57, 0x44, 0x27, 0xff,
    0x57, 0x44, 0x27, 0xff, 0x57, 0x44, 0x27, 0xff, 0x57, 0x44, 0x27, 0xff,
    0x57, 0x44, 0x27, 0xff, 0x57, 0x44, 0x27, 0xff, 0x57, 0x44, 0x27, 0xff,
    0x57, 0x44, 0x27, 0xff, 0x57, 0x44, 0x27, 0xff, 0x57, 0x44, 0x27, 0xff,
    0x57, 0x44, 0x27, 0xff, 0x3f, 0x31, 0x1c, 0xff, 0x3f, 0x31, 0x1c, 0xff,
    0x41, 0x33, 0x1f, 0xff, 0x78, 0x69, 0x52, 0xff, 0x64, 0x53, 0x39, 0xff,
    0x59, 0x46, 0x29, 0xff, 0x57, 0x44, 0x27, 0xff, 0x57, 0x44, 0x27, 0xff,
    0x57, 0x44, 0x27, 0xff, 0x57, 0x44, 0x27, 0xff, 0x57, 0x44, 0x27, 0xff,
    0x57, 0x44, 0x27, 0xff, 0x57, 0x44, 0x27, 0xff, 0x57, 0x44, 0x27, 0xff,
    0x57, 0x44, 0x27, 0xff, 0x57, 0x44, 0x27, 0xff, 0x57, 0x44, 0x27, 0xff,
    0x57, 0x44, 0x27, 0xff, 0x57, 0x44, 0x27, 0xff, 0x57, 0x44, 0x27, 0xff,
    0x57, 0x44, 0x27, 0xff, 0x57, 0x44, 0x27, 0xff, 0x57, 0x44, 0x27, 0xff,
    0x57, 0x44, 0x27, 0xff, 0x57, 0x44, 0x27, 0xff, 0x57, 0x44, 0x27, 0xff,
    0x57, 0x44, 0x27, 0xff, 0x57, 0x44, 0x27, 0xff, 0x57, 0x44, 0x27, 0xff,
    0x57, 0x44, 0x27, 0xff, 0x57, 0x44, 0x27, 0xff, 0x57, 0x44, 0x27, 0xff,
    0x57, 0x44, 0x27, 0xff, 0x57, 0x44, 0x27, 0xff, 0x57, 0x44, 0x27, 0xff,
    0x57, 0x44, 0x27, 0xff, 0x57, 0x44, 0x27, 0xff, 0x57, 0x44, 0x27, 0xff,
    0x57, 0x44, 0x27, 0xff, 0x57, 0x44, 0x27, 0xff, 0x57, 0x44, 0x27, 0xff,
    0x57, 0x44, 0x27, 0xff, 0x57, 0x44, 0x27, 0xff, 0x57, 0x44, 0x27, 0xff,
    0x57, 0x44, 0x27, 0xff, 0x57, 0x44, 0x27, 0xff, 0x57, 0x44, 0x27, 0xff,
    0x57, 0x44, 0x27, 0xff, 0x57, 0x44, 0x27, 0xff, 0x57, 0x44, 0x27, 0xff,
    0x3f, 0x31, 0x1c, 0xff, 0x3f, 0x31, 0x1c, 0xff, 0x41, 0x33, 0x1f, 0xff,
    0x78, 0x69, 0x52, 0xff, 0x65, 0x53, 0x39, 0xff, 0x59, 0x46, 0x29, 0xff,
    0x57, 0x44, 0x27, 0xff, 0x57, 0x44, 0x27, 0xff, 0x57, 0x44, 0x27, 0xff,
    0x57, 0x44, 0x27, 0xff, 0x57, 0x44, 0x27, 0xff, 0x57, 0x44, 0x27, 0xff,
    0x57, 0x44, 0x27, 0xff, 0x57, 0x44, 0x27, 0xff, 0x57, 0x44, 0x27, 0xff,
    0x57, 0x44, 0x27, 0xff, 0x57, 0x44, 0x27, 0xff, 0x57, 0x44, 0x27, 0xff,
    0x57, 0x44, 0x27, 0xff, 0x57, 0x44, 0x27, 0xff, 0x57, 0x44, 0x27, 0xff,
    0x57, 0x44, 0x27, 0xff, 0x57, 0x44, 0x27, 0xff, 0x57, 0x44, 0x27, 0xff,
    0x57, 0x44, 0x27, 0xff, 0x57, 0x44, 0x27, 0xff, 0x57, 0x44, 0x27, 0xff,
    0x57, 0x44, 0x27, 0xff, 0x57, 0x44, 0x27, 0xff, 0x57, 0x44, 0x27, 0xff,
    0x57, 0x44, 0x27, 0xff, 0x57, 0x44, 0x27, 0xff, 0x57, 0x44, 0x27, 0xff,
    0x57, 0x44, 0x27, 0xff, 0x57, 0x44, 0x27, 0xff, 0x57, 0x44, 0x27, 0xff,
    0x57, 0x44, 0x27, 0xff, 0x57, 0x44, 0x27, 0xff, 0x57, 0x44, 0x27, 0xff,
    0x57, 0x44, 0x27, 0xff, 0x57, 0x44, 0x27, 0xff, 0x57, 0x44, 0x27, 0xff,
    0x57, 0x44, 0x27, 0xff, 0x57, 0x44, 0x27, 0xff, 0x57, 0x44, 0x27, 0xff,
    0x57, 0x44, 0x27, 0xff, 0x57, 0x44, 0x27, 0xff, 0x57, 0x44, 0x27, 0xff,
    0x57, 0x44, 0x27, 0xff, 0x57, 0x44, 0x27, 0xff, 0x3f, 0x31, 0x1c, 0xff,
    0x3f, 0x31, 0x1c, 0xff, 0x41, 0x33, 0x1f, 0xff, 0x78, 0x69, 0x52, 0xff,
    0x65, 0x53, 0x39, 0xff, 0x59, 0x46, 0x29, 0xff, 0x57, 0x44, 0x27, 0xff,
    0x57, 0x44, 0x27, 0xff, 0x57, 0x44, 0x27, 0xff, 0x57, 0x44, 0x27, 0xff,
    0x57, 0x44, 0x27, 0xff, 0x57, 0x44, 0x27, 0xff, 0x57, 0x44, 0x27, 0xff,
    0x57, 0x44, 0x27, 0xff, 0x57, 0x44, 0x27, 0xff, 0x57, 0x44, 0x27, 0xff,
    0x57, 0x44, 0x27, 0xff, 0x57, 0x44, 0x27, 0xff, 0x57, 0x44, 0x27, 0xff,
    0x57, 0x44, 0x27, 0xff, 0x57, 0x44, 0x27, 0xff, 0x57, 0x44, 0x27, 0xff,
    0x57, 0x44, 0x27, 0xff, 0x57, 0x44, 0x27, 0xff, 0x57, 0x44, 0x27, 0xff,
    0x57, 0x44, 0x27, 0xff, 0x57, 0x44, 0x27, 0xff, 0x57, 0x44, 0x27, 0xff,
    0x57, 0x44, 0x27, 0xff, 0x57, 0x44, 0x27, 0xff, 0x57, 0x44, 0x27, 0xff,
    0x57, 0x44, 0x27, 0xff, 0x57, 0x44, 0x27, 0xff, 0x57, 0x44, 0x27, 0xff,
    0x57, 0x44, 0x27, 0xff, 0x57, 0x44, 0x27, 0xff, 0x57, 0x44, 0x27, 0xff,
    0x57, 0x44, 0x27, 0xff, 0x57, 0x44, 0x27, 0xff, 0x57, 0x44, 0x27, 0xff,
    0x57, 0x44, 0x27, 0xff, 0x57, 0x44, 0x27, 0xff, 0x57, 0x44, 0x27, 0xff,
    0x57, 0x44, 0x27, 0xff, 0x57, 0x44, 0x27, 0xff, 0x57, 0x44, 0x27, 0xff,
    0x57, 0x44, 0x27, 0xff, 0x57, 0x44, 0x27, 0xff, 0x57, 0x44, 0x27, 0xff,
    0x57, 0x44, 0x27, 0xff, 0x3f, 0x31, 0x1c, 0xff, 0x3f, 0x31, 0x1c, 0xff,
    0x41, 0x33, 0x1f, 0xff, 0x78, 0x69, 0x52, 0xff, 0x64, 0x53, 0x39, 0xff,
    0x59, 0x46, 0x29, 0xff, 0x57, 0x44, 0x27, 0xff, 0x57, 0x44, 0x27, 0xff,
    0x57, 0x44, 0x27, 0xff, 0x57, 0x44, 0x27, 0xff, 0x57, 0x44, 0x27, 0xff,
    0x57, 0x44, 0x27, 0xff, 0x57, 0x44, 0x27, 0xff, 0x57, 0x44, 0x27, 0xff,
    0x57, 0x44, 0x27, 0xff, 0x57, 0x44, 0x27, 0xff, 0x57, 0x44, 0x27, 0xff,
    0x57, 0x44, 0x27, 0xff, 0x57, 0x44, 0x27, 0xff, 0x57, 0x44, 0x27, 0xff,
    0x57, 0x44, 0x27, 0xff, 0x57, 0x44, 0x27, 0xff, 0x57, 0x44, 0x27, 0xff,
    0x57, 0x44, 0x27, 0xff, 0x57, 0x44, 0x27, 0xff, 0x57, 0x44, 0x27, 0xff,
    0x57, 0x44, 0x27, 0xff, 0x57, 0x44, 0x27, 0xff, 0x57, 0x44, 0x27, 0xff,
    0x57, 0x44, 0x27, 0xff, 0x57, 0x44, 0x27, 0xff, 0x57, 0x44, 0x27, 0xff,
    0x57, 0x44, 0x27, 0xff, 0x57, 0x44, 0x27, 0xff, 0x57, 0x44, 0x27, 0xff,
    0x57, 0x44, 0x27, 0xff, 0x57, 0x44, 0x27, 0xff, 0x57, 0x44, 0x27, 0xff,
    0x57, 0x44, 0x27, 0xff, 0x57, 0x44, 0x27, 0xff, 0x57, 0x44, 0x27, 0xff,
    0x57, 0x44, 0x27, 0xff, 0x57, 0x44, 0x27, 0xff, 0x57, 0x44, 0x27, 0xff,
    0x57, 0x44, 0x27, 0xff, 0x57, 0x44, 0x27, 0xff, 0x57, 0x44, 0x27, 0xff,
    0x57, 0x44, 0x27, 0xff, 0x57, 0x44, 0x27, 0xff, 0x57, 0x44, 0x27, 0xff,
    0x3f, 0x31, 0x1c, 0xff, 0x3f, 0x31, 0x1c, 0xff, 0x41, 0x33, 0x1f, 0xff,
    0x78, 0x69, 0x52, 0xff, 0x65, 0x53, 0x39, 0xff, 0x59, 0x46, 0x29, 0xff,
    0x57, 0x44, 0x27, 0xff, 0x57, 0x44, 0x27, 0xff, 0x57, 0x44, 0x27, 0xff,
    0x57, 0x44, 0x27, 0xff, 0x57, 0x44, 0x27, 0xff, 0x57, 0x44, 0x27, 0xff,
    0x57, 0x44, 0x27, 0xff, 0x57, 0x44, 0x27, 0xff, 0x57, 0x44, 0x27, 0xff,
    0x57, 0x44, 0x27, 0xff, 0x57, 0x44, 0x27, 0xff, 0x57, 0x44, 0x27, 0xff,
    0x57, 0x44, 0x27, 0xff, 0x57, 0x44, 0x27, 0xff, 0x57, 0x44, 0x27, 0xff,
    0x57, 0x44, 0x27, 0xff, 0x57, 0x44, 0x27, 0xff, 0x57, 0x44, 0x27, 0xff,
    0x57, 0x44, 0x27, 0xff, 0x57, 0x44, 0x27, 0xff, 0x57, 0x44, 0x27, 0xff,
    0x57, 0x44, 0x27, 0xff, 0x57, 0x44, 0x27, 0xff, 0x57, 0x44, 0x27, 0xff,
    0x57, 0x44, 0x27, 0xff, 0x57, 0x44, 0x27, 0xff, 0x57, 0x44, 0x27, 0xff,
    0x57, 0x44, 0x27, 0xff, 0x57, 0x44, 0x27, 0xff, 0x57, 0x44, 0x27, 0xff,
    0x57, 0x44, 0x27, 0xff, 0x57, 0x44, 0x27, 0xff, 0x57, 0x44, 0x27, 0xff,
    0x57, 0x44, 0x27, 0xff, 0x57, 0x44, 0x27, 0xff, 0x57, 0x44, 0x27, 0xff,
    0x57, 0x44, 0x27, 0xff, 0x57, 0x44, 0x27, 0xff, 0x57, 0x44, 0x27, 0xff,
    0x57, 0x44, 0x27, 0xff, 0x57, 0x44, 0x27, 0xff, 0x57, 0x44, 0x27, 0xff,
    0x57, 0x44, 0x27, 0xff, 0x57, 0x44, 0x27, 0xff, 0x3f, 0x31, 0x1c, 0xff,
    0x3f, 0x31, 0x1c, 0xff, 0x41, 0x33, 0x1f, 0xff, 0x78, 0x69, 0x52, 0xff,
    0x64, 0x53, 0x39, 0xff, 0x59, 0x46, 0x29, 0xff, 0x57, 0x44, 0x27, 0xff,
    0x57, 0x44, 0x27, 0xff, 0x57, 0x44, 0x27, 0xff, 0x57, 0x44, 0x27, 0xff,
    0x57, 0x44, 0x27, 0xff, 0x57, 0x44, 0x27, 0xff, 0x57, 0x44, 0x27, 0xff,
    0x57, 0x44, 0x27, 0xff, 0x57, 0x44, 0x27, 0xff, 0x57, 0x44, 0x27, 0xff,
    0x57, 0x44, 0x27, 0xff, 0x57, 0x44, 0x27, 0xff, 0x57, 0x44, 0x27, 0xff,
    0x57, 0x44, 0x27, 0xff, 0x57, 0x44, 0x27, 0xff, 0x57, 0x44, 0x27, 0xff,
    0x57, 0x44, 0x27, 0xff, 0x57, 0x44, 0x27, 0xff, 0x57, 0x44, 0x27, 0xff,
    0x57, 0x44, 0x27, 0xff, 0x57, 0x44, 0x27, 0xff, 0x57, 0x44, 0x27, 0xff,
    0x57, 0x44, 0x27, 0xff, 0x57, 0x44, 0x27, 0xff, 0x57, 0x44, 0x27, 0xff,
    0x57, 0x44, 0x27, 0xff, 0x57, 0x44, 0x27, 0xff, 0x57, 0x44, 0x27, 0xff,
    0x57, 0x44, 0x27, 0xff, 0x57, 0x44, 0x27, 0xff, 0x57, 0x44, 0x27, 0xff,
    0x57, 0x44, 0x27, 0xff, 0x57, 0x44, 0x27, 0xff, 0x57, 0x44, 0x27, 0xff,
    0x57, 0x44, 0x27, 0xff, 0x57, 0x44, 0x27, 0xff, 0x57, 0x44, 0x27, 0xff,
    0x57, 0x44, 0x27, 0xff, 0x57, 0x44, 0x27, 0xff, 0x57, 0x44, 0x27, 0xff,
    0x57, 0x44, 0x27, 0xff, 0x57, 0x44, 0x27, 0xff, 0x57, 0x44, 0x27, 0xff,
    0x57, 0x44, 0x27, 0xff, 0x3f, 0x31, 0x1c, 0xff, 0x3f, 0x31, 0x1c, 0xff,
    0x41, 0x33, 0x1f, 0xff, 0x78, 0x69, 0x52, 0xff, 0x64, 0x53, 0x39, 0xff,
    0x59, 0x46, 0x29, 0xff, 0x57, 0x44, 0x27, 0xff, 0x57, 0x44, 0x27, 0xff,
    0x57, 0x44, 0x27, 0xff, 0x57, 0x44, 0x27, 0xff, 0x57, 0x44, 0x27, 0xff,
    0x57, 0x44, 0x27, 0xff, 0x57, 0x44, 0x27, 0xff, 0x57, 0x44, 0x27, 0xff,
    0x57, 0x44, 0x27, 0xff, 0x57, 0x44, 0x27, 0xff, 0x57, 0x44, 0x27, 0xff,
    0x57, 0x44, 0x27, 0xff, 0x57, 0x44, 0x27, 0xff, 0x57, 0x44, 0x27, 0xff,
    0x57, 0x44, 0x27, 0xff, 0x57, 0x44, 0x27, 0xff, 0x57, 0x44, 0x27, 0xff,
    0x57, 0x44, 0x27, 0xff, 0x57, 0x44, 0x27, 0xff, 0x57, 0x44, 0x27, 0xff,
    0x57, 0x44, 0x27, 0xff, 0x57, 0x44, 0x27, 0xff, 0x57, 0x44, 0x27, 0xff,
    0x57, 0x44, 0x27, 0xff, 0x57, 0x44, 0x27, 0xff, 0x57, 0x44, 0x27, 0xff,
    0x57, 0x44, 0x27, 0xff, 0x57, 0x44, 0x27, 0xff, 0x57, 0x44, 0x27, 0xff,
    0x57, 0x44, 0x27, 0xff, 0x57, 0x44, 0x27, 0xff, 0x57, 0x44, 0x27, 0xff,
    0x57, 0x44, 0x27, 0xff, 0x57, 0x44, 0x27, 0xff, 0x57, 0x44, 0x27, 0xff,
    0x57, 0x44, 0x27, 0xff, 0x57, 0x44, 0x27, 0xff, 0x57, 0x44, 0x27, 0xff,
    0x57, 0x44, 0x27, 0xff, 0x57, 0x44, 0x27, 0xff, 0x57, 0x44, 0x27, 0xff,
    0x57, 0x44, 0x27, 0xff, 0x57, 0x44, 0x27, 0xff, 0x57, 0x44, 0x27, 0xff,
    0x3f, 0x31, 0x1c, 0xff, 0x3f, 0x31, 0x1c, 0xff, 0x41, 0x33, 0x1f, 0xff,
    0x78, 0x69, 0x52, 0xff, 0x65, 0x53, 0x39, 0xff, 0x59, 0x46, 0x29, 0xff,
    0x57, 0x44, 0x27, 0xff, 0x57, 0x44, 0x27, 0xff, 0x57, 0x44, 0x27, 0xff,
    0x57, 0x44, 0x27, 0xff, 0x57, 0x44, 0x27, 0xff, 0x57, 0x44, 0x27, 0xff,
    0x57, 0x44, 0x27, 0xff, 0x57, 0x44, 0x27, 0xff, 0x57, 0x44, 0x27, 0xff,
    0x57, 0x44, 0x27, 0xff, 0x57, 0x44, 0x27, 0xff, 0x57, 0x44, 0x27, 0xff,
    0x57, 0x44, 0x27, 0xff, 0x57, 0x44, 0x27, 0xff, 0x57, 0x44, 0x27, 0xff,
    0x57, 0x44, 0x27, 0xff, 0x57, 0x44, 0x27, 0xff, 0x57, 0x44, 0x27, 0xff,
    0x57, 0x44, 0x27, 0xff, 0x57, 0x44, 0x27, 0xff, 0x57, 0x44, 0x27, 0xff,
    0x57, 0x44, 0x27, 0xff, 0x57, 0x44, 0x27, 0xff, 0x57, 0x44, 0x27, 0xff,
    0x57, 0x44, 0x27, 0xff, 0x57, 0x44, 0x27, 0xff, 0x57, 0x44, 0x27, 0xff,
    0x57, 0x44, 0x27, 0xff, 0x57, 0x44, 0x27, 0xff, 0x57, 0x44, 0x27, 0xff,
    0x57, 0x44, 0x27, 0xff, 0x57, 0x44, 0x27, 0xff, 0x57, 0x44, 0x27, 0xff,
    0x57, 0x44, 0x27, 0xff, 0x57, 0x44, 0x27, 0xff, 0x57, 0x44, 0x27, 0xff,
    0x57, 0x44, 0x27, 0xff, 0x57, 0x44, 0x27, 0xff, 0x57, 0x44, 0x27, 0xff,
    0x57, 0x44, 0x27, 0xff, 0x57, 0x44, 0x27, 0xff, 0x57, 0x44, 0x27, 0xff,
    0x57, 0x44, 0x27, 0xff, 0x57, 0x44, 0x27, 0xff, 0x3f, 0x31, 0x1c, 0xff,
    0x3f, 0x31, 0x1c, 0xff, 0x41, 0x33, 0x1f, 0xff, 0x78, 0x69, 0x52, 0xff,
    0x65, 0x53, 0x39, 0xff, 0x59, 0x46, 0x29, 0xff, 0x57, 0x44, 0x27, 0xff,
    0x57, 0x44, 0x27, 0xff, 0x57, 0x44, 0x27, 0xff, 0x57, 0x44, 0x27, 0xff,
    0x57, 0x44, 0x27, 0xff, 0x57, 0x44, 0x27, 0xff, 0x57, 0x44, 0x27, 0xff,
    0x57, 0x44, 0x27, 0xff, 0x57, 0x44, 0x27, 0xff, 0x57, 0x44, 0x27, 0xff,
    0x57, 0x44, 0x27, 0xff, 0x57, 0x44, 0x27, 0xff, 0x57, 0x44, 0x27, 0xff,
    0x57, 0x44, 0x27, 0xff, 0x57, 0x44, 0x27, 0xff, 0x57, 0x44, 0x27, 0xff,
    0x57, 0x44, 0x27, 0xff, 0x57, 0x44, 0x27, 0xff, 0x57, 0x44, 0x27, 0xff,
    0x57, 0x44, 0x27, 0xff, 0x57, 0x44, 0x27, 0xff, 0x57, 0x44, 0x27, 0xff,
    0x57, 0x44, 0x27, 0xff, 0x57, 0x44, 0x27, 0xff, 0x57, 0x44, 0x27, 0xff,
    0x57, 0x44, 0x27, 0xff, 0x57, 0x44, 0x27, 0xff, 0x57, 0x44, 0x27, 0xff,
    0x57, 0x44, 0x27, 0xff, 0x57, 0x44, 0x27, 0xff, 0x57, 0x44, 0x27, 0xff,
    0x57, 0x44, 0x27, 0xff, 0x57, 0x44, 0x27, 0xff, 0x57, 0x44, 0x27, 0xff,
    0x57, 0x44, 0x27, 0xff, 0x57, 0x44, 0x27, 0xff, 0x57, 0x44, 0x27, 0xff,
    0x57, 0x44, 0x27, 0xff, 0x57, 0x44, 0x27, 0xff, 0x57, 0x44, 0x27, 0xff,
    0x57, 0x44, 0x27, 0xff, 0x57, 0x44, 0x27, 0xff, 0x57, 0x44, 0x27, 0xff,
    0x57, 0x44, 0x27, 0xff, 0x3f, 0x31, 0x1c, 0xff, 0x3f, 0x31, 0x1c, 0xff,
    0x41, 0x33, 0x1f, 0xff, 0x78, 0x69, 0x52, 0xff, 0x64, 0x53, 0x38, 0xff,
    0x59, 0x46, 0x29, 0xff, 0x57, 0x44, 0x27, 0xff, 0x57, 0x44, 0x27, 0xff,
    0x57, 0x44, 0x27, 0xff, 0x57, 0x44, 0x27, 0xff, 0x57, 0x44, 0x27, 0xff,
    0x57, 0x44, 0x27, 0xff, 0x57, 0x44, 0x27, 0xff, 0x57, 0x44, 0x27, 0xff,
    0x57, 0x44, 0x27, 0xff, 0x57, 0x44, 0x27, 0xff, 0x57, 0x44, 0x27, 0xff,
    0x57, 0x44, 0x27, 0xff, 0x57, 0x44, 0x27, 0xff, 0x57, 0x44, 0x27, 0xff,
    0x57, 0x44, 0x27, 0xff, 0x57, 0x44, 0x27, 0xff, 0x57, 0x44, 0x27, 0xff,
    0x57, 0x44, 0x27, 0xff, 0x57, 0x44, 0x27, 0xff, 0x57, 0x44, 0x27, 0xff,
    0x57, 0x44, 0x27, 0xff, 0x57, 0x44, 0x27, 0xff, 0x57, 0x44, 0x27, 0xff,
    0x57, 0x44, 0x27, 0xff, 0x57, 0x44, 0x27, 0xff, 0x57, 0x44, 0x27, 0xff,
    0x57, 0x44, 0x27, 0xff, 0x57, 0x44, 0x27, 0xff, 0x57, 0x44, 0x27, 0xff,
    0x57, 0x44, 0x27, 0xff, 0x57, 0x44, 0x27, 0xff, 0x57, 0x44, 0x27, 0xff,
    0x57, 0x44, 0x27, 0xff, 0x57, 0x44, 0x27, 0xff, 0x57, 0x44, 0x27, 0xff,
    0x57, 0x44, 0x27, 0xff, 0x57, 0x44, 0x27, 0xff, 0x57, 0x44, 0x27, 0xff,
    0x57, 0x44, 0x27, 0xff, 0x57, 0x44, 0x27, 0xff, 0x57, 0x44, 0x27, 0xff,
    0x57, 0x44, 0x27, 0xff, 0x57, 0x44, 0x27, 0xff, 0x57, 0x44, 0x27, 0xff,
    0x3f, 0x31, 0x1c, 0xff, 0x3f, 0x31, 0x1c, 0xff, 0x41, 0x33, 0x1f, 0xff,
    0x78, 0x69, 0x52, 0xff, 0x65, 0x53, 0x39, 0xff, 0x59, 0x46, 0x29, 0xff,
    0x57, 0x44, 0x27, 0xff, 0x57, 0x44, 0x27, 0xff, 0x57, 0x44, 0x27, 0xff,
    0x57, 0x44, 0x27, 0xff, 0x57, 0x44, 0x27, 0xff, 0x57, 0x44, 0x27, 0xff,
    0x57, 0x44, 0x27, 0xff, 0x57, 0x44, 0x27, 0xff, 0x57, 0x44, 0x27, 0xff,
    0x57, 0x44, 0x27, 0xff, 0x57, 0x44, 0x27, 0xff, 0x57, 0x44, 0x27, 0xff,
    0x57, 0x44, 0x27, 0xff, 0x57, 0x44, 0x27, 0xff, 0x57, 0x44, 0x27, 0xff,
    0x57, 0x44, 0x27, 0xff, 0x57, 0x44, 0x27, 0xff, 0x57, 0x44, 0x27, 0xff,
    0x57, 0x44, 0x27, 0xff, 0x57, 0x44, 0x27, 0xff, 0x57, 0x44, 0x27, 0xff,
    0x57, 0x44, 0x27, 0xff, 0x57, 0x44, 0x27, 0xff, 0x57, 0x44, 0x27, 0xff,
    0x57, 0x44, 0x27, 0xff, 0x57, 0x44, 0x27, 0xff, 0x57, 0x44, 0x27, 0xff,
    0x57, 0x44, 0x27, 0xff, 0x57, 0x44, 0x27, 0xff, 0x57, 0x44, 0x27, 0xff,
    0x57, 0x44, 0x27, 0xff, 0x57, 0x44, 0x27, 0xff, 0x57, 0x44, 0x27, 0xff,
    0x57, 0x44, 0x27, 0xff, 0x57, 0x44, 0x27, 0xff, 0x57, 0x44, 0x27, 0xff,
    0x57, 0x44, 0x27, 0xff, 0x57, 0x44, 0x27, 0xff, 0x57, 0x44, 0x27, 0xff,
    0x57, 0x44, 0x27, 0xff, 0x57, 0x44, 0x27, 0xff, 0x57, 0x44, 0x27, 0xff,
    0x57, 0x44, 0x27, 0xff, 0x57, 0x44, 0x27, 0xff, 0x3f, 0x31, 0x1c, 0xff,
    0x3f, 0x31, 0x1c, 0xff, 0x41, 0x33, 0x1f, 0xff, 0x78, 0x69, 0x52, 0xff,
    0x65, 0x53, 0x39, 0xff, 0x59, 0x46, 0x29, 0xff, 0x57, 0x44, 0x27, 0xff,
    0x57, 0x44, 0x27, 0xff, 0x57, 0x44, 0x27, 0xff, 0x57, 0x44, 0x27, 0xff,
    0x57, 0x44, 0x27, 0xff, 0x57, 0x44, 0x27, 0xff, 0x57, 0x44, 0x27, 0xff,
    0x57, 0x44, 0x27, 0xff, 0x57, 0x44, 0x27, 0xff, 0x57, 0x44, 0x27, 0xff,
    0x57, 0x44, 0x27, 0xff, 0x57, 0x44, 0x27, 0xff, 0x57, 0x44, 0x27, 0xff,
    0x57, 0x44, 0x27, 0xff, 0x57, 0x44, 0x27, 0xff, 0x57, 0x44, 0x27, 0xff,
    0x57, 0x44, 0x27, 0xff, 0x57, 0x44, 0x27, 0xff, 0x57, 0x44, 0x27, 0xff,
    0x57, 0x44, 0x27, 0xff, 0x57, 0x44, 0x27, 0xff, 0x57, 0x44, 0x27, 0xff,
    0x57, 0x44, 0x27, 0xff, 0x57, 0x44, 0x27, 0xff, 0x57, 0x44, 0x27, 0xff,
    0x57, 0x44, 0x27, 0xff, 0x57, 0x44, 0x27, 0xff, 0x57, 0x44, 0x27, 0xff,
    0x57, 0x44, 0x27, 0xff, 0x57, 0x44, 0x27, 0xff, 0x57, 0x44, 0x27, 0xff,
    0x57, 0x44, 0x27, 0xff, 0x57, 0x44, 0x27, 0xff, 0x57, 0x44, 0x27, 0xff,
    0x57, 0x44, 0x27, 0xff, 0x57, 0x44, 0x27, 0xff, 0x57, 0x44, 0x27, 0xff,
    0x57, 0x44, 0x27, 0xff, 0x57, 0x44, 0x27, 0xff, 0x57, 0x44, 0x27, 0xff,
    0x57, 0x44, 0x27, 0xff, 0x57, 0x44, 0x27, 0xff, 0x57, 0x44, 0x27, 0xff,
    0x57, 0x44, 0x27, 0xff, 0x3f, 0x31, 0x1c, 0xff, 0x3f, 0x31, 0x1c, 0xff,
    0x41, 0x33, 0x1f, 0xff, 0x78, 0x69, 0x52, 0xff, 0x64, 0x53, 0x39, 0xff,
    0x59, 0x46, 0x29, 0xff, 0x57, 0x44, 0x27, 0xff, 0x57, 0x44, 0x27, 0xff,
    0x57, 0x44, 0x27, 0xff, 0x57, 0x44, 0x27, 0xff, 0x57, 0x44, 0x27, 0xff,
    0x57, 0x44, 0x27, 0xff, 0x57, 0x44, 0x27, 0xff, 0x57, 0x44, 0x27, 0xff,
    0x57, 0x44, 0x27, 0xff, 0x57, 0x44, 0x27, 0xff, 0x57, 0x44, 0x27, 0xff,
    0x57, 0x44, 0x27, 0xff, 0x57, 0x44, 0x27, 0xff, 0x57, 0x44, 0x27, 0xff,
    0x57, 0x44, 0x27, 0xff, 0x57, 0x44, 0x27, 0xff, 0x57, 0x44, 0x27, 0xff,
    0x57, 0x44, 0x27, 0xff, 0x57, 0x44, 0x27, 0xff, 0x57, 0x44, 0x27, 0xff,
    0x57, 0x44, 0x27, 0xff, 0x57, 0x44, 0x27, 0xff, 0x57, 0x44, 0x27, 0xff,
    0x57, 0x44, 0x27, 0xff, 0x57, 0x44, 0x27, 0xff, 0x57, 0x44, 0x27, 0xff,
    0x57, 0x44, 0x27, 0xff, 0x57, 0x44, 0x27, 0xff, 0x57, 0x44, 0x27, 0xff,
    0x57, 0x44, 0x27, 0xff, 0x57, 0x44, 0x27, 0xff, 0x57, 0x44, 0x27, 0xff,
    0x57, 0x44, 0x27, 0xff, 0x57, 0x44, 0x27, 0xff, 0x57, 0x44, 0x27, 0xff,
    0x57, 0x44, 0x27, 0xff, 0x57, 0x44, 0x27, 0xff, 0x57, 0x44, 0x27, 0xff,
    0x57, 0x44, 0x27, 0xff, 0x57, 0x44, 0x27, 0xff, 0x57, 0x44, 0x27, 0xff,
    0x57, 0x44, 0x27, 0xff, 0x57, 0x44, 0x27, 0xff, 0x57, 0x44, 0x27, 0xff,
    0x3f, 0x31, 0x1c, 0xff, 0x3f, 0x31, 0x1c, 0xff, 0x41, 0x33, 0x1f, 0xff,
    0x78, 0x69, 0x52, 0xff, 0x64, 0x53, 0x39, 0xff, 0x59, 0x46, 0x29, 0xff,
    0x57, 0x44, 0x27, 0xff, 0x57, 0x44, 0x27, 0xff, 0x57, 0x44, 0x27, 0xff,
    0x57, 0x44, 0x27, 0xff, 0x57, 0x44, 0x27, 0xff, 0x57, 0x44, 0x27, 0xff,
    0x57, 0x44, 0x27, 0xff, 0x57, 0x44, 0x27, 0xff, 0x57, 0x44, 0x27, 0xff,
    0x57, 0x44, 0x27, 0xff, 0x57, 0x44, 0x27, 0xff, 0x57, 0x44, 0x27, 0xff,
    0x57, 0x44, 0x27, 0xff, 0x57, 0x44, 0x27, 0xff, 0x57, 0x44, 0x27, 0xff,
    0x57, 0x44, 0x27, 0xff, 0x57, 0x44, 0x27, 0xff, 0x57, 0x44, 0x27, 0xff,
    0x57, 0x44, 0x27, 0xff, 0x57, 0x44, 0x27, 0xff, 0x57, 0x44, 0x27, 0xff,
    0x57, 0x44, 0x27, 0xff, 0x57, 0x44, 0x27, 0xff, 0x57, 0x44, 0x27, 0xff,
    0x57, 0x44, 0x27, 0xff, 0x57, 0x44, 0x27, 0xff, 0x57, 0x44, 0x27, 0xff,
    0x57, 0x44, 0x27, 0xff, 0x57, 0x44, 0x27, 0xff, 0x57, 0x44, 0x27, 0xff,
    0x57, 0x44, 0x27, 0xff, 0x57, 0x44, 0x27, 0xff, 0x57, 0x44, 0x27, 0xff,
    0x57, 0x44, 0x27, 0xff, 0x57, 0x44, 0x27, 0xff, 0x57, 0x44, 0x27, 0xff,
    0x57, 0x44, 0x27, 0xff, 0x57, 0x44, 0x27, 0xff, 0x57, 0x44, 0x27, 0xff,
    0x57, 0x44, 0x27, 0xff, 0x57, 0x44, 0x27, 0xff, 0x57, 0x44, 0x27, 0xff,
    0x57, 0x44, 0x27, 0xff, 0x57, 0x44, 0x27, 0xff, 0x3f, 0x31, 0x1c, 0xff,
    0x3f, 0x31, 0x1c, 0xff, 0x41, 0x33, 0x1f, 0xff, 0x78, 0x69, 0x52, 0xff,
    0x64, 0x53, 0x39, 0xff, 0x59, 0x46, 0x29, 0xff, 0x57, 0x44, 0x27, 0xff,
    0x57, 0x44, 0x27, 0xff, 0x57, 0x44, 0x27, 0xff, 0x57, 0x44, 0x27, 0xff,
    0x57, 0x44, 0x27, 0xff, 0x57, 0x44, 0x27, 0xff, 0x57, 0x44, 0x27, 0xff,
    0x57, 0x44, 0x27, 0xff, 0x57, 0x44, 0x27, 0xff, 0x57, 0x44, 0x27, 0xff,
    0x57, 0x44, 0x27, 0xff, 0x57, 0x44, 0x27, 0xff, 0x57, 0x44, 0x27, 0xff,
    0x57, 0x44, 0x27, 0xff, 0x57, 0x44, 0x27, 0xff, 0x57, 0x44, 0x27, 0xff,
    0x57, 0x44, 0x27, 0xff, 0x57, 0x44, 0x27, 0xff, 0x57, 0x44, 0x27, 0xff,
    0x57, 0x44, 0x27, 0xff, 0x57, 0x44, 0x27, 0xff, 0x57, 0x44, 0x27, 0xff,
    0x57, 0x44, 0x27, 0xff, 0x57, 0x44, 0x27, 0xff, 0x57, 0x44, 0x27, 0xff,
    0x57, 0x44, 0x27, 0xff, 0x57, 0x44, 0x27, 0xff, 0x57, 0x44, 0x27, 0xff,
    0x57, 0x44, 0x27, 0xff, 0x57, 0x44, 0x27, 0xff, 0x57, 0x44, 0x27, 0xff,
    0x57, 0x44, 0x27, 0xff, 0x57, 0x44, 0x27, 0xff, 0x57, 0x44, 0x27, 0xff,
    0x57, 0x44, 0x27, 0xff, 0x57, 0x44, 0x27, 0xff, 0x57, 0x44, 0x27, 0xff,
    0x57, 0x44, 0x27, 0xff, 0x57, 0x44, 0x27, 0xff, 0x57, 0x44, 0x27, 0xff,
    0x57, 0x44, 0x27, 0xff, 0x57, 0x44, 0x27, 0xff, 0x57, 0x44, 0x27, 0xff,
    0x57, 0x44, 0x27, 0xff, 0x3f, 0x31, 0x1c, 0xff, 0x3f, 0x31, 0x1c, 0xff,
    0x41, 0x33, 0x1f, 0xff, 0x78, 0x69, 0x52, 0xff, 0x64, 0x53, 0x39, 0xff,
    0x59, 0x46, 0x29, 0xff, 0x57, 0x44, 0x27, 0xff, 0x57, 0x44, 0x27, 0xff,
    0x57, 0x44, 0x27, 0xff, 0x57, 0x44, 0x27, 0xff, 0x57, 0x44, 0x27, 0xff,
    0x57, 0x44, 0x27, 0xff, 0x57, 0x44, 0x27, 0xff, 0x57, 0x44, 0x27, 0xff,
    0x57, 0x44, 0x27, 0xff, 0x57, 0x44, 0x27, 0xff, 0x57, 0x44, 0x27, 0xff,
    0x57, 0x44, 0x27, 0xff, 0x57, 0x44, 0x27, 0xff, 0x57, 0x44, 0x27, 0xff,
    0x57, 0x44, 0x27, 0xff, 0x57, 0x44, 0x27, 0xff, 0x57, 0x44, 0x27, 0xff,
    0x57, 0x44, 0x27, 0xff, 0x57, 0x44, 0x27, 0xff, 0x57, 0x44, 0x27, 0xff,
    0x57, 0x44, 0x27, 0xff, 0x57, 0x44, 0x27, 0xff, 0x57, 0x44, 0x27, 0xff,
    0x57, 0x44, 0x27, 0xff, 0x57, 0x44, 0x27, 0xff, 0x57, 0x44, 0x27, 0xff,
    0x57, 0x44, 0x27, 0xff, 0x57, 0x44, 0x27, 0xff, 0x57, 0x44, 0x27, 0xff,
    0x57, 0x44, 0x27, 0xff, 0x57, 0x44, 0x27, 0xff, 0x57, 0x44, 0x27, 0xff,
    0x57, 0x44, 0x27, 0xff, 0x57, 0x44, 0x27, 0xff, 0x57, 0x44, 0x27, 0xff,
    0x57, 0x44, 0x27, 0xff, 0x57, 0x44, 0x27, 0xff, 0x57, 0x44, 0x27, 0xff,
    0x57, 0x44, 0x27, 0xff, 0x57, 0x44, 0x27, 0xff, 0x57, 0x44, 0x27, 0xff,
    0x57, 0x44, 0x27, 0xff, 0x57, 0x44, 0x27, 0xff, 0x57, 0x44, 0x27, 0xff,
    0x3f, 0x31, 0x1c, 0xff, 0x3f, 0x31, 0x1c, 0xff, 0x41, 0x33, 0x1f, 0xff,
    0x78, 0x69, 0x52, 0xff, 0x65, 0x53, 0x39, 0xff, 0x59, 0x46, 0x29, 0xff,
    0x57, 0x44, 0x27, 0xff, 0x57, 0x44, 0x27, 0xff, 0x57, 0x44, 0x27, 0xff,
    0x57, 0x44, 0x27, 0xff, 0x57, 0x44, 0x27, 0xff, 0x57, 0x44, 0x27, 0xff,
    0x57, 0x44, 0x27, 0xff, 0x57, 0x44, 0x27, 0xff, 0x57, 0x44, 0x27, 0xff,
    0x57, 0x44, 0x27, 0xff, 0x57, 0x44, 0x27, 0xff, 0x57, 0x44, 0x27, 0xff,
    0x57, 0x44, 0x27, 0xff, 0x57, 0x44, 0x27, 0xff, 0x57, 0x44, 0x27, 0xff,
    0x57, 0x44, 0x27, 0xff, 0x57, 0x44, 0x27, 0xff, 0x57, 0x44, 0x27, 0xff,
    0x57, 0x44, 0x27, 0xff, 0x57, 0x44, 0x27, 0xff, 0x57, 0x44, 0x27, 0xff,
    0x57, 0x44, 0x27, 0xff, 0x57, 0x44, 0x27, 0xff, 0x57, 0x44, 0x27, 0xff,
    0x57, 0x44, 0x27, 0xff, 0x57, 0x44, 0x27, 0xff, 0x57, 0x44, 0x27, 0xff,
    0x57, 0x44, 0x27, 0xff, 0x57, 0x44, 0x27, 0xff, 0x57, 0x44, 0x27, 0xff,
    0x57, 0x44, 0x27, 0xff, 0x57, 0x44, 0x27, 0xff, 0x57, 0x44, 0x27, 0xff,
    0x57, 0x44, 0x27, 0xff, 0x57, 0x44, 0x27, 0xff, 0x57, 0x44, 0x27, 0xff,
    0x57, 0x44, 0x27, 0xff, 0x57, 0x44, 0x27, 0xff, 0x57, 0x44, 0x27, 0xff,
    0x57, 0x44, 0x27, 0xff, 0x57, 0x44, 0x27, 0xff, 0x57, 0x44, 0x27, 0xff,
    0x57, 0x44, 0x27, 0xff, 0x57, 0x44, 0x27, 0xff, 0x3f, 0x31, 0x1c, 0xff,
    0x3f, 0x31, 0x1c, 0xff, 0x41, 0x33, 0x1f, 0xff, 0x78, 0x69, 0x52, 0xff,
    0x64, 0x53, 0x39, 0xff, 0x59, 0x46, 0x29, 0xff, 0x57, 0x44, 0x27, 0xff,
    0x57, 0x44, 0x27, 0xff, 0x57, 0x44, 0x27, 0xff, 0x57, 0x44, 0x27, 0xff,
    0x57, 0x44, 0x27, 0xff, 0x57, 0x44, 0x27, 0xff, 0x57, 0x44, 0x27, 0xff,
    0x57, 0x44, 0x27, 0xff, 0x57, 0x44, 0x27, 0xff, 0x57, 0x44, 0x27, 0xff,
    0x57, 0x44, 0x27, 0xff, 0x57, 0x44, 0x27, 0xff, 0x57, 0x44, 0x27, 0xff,
    0x57, 0x44, 0x27, 0xff, 0x57, 0x44, 0x27, 0xff, 0x57, 0x44, 0x27, 0xff,
    0x57, 0x44, 0x27, 0xff, 0x57, 0x44, 0x27, 0xff, 0x57, 0x44, 0x27, 0xff,
    0x57, 0x44, 0x27, 0xff, 0x57, 0x44, 0x27, 0xff, 0x57, 0x44, 0x27, 0xff,
    0x57, 0x44, 0x27, 0xff, 0x57, 0x44, 0x27, 0xff, 0x57, 0x44, 0x27, 0xff,
    0x57, 0x44, 0x27, 0xff, 0x57, 0x44, 0x27, 0xff, 0x57, 0x44, 0x27, 0xff,
    0x57, 0x44, 0x27, 0xff, 0x57, 0x44, 0x27, 0xff, 0x57, 0x44, 0x27, 0xff,
    0x57, 0x44, 0x27, 0xff, 0x57, 0x44, 0x27, 0xff, 0x57, 0x44, 0x27, 0xff,
    0x57, 0x44, 0x27, 0xff, 0x57, 0x44, 0x27, 0xff, 0x57, 0x44, 0x27, 0xff,
    0x57, 0x44, 0x27, 0xff, 0x57, 0x44, 0x27, 0xff, 0x57, 0x44, 0x27, 0xff,
    0x57, 0x44, 0x27, 0xff, 0x57, 0x44, 0x27, 0xff, 0x57, 0x44, 0x27, 0xff,
    0x57, 0x44, 0x27, 0xff, 0x3f, 0x31, 0x1c, 0xff, 0x3f, 0x31, 0x1c, 0xff,
    0x41, 0x33, 0x1f, 0xff, 0x78, 0x69, 0x52, 0xff, 0x65, 0x54, 0x39, 0xff,
    0x59, 0x46, 0x29, 0xff, 0x57, 0x44, 0x27, 0xff, 0x57, 0x44, 0x27, 0xff,
    0x57, 0x44, 0x27, 0xff, 0x57, 0x44, 0x27, 0xff, 0x57, 0x44, 0x27, 0xff,
    0x57, 0x44, 0x27, 0xff, 0x57, 0x44, 0x27, 0xff, 0x57, 0x44, 0x27, 0xff,
    0x57, 0x44, 0x27, 0xff, 0x57, 0x44, 0x27, 0xff, 0x57, 0x44, 0x27, 0xff,
    0x57, 0x44, 0x27, 0xff, 0x57, 0x44, 0x27, 0xff, 0x57, 0x44, 0x27, 0xff,
    0x57, 0x44, 0x27, 0xff, 0x57, 0x44, 0x27, 0xff, 0x57, 0x44, 0x27, 0xff,
    0x57, 0x44, 0x27, 0xff, 0x57, 0x44, 0x27, 0xff, 0x57, 0x44, 0x27, 0xff,
    0x57, 0x44, 0x27, 0xff, 0x57, 0x44, 0x27, 0xff, 0x57, 0x44, 0x27, 0xff,
    0x57, 0x44, 0x27, 0xff, 0x57, 0x44, 0x27, 0xff, 0x57, 0x44, 0x27, 0xff,
    0x57, 0x44, 0x27, 0xff, 0x57, 0x44, 0x27, 0xff, 0x57, 0x44, 0x27, 0xff,
    0x57, 0x44, 0x27, 0xff, 0x57, 0x44, 0x27, 0xff, 0x57, 0x44, 0x27, 0xff,
    0x57, 0x44, 0x27, 0xff, 0x57, 0x44, 0x27, 0xff, 0x57, 0x44, 0x27, 0xff,
    0x57, 0x44, 0x27, 0xff, 0x57, 0x44, 0x27, 0xff, 0x57, 0x44, 0x27, 0xff,
    0x57, 0x44, 0x27, 0xff, 0x57, 0x44, 0x27, 0xff, 0x57, 0x44, 0x27, 0xff,
    0x57, 0x44, 0x27, 0xff, 0x57, 0x44, 0x27, 0xff, 0x57, 0x44, 0x27, 0xff,
    0x3f, 0x31, 0x1c, 0xff, 0x3f, 0x31, 0x1c, 0xff, 0x41, 0x33, 0x1f, 0xff,
    0x78, 0x69, 0x52, 0xff, 0x65, 0x53, 0x39, 0xff, 0x59, 0x46, 0x29, 0xff,
    0x57, 0x44, 0x27, 0xff, 0x57, 0x44, 0x27, 0xff, 0x57, 0x44, 0x27, 0xff,
    0x57, 0x44, 0x27, 0xff, 0x57, 0x44, 0x27, 0xff, 0x57, 0x44, 0x27, 0xff,
    0x57, 0x44, 0x27, 0xff, 0x57, 0x44, 0x27, 0xff, 0x57, 0x44, 0x27, 0xff,
    0x57, 0x44, 0x27, 0xff, 0x57, 0x44, 0x27, 0xff, 0x57, 0x44, 0x27, 0xff,
    0x57, 0x44, 0x27, 0xff, 0x57, 0x44, 0x27, 0xff, 0x57, 0x44, 0x27, 0xff,
    0x57, 0x44, 0x27, 0xff, 0x57, 0x44, 0x27, 0xff, 0x57, 0x44, 0x27, 0xff,
    0x57, 0x44, 0x27, 0xff, 0x57, 0x44, 0x27, 0xff, 0x57, 0x44, 0x27, 0xff,
    0x57, 0x44, 0x27, 0xff, 0x57, 0x44, 0x27, 0xff, 0x57, 0x44, 0x27, 0xff,
    0x57, 0x44, 0x27, 0xff, 0x57, 0x44, 0x27, 0xff, 0x57, 0x44, 0x27, 0xff,
    0x57, 0x44, 0x27, 0xff, 0x57, 0x44, 0x27, 0xff, 0x57, 0x44, 0x27, 0xff,
    0x57, 0x44, 0x27, 0xff, 0x57, 0x44, 0x27, 0xff, 0x57, 0x44, 0x27, 0xff,
    0x57, 0x44, 0x27, 0xff, 0x57, 0x44, 0x27, 0xff, 0x57, 0x44, 0x27, 0xff,
    0x57, 0x44, 0x27, 0xff, 0x57, 0x44, 0x27, 0xff, 0x57, 0x44, 0x27, 0xff,
    0x57, 0x44, 0x27, 0xff, 0x57, 0x44, 0x27, 0xff, 0x57, 0x44, 0x27, 0xff,
    0x57, 0x44, 0x27, 0xff, 0x57, 0x44, 0x27, 0xff, 0x3f, 0x31, 0x1c, 0xff,
    0x3f, 0x31, 0x1c, 0xff, 0x41, 0x33, 0x1f, 0xff, 0x78, 0x69, 0x52, 0xff,
    0x65, 0x53, 0x39, 0xff, 0x59, 0x46, 0x29, 0xff, 0x57, 0x44, 0x27, 0xff,
    0x57, 0x44, 0x27, 0xff, 0x57, 0x44, 0x27, 0xff, 0x57, 0x44, 0x27, 0xff,
    0x57, 0x44, 0x27, 0xff, 0x57, 0x44, 0x27, 0xff, 0x57, 0x44, 0x27, 0xff,
    0x57, 0x44, 0x27, 0xff, 0x57, 0x44, 0x27, 0xff, 0x57, 0x44, 0x27, 0xff,
    0x57, 0x44, 0x27, 0xff, 0x57, 0x44, 0x27, 0xff, 0x57, 0x44, 0x27, 0xff,
    0x57, 0x44, 0x27, 0xff, 0x57, 0x44, 0x27, 0xff, 0x57, 0x44, 0x27, 0xff,
    0x57, 0x44, 0x27, 0xff, 0x57, 0x44, 0x27, 0xff, 0x57, 0x44, 0x27, 0xff,
    0x57, 0x44, 0x27, 0xff, 0x57, 0x44, 0x27, 0xff, 0x57, 0x44, 0x27, 0xff,
    0x57, 0x44, 0x27, 0xff, 0x57, 0x44, 0x27, 0xff, 0x57, 0x44, 0x27, 0xff,
    0x57, 0x44, 0x27, 0xff, 0x57, 0x44, 0x27, 0xff, 0x57, 0x44, 0x27, 0xff,
    0x57, 0x44, 0x27, 0xff, 0x57, 0x44, 0x27, 0xff, 0x57, 0x44, 0x27, 0xff,
    0x57, 0x44, 0x27, 0xff, 0x57, 0x44, 0x27, 0xff, 0x57, 0x44, 0x27, 0xff,
    0x57, 0x44, 0x27, 0xff, 0x57, 0x44, 0x27, 0xff, 0x57, 0x44, 0x27, 0xff,
    0x57, 0x44, 0x27, 0xff, 0x57, 0x44, 0x27, 0xff, 0x57, 0x44, 0x27, 0xff,
    0x57, 0x44, 0x27, 0xff, 0x57, 0x44, 0x27, 0xff, 0x57, 0x44, 0x27, 0xff,
    0x57, 0x44, 0x27, 0xff, 0x3f, 0x31, 0x1c, 0xff, 0x3f, 0x31, 0x1c, 0xff,
    0x41, 0x33, 0x1f, 0xff, 0x78, 0x69, 0x52, 0xff, 0x65, 0x53, 0x39, 0xff,
    0x59, 0x46, 0x29, 0xff, 0x57, 0x44, 0x27, 0xff, 0x57, 0x44, 0x27, 0xff,
    0x57, 0x44, 0x27, 0xff, 0x57, 0x44, 0x27, 0xff, 0x57, 0x44, 0x27, 0xff,
    0x57, 0x44, 0x27, 0xff, 0x57, 0x44, 0x27, 0xff, 0x57, 0x44, 0x27, 0xff,
    0x57, 0x44, 0x27, 0xff, 0x57, 0x44, 0x27, 0xff, 0x57, 0x44, 0x27, 0xff,
    0x57, 0x44, 0x27, 0xff, 0x57, 0x44, 0x27, 0xff, 0x57, 0x44, 0x27, 0xff,
    0x57, 0x44, 0x27, 0xff, 0x57, 0x44, 0x27, 0xff, 0x57, 0x44, 0x27, 0xff,
    0x57, 0x44, 0x27, 0xff, 0x57, 0x44, 0x27, 0xff, 0x57, 0x44, 0x27, 0xff,
    0x57, 0x44, 0x27, 0xff, 0x57, 0x44, 0x27, 0xff, 0x57, 0x44, 0x27, 0xff,
    0x57, 0x44, 0x27, 0xff, 0x57, 0x44, 0x27, 0xff, 0x57, 0x44, 0x27, 0xff,
    0x57, 0x44, 0x27, 0xff, 0x57, 0x44, 0x27, 0xff, 0x57, 0x44, 0x27, 0xff,
    0x57, 0x44, 0x27, 0xff, 0x57, 0x44, 0x27, 0xff, 0x57, 0x44, 0x27, 0xff,
    0x57, 0x44, 0x27, 0xff, 0x57, 0x44, 0x27, 0xff, 0x57, 0x44, 0x27, 0xff,
    0x57, 0x44, 0x27, 0xff, 0x57, 0x44, 0x27, 0xff, 0x57, 0x44, 0x27, 0xff,
    0x57, 0x44, 0x27, 0xff, 0x57, 0x44, 0x27, 0xff, 0x57, 0x44, 0x27, 0xff,
    0x57, 0x44, 0x27, 0xff, 0x57, 0x44, 0x27, 0xff, 0x57, 0x44, 0x27, 0xff,
    0x3f, 0x31, 0x1c, 0xff, 0x3f, 0x31, 0x1c, 0xff, 0x41, 0x33, 0x1f, 0xff,
    0x78, 0x69, 0x52, 0xff, 0x65, 0x53, 0x39, 0xff, 0x59, 0x46, 0x29, 0xff,
    0x57, 0x44, 0x27, 0xff, 0x57, 0x44, 0x27, 0xff, 0x57, 0x44, 0x27, 0xff,
    0x57, 0x44, 0x27, 0xff, 0x57, 0x44, 0x27, 0xff, 0x57, 0x44, 0x27, 0xff,
    0x57, 0x44, 0x27, 0xff, 0x57, 0x44, 0x27, 0xff, 0x57, 0x44, 0x27, 0xff,
    0x57, 0x44, 0x27, 0xff, 0x57, 0x44, 0x27, 0xff, 0x57, 0x44, 0x27, 0xff,
    0x57, 0x44, 0x27, 0xff, 0x57, 0x44, 0x27, 0xff, 0x57, 0x44, 0x27, 0xff,
    0x57, 0x44, 0x27, 0xff, 0x57, 0x44, 0x27, 0xff, 0x57, 0x44, 0x27, 0xff,
    0x57, 0x44, 0x27, 0xff, 0x57, 0x44, 0x27, 0xff, 0x57, 0x44, 0x27, 0xff,
    0x57, 0x44, 0x27, 0xff, 0x57, 0x44, 0x27, 0xff, 0x57, 0x44, 0x27, 0xff,
    0x57, 0x44, 0x27, 0xff, 0x57, 0x44, 0x27, 0xff, 0x57, 0x44, 0x27, 0xff,
    0x57, 0x44, 0x27, 0xff, 0x57, 0x44, 0x27, 0xff, 0x57, 0x44, 0x27, 0xff,
    0x57, 0x44, 0x27, 0xff, 0x57, 0x44, 0x27, 0xff, 0x57, 0x44, 0x27, 0xff,
    0x57, 0x44, 0x27, 0xff, 0x57, 0x44, 0x27, 0xff, 0x57, 0x44, 0x27, 0xff,
    0x57, 0x44, 0x27, 0xff, 0x57, 0x44, 0x27, 0xff, 0x57, 0x44, 0x27, 0xff,
    0x57, 0x44, 0x27, 0xff, 0x57, 0x44, 0x27, 0xff, 0x57, 0x44, 0x27, 0xff,
    0x57, 0x44, 0x27, 0xff, 0x57, 0x44, 0x27, 0xff, 0x3f, 0x31, 0x1c, 0xff,
    0x3f, 0x31, 0x1c, 0xff, 0x41, 0x33, 0x1f, 0xff, 0x78, 0x69, 0x52, 0xff,
    0x64, 0x53, 0x39, 0xff, 0x59, 0x46, 0x29, 0xff, 0x57, 0x44, 0x27, 0xff,
    0x57, 0x44, 0x27, 0xff, 0x57, 0x44, 0x27, 0xff, 0x57, 0x44, 0x27, 0xff,
    0x57, 0x44, 0x27, 0xff, 0x57, 0x44, 0x27, 0xff, 0x57, 0x44, 0x27, 0xff,
    0x57, 0x44, 0x27, 0xff, 0x57, 0x44, 0x27, 0xff, 0x57, 0x44, 0x27, 0xff,
    0x57, 0x44, 0x27, 0xff, 0x57, 0x44, 0x27, 0xff, 0x57, 0x44, 0x27, 0xff,
    0x57, 0x44, 0x27, 0xff, 0x57, 0x44, 0x27, 0xff, 0x57, 0x44, 0x27, 0xff,
    0x57, 0x44, 0x27, 0xff, 0x57, 0x44, 0x27, 0xff, 0x57, 0x44, 0x27, 0xff,
    0x57, 0x44, 0x27, 0xff, 0x57, 0x44, 0x27, 0xff, 0x57, 0x44, 0x27, 0xff,
    0x57, 0x44, 0x27, 0xff, 0x57, 0x44, 0x27, 0xff, 0x57, 0x44, 0x27, 0xff,
    0x57, 0x44, 0x27, 0xff, 0x57, 0x44, 0x27, 0xff, 0x57, 0x44, 0x27, 0xff,
    0x57, 0x44, 0x27, 0xff, 0x57, 0x44, 0x27, 0xff, 0x57, 0x44, 0x27, 0xff,
    0x57, 0x44, 0x27, 0xff, 0x57, 0x44, 0x27, 0xff, 0x57, 0x44, 0x27, 0xff,
    0x57, 0x44, 0x27, 0xff, 0x57, 0x44, 0x27, 0xff, 0x57, 0x44, 0x27, 0xff,
    0x57, 0x44, 0x27, 0xff, 0x57, 0x44, 0x27, 0xff, 0x57, 0x44, 0x27, 0xff,
    0x57, 0x44, 0x27, 0xff, 0x57, 0x44, 0x27, 0xff, 0x57, 0x44, 0x27, 0xff,
    0x57, 0x44, 0x27, 0xff, 0x3f, 0x31, 0x1c, 0xff, 0x3f, 0x31, 0x1c, 0xff,
    0x41, 0x33, 0x1f, 0xff, 0x78, 0x69, 0x52, 0xff, 0x65, 0x53, 0x39, 0xff,
    0x59, 0x46, 0x29, 0xff, 0x57, 0x44, 0x27, 0xff, 0x57, 0x44, 0x27, 0xff,
    0x57, 0x44, 0x27, 0xff, 0x57, 0x44, 0x27, 0xff, 0x57, 0x44, 0x27, 0xff,
    0x57, 0x44, 0x27, 0xff, 0x57, 0x44, 0x27, 0xff, 0x57, 0x44, 0x27, 0xff,
    0x57, 0x44, 0x27, 0xff, 0x57, 0x44, 0x27, 0xff, 0x57, 0x44, 0x27, 0xff,
    0x57, 0x44, 0x27, 0xff, 0x57, 0x44, 0x27, 0xff, 0x57, 0x44, 0x27, 0xff,
    0x57, 0x44, 0x27, 0xff, 0x57, 0x44, 0x27, 0xff, 0x57, 0x44, 0x27, 0xff,
    0x57, 0x44, 0x27, 0xff, 0x57, 0x44, 0x27, 0xff, 0x57, 0x44, 0x27, 0xff,
    0x57, 0x44, 0x27, 0xff, 0x57, 0x44, 0x27, 0xff, 0x57, 0x44, 0x27, 0xff,
    0x57, 0x44, 0x27, 0xff, 0x57, 0x44, 0x27, 0xff, 0x57, 0x44, 0x27, 0xff,
    0x57, 0x44, 0x27, 0xff, 0x57, 0x44, 0x27, 0xff, 0x57, 0x44, 0x27, 0xff,
    0x57, 0x44, 0x27, 0xff, 0x57, 0x44, 0x27, 0xff, 0x57, 0x44, 0x27, 0xff,
    0x57, 0x44, 0x27, 0xff, 0x57, 0x44, 0x27, 0xff, 0x57, 0x44, 0x27, 0xff,
    0x57, 0x44, 0x27, 0xff, 0x57, 0x44, 0x27, 0xff, 0x57, 0x44, 0x27, 0xff,
    0x57, 0x44, 0x27, 0xff, 0x57, 0x44, 0x27, 0xff, 0x57, 0x44, 0x27, 0xff,
    0x57, 0x44, 0x27, 0xff, 0x57, 0x44, 0x27, 0xff, 0x57, 0x44, 0x27, 0xff,
    0x3f, 0x31, 0x1c, 0xff, 0x3f, 0x31, 0x1c, 0xff, 0x41, 0x33, 0x1f, 0xff,
    0x78, 0x69, 0x52, 0xff, 0x65, 0x53, 0x39, 0xff, 0x59, 0x46, 0x29, 0xff,
    0x57, 0x44, 0x27, 0xff, 0x57, 0x44, 0x27, 0xff, 0x57, 0x44, 0x27, 0xff,
    0x57, 0x44, 0x27, 0xff, 0x57, 0x44, 0x27, 0xff, 0x57, 0x44, 0x27, 0xff,
    0x57, 0x44, 0x27, 0xff, 0x57, 0x44, 0x27, 0xff, 0x57, 0x44, 0x27, 0xff,
    0x57, 0x44, 0x27, 0xff, 0x57, 0x44, 0x27, 0xff, 0x57, 0x44, 0x27, 0xff,
    0x57, 0x44, 0x27, 0xff, 0x57, 0x44, 0x27, 0xff, 0x57, 0x44, 0x27, 0xff,
    0x57, 0x44, 0x27, 0xff, 0x57, 0x44, 0x27, 0xff, 0x57, 0x44, 0x27, 0xff,
    0x57, 0x44, 0x27, 0xff, 0x57, 0x44, 0x27, 0xff, 0x57, 0x44, 0x27, 0xff,
    0x57, 0x44, 0x27, 0xff, 0x57, 0x44, 0x27, 0xff, 0x57, 0x44, 0x27, 0xff,
    0x57, 0x44, 0x27, 0xff, 0x57, 0x44, 0x27, 0xff, 0x57, 0x44, 0x27, 0xff,
    0x57, 0x44, 0x27, 0xff, 0x57, 0x44, 0x27, 0xff, 0x57, 0x44, 0x27, 0xff,
    0x57, 0x44, 0x27, 0xff, 0x57, 0x44, 0x27, 0xff, 0x57, 0x44, 0x27, 0xff,
    0x57, 0x44, 0x27, 0xff, 0x57, 0x44, 0x27, 0xff, 0x57, 0x44, 0x27, 0xff,
    0x57, 0x44, 0x27, 0xff, 0x57, 0x44, 0x27, 0xff, 0x57, 0x44, 0x27, 0xff,
    0x57, 0x44, 0x27, 0xff, 0x57, 0x44, 0x27, 0xff, 0x57, 0x44, 0x27, 0xff,
    0x57, 0x44, 0x27, 0xff, 0x57, 0x44, 0x27, 0xff, 0x3f, 0x31, 0x1c, 0xff,
    0x3f, 0x31, 0x1c, 0xff, 0x41, 0x33, 0x1f, 0xff, 0x78, 0x69, 0x52, 0xff,
    0x64, 0x53, 0x39, 0xff, 0x59, 0x46, 0x29, 0xff, 0x57, 0x44, 0x27, 0xff,
    0x57, 0x44, 0x27, 0xff, 0x57, 0x44, 0x27, 0xff, 0x57, 0x44, 0x27, 0xff,
    0x57, 0x44, 0x27, 0xff, 0x57, 0x44, 0x27, 0xff, 0x57, 0x44, 0x27, 0xff,
    0x57, 0x44, 0x27, 0xff, 0x57, 0x44, 0x27, 0xff, 0x57, 0x44, 0x27, 0xff,
    0x57, 0x44, 0x27, 0xff, 0x57, 0x44, 0x27, 0xff, 0x57, 0x44, 0x27, 0xff,
    0x57, 0x44, 0x27, 0xff, 0x57, 0x44, 0x27, 0xff, 0x57, 0x44, 0x27, 0xff,
    0x57, 0x44, 0x27, 0xff, 0x57, 0x44, 0x27, 0xff, 0x57, 0x44, 0x27, 0xff,
    0x57, 0x44, 0x27, 0xff, 0x57, 0x44, 0x27, 0xff, 0x57, 0x44, 0x27, 0xff,
    0x57, 0x44, 0x27, 0xff, 0x57, 0x44, 0x27, 0xff, 0x57, 0x44, 0x27, 0xff,
    0x57, 0x44, 0x27, 0xff, 0x57, 0x44, 0x27, 0xff, 0x57, 0x44, 0x27, 0xff,
    0x57, 0x44, 0x27, 0xff, 0x57, 0x44, 0x27, 0xff, 0x57, 0x44, 0x27, 0xff,
    0x57, 0x44, 0x27, 0xff, 0x57, 0x44, 0x27, 0xff, 0x57, 0x44, 0x27, 0xff,
    0x57, 0x44, 0x27, 0xff, 0x57, 0x44, 0x27, 0xff, 0x57, 0x44, 0x27, 0xff,
    0x57, 0x44, 0x27, 0xff, 0x57, 0x44, 0x27, 0xff, 0x57, 0x44, 0x27, 0xff,
    0x57, 0x44, 0x27, 0xff, 0x57, 0x44, 0x27, 0xff, 0x57, 0x44, 0x27, 0xff,
    0x57, 0x44, 0x27, 0xff, 0x3f, 0x31, 0x1c, 0xff, 0x3f, 0x31, 0x1c, 0xff,
    0x41, 0x33, 0x1f, 0xff, 0x78, 0x69, 0x52, 0xff, 0x64, 0x53, 0x39, 0xff,
    0x59, 0x46, 0x29, 0xff, 0x57, 0x44, 0x27, 0xff, 0x57, 0x44, 0x27, 0xff,
    0x57, 0x44, 0x27, 0xff, 0x57, 0x44, 0x27, 0xff, 0x57, 0x44, 0x27, 0xff,
    0x57, 0x44, 0x27, 0xff, 0x57, 0x44, 0x27, 0xff, 0x57, 0x44, 0x27, 0xff,
    0x57, 0x44, 0x27, 0xff, 0x57, 0x44, 0x27, 0xff, 0x57, 0x44, 0x27, 0xff,
    0x57, 0x44, 0x27, 0xff, 0x57, 0x44, 0x27, 0xff, 0x57, 0x44, 0x27, 0xff,
    0x57, 0x44, 0x27, 0xff, 0x57, 0x44, 0x27, 0xff, 0x57, 0x44, 0x27, 0xff,
    0x57, 0x44, 0x27, 0xff, 0x57, 0x44, 0x27, 0xff, 0x57, 0x44, 0x27, 0xff,
    0x57, 0x44, 0x27, 0xff, 0x57, 0x44, 0x27, 0xff, 0x57, 0x44, 0x27, 0xff,
    0x57, 0x44, 0x27, 0xff, 0x57, 0x44, 0x27, 0xff, 0x57, 0x44, 0x27, 0xff,
    0x57, 0x44, 0x27, 0xff, 0x57, 0x44, 0x27, 0xff, 0x57, 0x44, 0x27, 0xff,
    0x57, 0x44, 0x27, 0xff, 0x57, 0x44, 0x27, 0xff, 0x57, 0x44, 0x27, 0xff,
    0x57, 0x44, 0x27, 0xff, 0x57, 0x44, 0x27, 0xff, 0x57, 0x44, 0x27, 0xff,
    0x57, 0x44, 0x27, 0xff, 0x57, 0x44, 0x27, 0xff, 0x57, 0x44, 0x27, 0xff,
    0x57, 0x44, 0x27, 0xff, 0x57, 0x44, 0x27, 0xff, 0x57, 0x44, 0x27, 0xff,
    0x57, 0x44, 0x27, 0xff, 0x57, 0x44, 0x27, 0xff, 0x57, 0x44, 0x27, 0xff,
    0x3f, 0x31, 0x1c, 0xff, 0x3f, 0x31, 0x1c, 0xff, 0x41, 0x33, 0x1f, 0xff,
    0x78, 0x69, 0x52, 0xff, 0x64, 0x53, 0x39, 0xff, 0x59, 0x46, 0x29, 0xff,
    0x57, 0x44, 0x27, 0xff, 0x57, 0x44, 0x27, 0xff, 0x57, 0x44, 0x27, 0xff,
    0x57, 0x44, 0x27, 0xff, 0x57, 0x44, 0x27, 0xff, 0x57, 0x44, 0x27, 0xff,
    0x57, 0x44, 0x27, 0xff, 0x57, 0x44, 0x27, 0xff, 0x57, 0x44, 0x27, 0xff,
    0x57, 0x44, 0x27, 0xff, 0x57, 0x44, 0x27, 0xff, 0x57, 0x44, 0x27, 0xff,
    0x57, 0x44, 0x27, 0xff, 0x57, 0x44, 0x27, 0xff, 0x57, 0x44, 0x27, 0xff,
    0x57, 0x44, 0x27, 0xff, 0x57, 0x44, 0x27, 0xff, 0x57, 0x44, 0x27, 0xff,
    0x57, 0x44, 0x27, 0xff, 0x57, 0x44, 0x27, 0xff, 0x57, 0x44, 0x27, 0xff,
    0x57, 0x44, 0x27, 0xff, 0x57, 0x44, 0x27, 0xff, 0x57, 0x44, 0x27, 0xff,
    0x57, 0x44, 0x27, 0xff, 0x57, 0x44, 0x27, 0xff, 0x57, 0x44, 0x27, 0xff,
    0x57, 0x44, 0x27, 0xff, 0x57, 0x44, 0x27, 0xff, 0x57, 0x44, 0x27, 0xff,
    0x57, 0x44, 0x27, 0xff, 0x57, 0x44, 0x27, 0xff, 0x57, 0x44, 0x27, 0xff,
    0x57, 0x44, 0x27, 0xff, 0x57, 0x44, 0x27, 0xff, 0x57, 0x44, 0x27, 0xff,
    0x57, 0x44, 0x27, 0xff, 0x57, 0x44, 0x27, 0xff, 0x57, 0x44, 0x27, 0xff,
    0x57, 0x44, 0x27, 0xff, 0x57, 0x44, 0x27, 0xff, 0x57, 0x44, 0x27, 0xff,
    0x57, 0x44, 0x27, 0xff, 0x57, 0x44, 0x27, 0xff, 0x3f, 0x31, 0x1c, 0xff,
    0x3f, 0x31, 0x1c, 0xff, 0x41, 0x33, 0x1f, 0xff, 0x78, 0x69, 0x52, 0xff,
    0x65, 0x53, 0x39, 0xff, 0x59, 0x46, 0x29, 0xff, 0x57, 0x44, 0x27, 0xff,
    0x57, 0x44, 0x27, 0xff, 0x57, 0x44, 0x27, 0xff, 0x57, 0x44, 0x27, 0xff,
    0x57, 0x44, 0x27, 0xff, 0x57, 0x44, 0x27, 0xff, 0x57, 0x44, 0x27, 0xff,
    0x57, 0x44, 0x27, 0xff, 0x57, 0x44, 0x27, 0xff, 0x57, 0x44, 0x27, 0xff,
    0x57, 0x44, 0x27, 0xff, 0x57, 0x44, 0x27, 0xff, 0x57, 0x44, 0x27, 0xff,
    0x57, 0x44, 0x27, 0xff, 0x57, 0x44, 0x27, 0xff, 0x57, 0x44, 0x27, 0xff,
    0x57, 0x44, 0x27, 0xff, 0x57, 0x44, 0x27, 0xff, 0x57, 0x44, 0x27, 0xff,
    0x57, 0x44, 0x27, 0xff, 0x57, 0x44, 0x27, 0xff, 0x57, 0x44, 0x27, 0xff,
    0x57, 0x44, 0x27, 0xff, 0x57, 0x44, 0x27, 0xff, 0x57, 0x44, 0x27, 0xff,
    0x57, 0x44, 0x27, 0xff, 0x57, 0x44, 0x27, 0xff, 0x57, 0x44, 0x27, 0xff,
    0x57, 0x44, 0x27, 0xff, 0x57, 0x44, 0x27, 0xff, 0x57, 0x44, 0x27, 0xff,
    0x57, 0x44, 0x27, 0xff, 0x57, 0x44, 0x27, 0xff, 0x57, 0x44, 0x27, 0xff,
    0x57, 0x44, 0x27, 0xff, 0x57, 0x44, 0x27, 0xff, 0x57, 0x44, 0x27, 0xff,
    0x57, 0x44, 0x27, 0xff, 0x57, 0x44, 0x27, 0xff, 0x57, 0x44, 0x27, 0xff,
    0x57, 0x44, 0x27, 0xff, 0x57, 0x44, 0x27, 0xff, 0x57, 0x44, 0x27, 0xff,
    0x57, 0x44, 0x27, 0xff, 0x3f, 0x31, 0x1c, 0xff, 0x3f, 0x31, 0x1c, 0xff,
    0x41, 0x33, 0x1f, 0xff, 0x78, 0x69, 0x52, 0xff, 0x64, 0x53, 0x38, 0xff,
    0x59, 0x46, 0x29, 0xff, 0x57, 0x44, 0x27, 0xff, 0x57, 0x44, 0x27, 0xff,
    0x57, 0x44, 0x27, 0xff, 0x57, 0x44, 0x27, 0xff, 0x57, 0x44, 0x27, 0xff,
    0x57, 0x44, 0x27, 0xff, 0x57, 0x44, 0x27, 0xff, 0x57, 0x44, 0x27, 0xff,
    0x57, 0x44, 0x27, 0xff, 0x57, 0x44, 0x27, 0xff, 0x57, 0x44, 0x27, 0xff,
    0x57, 0x44, 0x27, 0xff, 0x57, 0x44, 0x27, 0xff, 0x57, 0x44, 0x27, 0xff,
    0x57, 0x44, 0x27, 0xff, 0x57, 0x44, 0x27, 0xff, 0x57, 0x44, 0x27, 0xff,
    0x57, 0x44, 0x27, 0xff, 0x57, 0x44, 0x27, 0xff, 0x57, 0x44, 0x27, 0xff,
    0x57, 0x44, 0x27, 0xff, 0x57, 0x44, 0x27, 0xff, 0x57, 0x44, 0x27, 0xff,
    0x57, 0x44, 0x27, 0xff, 0x57, 0x44, 0x27, 0xff, 0x57, 0x44, 0x27, 0xff,
    0x57, 0x44, 0x27, 0xff, 0x57, 0x44, 0x27, 0xff, 0x57, 0x44, 0x27, 0xff,
    0x57, 0x44, 0x27, 0xff, 0x57, 0x44, 0x27, 0xff, 0x57, 0x44, 0x27, 0xff,
    0x57, 0x44, 0x27, 0xff, 0x57, 0x44, 0x27, 0xff, 0x57, 0x44, 0x27, 0xff,
    0x57, 0x44, 0x27, 0xff, 0x57, 0x44, 0x27, 0xff, 0x57, 0x44, 0x27, 0xff,
    0x57, 0x44, 0x27, 0xff, 0x57, 0x44, 0x27, 0xff, 0x57, 0x44, 0x27, 0xff,
    0x57, 0x44, 0x27, 0xff, 0x57, 0x44, 0x27, 0xff, 0x57, 0x44, 0x27, 0xff,
    0x3f, 0x31, 0x1c, 0xff, 0x3f, 0x31, 0x1c, 0xff, 0x41, 0x33, 0x1f, 0xff,
    0x78, 0x69, 0x52, 0xff, 0x65, 0x53, 0x39, 0xff, 0x59, 0x46, 0x29, 0xff,
    0x57, 0x44, 0x27, 0xff, 0x57, 0x44, 0x27, 0xff, 0x57, 0x44, 0x27, 0xff,
    0x57, 0x44, 0x27, 0xff, 0x57, 0x44, 0x27, 0xff, 0x57, 0x44, 0x27, 0xff,
    0x57, 0x44, 0x27, 0xff, 0x57, 0x44, 0x27, 0xff, 0x57, 0x44, 0x27, 0xff,
    0x57, 0x44, 0x27, 0xff, 0x57, 0x44, 0x27, 0xff, 0x57, 0x44, 0x27, 0xff,
    0x57, 0x44, 0x27, 0xff, 0x57, 0x44, 0x27, 0xff, 0x57, 0x44, 0x27, 0xff,
    0x57, 0x44, 0x27, 0xff, 0x57, 0x44, 0x27, 0xff, 0x57, 0x44, 0x27, 0xff,
    0x57, 0x44, 0x27, 0xff, 0x57, 0x44, 0x27, 0xff, 0x57, 0x44, 0x27, 0xff,
    0x57, 0x44, 0x27, 0xff, 0x57, 0x44, 0x27, 0xff, 0x57, 0x44, 0x27, 0xff,
    0x57, 0x44, 0x27, 0xff, 0x57, 0x44, 0x27, 0xff, 0x57, 0x44, 0x27, 0xff,
    0x57, 0x44, 0x27, 0xff, 0x57, 0x44, 0x27, 0xff, 0x57, 0x44, 0x27, 0xff,
    0x57, 0x44, 0x27, 0xff, 0x57, 0x44, 0x27, 0xff, 0x57, 0x44, 0x27, 0xff,
    0x57, 0x44, 0x27, 0xff, 0x57, 0x44, 0x27, 0xff, 0x57, 0x44, 0x27, 0xff,
    0x57, 0x44, 0x27, 0xff, 0x57, 0x44, 0x27, 0xff, 0x57, 0x44, 0x27, 0xff,
    0x57, 0x44, 0x27, 0xff, 0x57, 0x44, 0x27, 0xff, 0x57, 0x44, 0x27, 0xff,
    0x57, 0x44, 0x27, 0xff, 0x57, 0x44, 0x27, 0xff, 0x3f, 0x31, 0x1c, 0xff,
    0x3f, 0x31, 0x1c, 0xff, 0x41, 0x33, 0x1f, 0xff, 0x78, 0x69, 0x52, 0xff,
    0x65, 0x53, 0x39, 0xff, 0x59, 0x46, 0x29, 0xff, 0x57, 0x44, 0x27, 0xff,
    0x57, 0x44, 0x27, 0xff, 0x57, 0x44, 0x27, 0xff, 0x57, 0x44, 0x27, 0xff,
    0x57, 0x44, 0x27, 0xff, 0x57, 0x44, 0x27, 0xff, 0x57, 0x44, 0x27, 0xff,
    0x57, 0x44, 0x27, 0xff, 0x57, 0x44, 0x27, 0xff, 0x57, 0x44, 0x27, 0xff,
    0x57, 0x44, 0x27, 0xff, 0x57, 0x44, 0x27, 0xff, 0x57, 0x44, 0x27, 0xff,
    0x57, 0x44, 0x27, 0xff, 0x57, 0x44, 0x27, 0xff, 0x57, 0x44, 0x27, 0xff,
    0x57, 0x44, 0x27, 0xff, 0x57, 0x44, 0x27, 0xff, 0x57, 0x44, 0x27, 0xff,
    0x57, 0x44, 0x27, 0xff, 0x57, 0x44, 0x27, 0xff, 0x57, 0x44, 0x27, 0xff,
    0x57, 0x44, 0x27, 0xff, 0x57, 0x44, 0x27, 0xff, 0x57, 0x44, 0x27, 0xff,
    0x57, 0x44, 0x27, 0xff, 0x57, 0x44, 0x27, 0xff, 0x57, 0x44, 0x27, 0xff,
    0x57, 0x44, 0x27, 0xff, 0x57, 0x44, 0x27, 0xff, 0x57, 0x44, 0x27, 0xff,
    0x57, 0x44, 0x27, 0xff, 0x57, 0x44, 0x27, 0xff, 0x57, 0x44, 0x27, 0xff,
    0x57, 0x44, 0x27, 0xff, 0x57, 0x44, 0x27, 0xff, 0x57, 0x44, 0x27, 0xff,
    0x57, 0x44, 0x27, 0xff, 0x57, 0x44, 0x27, 0xff, 0x57, 0x44, 0x27, 0xff,
    0x57, 0x44, 0x27, 0xff, 0x57, 0x44, 0x27, 0xff, 0x57, 0x44, 0x27, 0xff,
    0x57, 0x44, 0x27, 0xff, 0x3f, 0x31, 0x1c, 0xff, 0x3f, 0x31, 0x1c, 0xff,
    0x41, 0x33, 0x1f, 0xff, 0x78, 0x69, 0x52, 0xff, 0x65, 0x53, 0x39, 0xff,
    0x59, 0x46, 0x29, 0xff, 0x57, 0x44, 0x27, 0xff, 0x57, 0x44, 0x27, 0xff,
    0x57, 0x44, 0x27, 0xff, 0x57, 0x44, 0x27, 0xff, 0x57, 0x44, 0x27, 0xff,
    0x57, 0x44, 0x27, 0xff, 0x57, 0x44, 0x27, 0xff, 0x57, 0x44, 0x27, 0xff,
    0x57, 0x44, 0x27, 0xff, 0x57, 0x44, 0x27, 0xff, 0x57, 0x44, 0x27, 0xff,
    0x57, 0x44, 0x27, 0xff, 0x57, 0x44, 0x27, 0xff, 0x57, 0x44, 0x27, 0xff,
    0x57, 0x44, 0x27, 0xff, 0x57, 0x44, 0x27, 0xff, 0x57, 0x44, 0x27, 0xff,
    0x57, 0x44, 0x27, 0xff, 0x57, 0x44, 0x27, 0xff, 0x57, 0x44, 0x27, 0xff,
    0x57, 0x44, 0x27, 0xff, 0x57, 0x44, 0x27, 0xff, 0x57, 0x44, 0x27, 0xff,
    0x57, 0x44, 0x27, 0xff, 0x57, 0x44, 0x27, 0xff, 0x57, 0x44, 0x27, 0xff,
    0x57, 0x44, 0x27, 0xff, 0x57, 0x44, 0x27, 0xff, 0x57, 0x44, 0x27, 0xff,
    0x57, 0x44, 0x27, 0xff, 0x57, 0x44, 0x27, 0xff, 0x57, 0x44, 0x27, 0xff,
    0x57, 0x44, 0x27, 0xff, 0x57, 0x44, 0x27, 0xff, 0x57, 0x44, 0x27, 0xff,
    0x57, 0x44, 0x27, 0xff, 0x57, 0x44, 0x27, 0xff, 0x57, 0x44, 0x27, 0xff,
    0x57, 0x44, 0x27, 0xff, 0x57, 0x44, 0x27, 0xff, 0x57, 0x44, 0x27, 0xff,
    0x57, 0x44, 0x27, 0xff, 0x57, 0x44, 0x27, 0xff, 0x57, 0x44, 0x27, 0xff,
    0x3f, 0x31, 0x1c, 0xff, 0x3f, 0x31, 0x1c, 0xff, 0x41, 0x33, 0x1f, 0xff,
    0x78, 0x69, 0x52, 0xff, 0x65, 0x53, 0x39, 0xff, 0x59, 0x46, 0x29, 0xff,
    0x57, 0x44, 0x27, 0xff, 0x57, 0x44, 0x27, 0xff, 0x57, 0x44, 0x27, 0xff,
    0x57, 0x44, 0x27, 0xff, 0x57, 0x44, 0x27, 0xff, 0x57, 0x44, 0x27, 0xff,
    0x57, 0x44, 0x27, 0xff, 0x57, 0x44, 0x27, 0xff, 0x57, 0x44, 0x27, 0xff,
    0x57, 0x44, 0x27, 0xff, 0x57, 0x44, 0x27, 0xff, 0x57, 0x44, 0x27, 0xff,
    0x57, 0x44, 0x27, 0xff, 0x57, 0x44, 0x27, 0xff, 0x57, 0x44, 0x27, 0xff,
    0x57, 0x44, 0x27, 0xff, 0x57, 0x44, 0x27, 0xff, 0x57, 0x44, 0x27, 0xff,
    0x57, 0x44, 0x27, 0xff, 0x57, 0x44, 0x27, 0xff, 0x57, 0x44, 0x27, 0xff,
    0x57, 0x44, 0x27, 0xff, 0x57, 0x44, 0x27, 0xff, 0x57, 0x44, 0x27, 0xff,
    0x57, 0x44, 0x27, 0xff, 0x57, 0x44, 0x27, 0xff, 0x57, 0x44, 0x27, 0xff,
    0x57, 0x44, 0x27, 0xff, 0x57, 0x44, 0x27, 0xff, 0x57, 0x44, 0x27, 0xff,
    0x57, 0x44, 0x27, 0xff, 0x57, 0x44, 0x27, 0xff, 0x57, 0x44, 0x27, 0xff,
    0x57, 0x44, 0x27, 0xff, 0x57, 0x44, 0x27, 0xff, 0x57, 0x44, 0x27, 0xff,
    0x57, 0x44, 0x27, 0xff, 0x57, 0x44, 0x27, 0xff, 0x57, 0x44, 0x27, 0xff,
    0x57, 0x44, 0x27, 0xff, 0x57, 0x44, 0x27, 0xff, 0x57, 0x44, 0x27, 0xff,
    0x57, 0x44, 0x27, 0xff, 0x57, 0x44, 0x27, 0xff, 0x3f, 0x31, 0x1c, 0xff,
    0x3f, 0x31, 0x1c, 0xff, 0x41, 0x33, 0x1f, 0xff, 0x78, 0x69, 0x52, 0xff,
    0x64, 0x53, 0x39, 0xff, 0x59, 0x46, 0x29, 0xff, 0x57, 0x44, 0x27, 0xff,
    0x57, 0x44, 0x27, 0xff, 0x57, 0x44, 0x27, 0xff, 0x57, 0x44, 0x27, 0xff,
    0x57, 0x44, 0x27, 0xff, 0x57, 0x44, 0x27, 0xff, 0x57, 0x44, 0x27, 0xff,
    0x57, 0x44, 0x27, 0xff, 0x57, 0x44, 0x27, 0xff, 0x57, 0x44, 0x27, 0xff,
    0x57, 0x44, 0x27, 0xff, 0x57, 0x44, 0x27, 0xff, 0x57, 0x44, 0x27, 0xff,
    0x57, 0x44, 0x27, 0xff, 0x57, 0x44, 0x27, 0xff, 0x57, 0x44, 0x27, 0xff,
    0x57, 0x44, 0x27, 0xff, 0x57, 0x44, 0x27, 0xff, 0x57, 0x44, 0x27, 0xff,
    0x57, 0x44, 0x27, 0xff, 0x57, 0x44, 0x27, 0xff, 0x57, 0x44, 0x27, 0xff,
    0x57, 0x44, 0x27, 0xff, 0x57, 0x44, 0x27, 0xff, 0x57, 0x44, 0x27, 0xff,
    0x57, 0x44, 0x27, 0xff, 0x57, 0x44, 0x27, 0xff, 0x57, 0x44, 0x27, 0xff,
    0x57, 0x44, 0x27, 0xff, 0x57, 0x44, 0x27, 0xff, 0x57, 0x44, 0x27, 0xff,
    0x57, 0x44, 0x27, 0xff, 0x57, 0x44, 0x27, 0xff, 0x57, 0x44, 0x27, 0xff,
    0x57, 0x44, 0x27, 0xff, 0x57, 0x44, 0x27, 0xff, 0x57, 0x44, 0x27, 0xff,
    0x57, 0x44, 0x27, 0xff, 0x57, 0x44, 0x27, 0xff, 0x57, 0x44, 0x27, 0xff,
    0x57, 0x44, 0x27, 0xff, 0x57, 0x44, 0x27, 0xff, 0x57, 0x44, 0x27, 0xff,
    0x57, 0x44, 0x27, 0xff, 0x3f, 0x31, 0x1c, 0xff, 0x3f, 0x31, 0x1c, 0xff,
    0x41, 0x33, 0x1f, 0xff, 0x78, 0x69, 0x52, 0xff, 0x64, 0x53, 0x39, 0xff,
    0x59, 0x46, 0x29, 0xff, 0x57, 0x44, 0x27, 0xff, 0x57, 0x44, 0x27, 0xff,
    0x57, 0x44, 0x27, 0xff, 0x57, 0x44, 0x27, 0xff, 0x57, 0x44, 0x27, 0xff,
    0x57, 0x44, 0x27, 0xff, 0x57, 0x44, 0x27, 0xff, 0x57, 0x44, 0x27, 0xff,
    0x57, 0x44, 0x27, 0xff, 0x57, 0x44, 0x27, 0xff, 0x57, 0x44, 0x27, 0xff,
    0x57, 0x44, 0x27, 0xff, 0x57, 0x44, 0x27, 0xff, 0x57, 0x44, 0x27, 0xff,
    0x57, 0x44, 0x27, 0xff, 0x57, 0x44, 0x27, 0xff, 0x57, 0x44, 0x27, 0xff,
    0x57, 0x44, 0x27, 0xff, 0x57, 0x44, 0x27, 0xff, 0x57, 0x44, 0x27, 0xff,
    0x57, 0x44, 0x27, 0xff, 0x57, 0x44, 0x27, 0xff, 0x57, 0x44, 0x27, 0xff,
    0x57, 0x44, 0x27, 0xff, 0x57, 0x44, 0x27, 0xff, 0x57, 0x44, 0x27, 0xff,
    0x57, 0x44, 0x27, 0xff, 0x57, 0x44, 0x27, 0xff, 0x57, 0x44, 0x27, 0xff,
    0x57, 0x44, 0x27, 0xff, 0x57, 0x44, 0x27, 0xff, 0x57, 0x44, 0x27, 0xff,
    0x57, 0x44, 0x27, 0xff, 0x57, 0x44, 0x27, 0xff, 0x57, 0x44, 0x27, 0xff,
    0x57, 0x44, 0x27, 0xff, 0x57, 0x44, 0x27, 0xff, 0x57, 0x44, 0x27, 0xff,
    0x57, 0x44, 0x27, 0xff, 0x57, 0x44, 0x27, 0xff, 0x57, 0x44, 0x27, 0xff,
    0x57, 0x44, 0x27, 0xff, 0x57, 0x44, 0x27, 0xff, 0x57, 0x44, 0x27, 0xff,
    0x3f, 0x31, 0x1c, 0xff, 0x3f, 0x31, 0x1c, 0xff, 0x41, 0x33, 0x1f, 0xff,
    0x78, 0x69, 0x52, 0xff, 0x64, 0x53, 0x39, 0xff, 0x59, 0x46, 0x29, 0xff,
    0x57, 0x44, 0x27, 0xff, 0x57, 0x44, 0x27, 0xff, 0x57, 0x44, 0x27, 0xff,
    0x57, 0x44, 0x27, 0xff, 0x57, 0x44, 0x27, 0xff, 0x57, 0x44, 0x27, 0xff,
    0x57, 0x44, 0x27, 0xff, 0x57, 0x44, 0x27, 0xff, 0x57, 0x44, 0x27, 0xff,
    0x57, 0x44, 0x27, 0xff, 0x57, 0x44, 0x27, 0xff, 0x57, 0x44, 0x27, 0xff,
    0x57, 0x44, 0x27, 0xff, 0x57, 0x44, 0x27, 0xff, 0x57, 0x44, 0x27, 0xff,
    0x57, 0x44, 0x27, 0xff, 0x57, 0x44, 0x27, 0xff, 0x57, 0x44, 0x27, 0xff,
    0x57, 0x44, 0x27, 0xff, 0x57, 0x44, 0x27, 0xff, 0x57, 0x44, 0x27, 0xff,
    0x57, 0x44, 0x27, 0xff, 0x57, 0x44, 0x27, 0xff, 0x57, 0x44, 0x27, 0xff,
    0x57, 0x44, 0x27, 0xff, 0x57, 0x44, 0x27, 0xff, 0x57, 0x44, 0x27, 0xff,
    0x57, 0x44, 0x27, 0xff, 0x57, 0x44, 0x27, 0xff, 0x57, 0x44, 0x27, 0xff,
    0x57, 0x44, 0x27, 0xff, 0x57, 0x44, 0x27, 0xff, 0x57, 0x44, 0x27, 0xff,
    0x57, 0x44, 0x27, 0xff, 0x57, 0x44, 0x27, 0xff, 0x57, 0x44, 0x27, 0xff,
    0x57, 0x44, 0x27, 0xff, 0x57, 0x44, 0x27, 0xff, 0x57, 0x44, 0x27, 0xff,
    0x57, 0x44, 0x27, 0xff, 0x57, 0x44, 0x27, 0xff, 0x57, 0x44, 0x27, 0xff,
    0x57, 0x44, 0x27, 0xff, 0x57, 0x44, 0x27, 0xff, 0x3f, 0x31, 0x1c, 0xff,
    0x3f, 0x31, 0x1c, 0xff, 0x41, 0x33, 0x1f, 0xff, 0x78, 0x69, 0x52, 0xff,
    0x64, 0x53, 0x39, 0xff, 0x59, 0x46, 0x29, 0xff, 0x57, 0x44, 0x27, 0xff,
    0x57, 0x44, 0x27, 0xff, 0x57, 0x44, 0x27, 0xff, 0x57, 0x44, 0x27, 0xff,
    0x57, 0x44, 0x27, 0xff, 0x57, 0x44, 0x27, 0xff, 0x57, 0x44, 0x27, 0xff,
    0x57, 0x44, 0x27, 0xff, 0x57, 0x44, 0x27, 0xff, 0x57, 0x44, 0x27, 0xff,
    0x57, 0x44, 0x27, 0xff, 0x57, 0x44, 0x27, 0xff, 0x57, 0x44, 0x27, 0xff,
    0x57, 0x44, 0x27, 0xff, 0x57, 0x44, 0x27, 0xff, 0x57, 0x44, 0x27, 0xff,
    0x57, 0x44, 0x27, 0xff, 0x57, 0x44, 0x27, 0xff, 0x57, 0x44, 0x27, 0xff,
    0x57, 0x44, 0x27, 0xff, 0x57, 0x44, 0x27, 0xff, 0x57, 0x44, 0x27, 0xff,
    0x57, 0x44, 0x27, 0xff, 0x57, 0x44, 0x27, 0xff, 0x57, 0x44, 0x27, 0xff,
    0x57, 0x44, 0x27, 0xff, 0x57, 0x44, 0x27, 0xff, 0x57, 0x44, 0x27, 0xff,
    0x57, 0x44, 0x27, 0xff, 0x57, 0x44, 0x27, 0xff, 0x57, 0x44, 0x27, 0xff,
    0x57, 0x44, 0x27, 0xff, 0x57, 0x44, 0x27, 0xff, 0x57, 0x44, 0x27, 0xff,
    0x57, 0x44, 0x27, 0xff, 0x57, 0x44, 0x27, 0xff, 0x57, 0x44, 0x27, 0xff,
    0x57, 0x44, 0x27, 0xff, 0x57, 0x44, 0x27, 0xff, 0x57, 0x44, 0x27, 0xff,
    0x57, 0x44, 0x27, 0xff, 0x57, 0x44, 0x27, 0xff, 0x57, 0x44, 0x27, 0xff,
    0x57, 0x44, 0x27, 0xff, 0x3f, 0x31, 0x1c, 0xff, 0x3f, 0x31, 0x1c, 0xff,
    0x41, 0x33, 0x1f, 0xff, 0x78, 0x69, 0x52, 0xff, 0x64, 0x53, 0x39, 0xff,
    0x59, 0x46, 0x29, 0xff, 0x57, 0x44, 0x27, 0xff, 0x57, 0x44, 0x27, 0xff,
    0x57, 0x44, 0x27, 0xff, 0x57, 0x44, 0x27, 0xff, 0x57, 0x44, 0x27, 0xff,
    0x57, 0x44, 0x27, 0xff, 0x57, 0x44, 0x27, 0xff, 0x57, 0x44, 0x27, 0xff,
    0x57, 0x44, 0x27, 0xff, 0x57, 0x44, 0x27, 0xff, 0x57, 0x44, 0x27, 0xff,
    0x57, 0x44, 0x27, 0xff, 0x57, 0x44, 0x27, 0xff, 0x57, 0x44, 0x27, 0xff,
    0x57, 0x44, 0x27, 0xff, 0x57, 0x44, 0x27, 0xff, 0x57, 0x44, 0x27, 0xff,
    0x57, 0x44, 0x27, 0xff, 0x57, 0x44, 0x27, 0xff, 0x57, 0x44, 0x27, 0xff,
    0x57, 0x44, 0x27, 0xff, 0x57, 0x44, 0x27, 0xff, 0x57, 0x44, 0x27, 0xff,
    0x57, 0x44, 0x27, 0xff, 0x57, 0x44, 0x27, 0xff, 0x57, 0x44, 0x27, 0xff,
    0x57, 0x44, 0x27, 0xff, 0x57, 0x44, 0x27, 0xff, 0x57, 0x44, 0x27, 0xff,
    0x57, 0x44, 0x27, 0xff, 0x57, 0x44, 0x27, 0xff, 0x57, 0x44, 0x27, 0xff,
    0x57, 0x44, 0x27, 0xff, 0x57, 0x44, 0x27, 0xff, 0x57, 0x44, 0x27, 0xff,
    0x57, 0x44, 0x27, 0xff, 0x57, 0x44, 0x27, 0xff, 0x57, 0x44, 0x27, 0xff,
    0x57, 0x44, 0x27, 0xff, 0x57, 0x44, 0x27, 0xff, 0x57, 0x44, 0x27, 0xff,
    0x57, 0x44, 0x27, 0xff, 0x57, 0x44, 0x27, 0xff, 0x57, 0x44, 0x27, 0xff,
    0x3f, 0x31, 0x1c, 0xff, 0x3f, 0x31, 0x1c, 0xff, 0x41, 0x33, 0x1f, 0xff,
    0x78, 0x69, 0x52, 0xff, 0x64, 0x53, 0x39, 0xff, 0x59, 0x46, 0x29, 0xff,
    0x57, 0x44, 0x27, 0xff, 0x57, 0x44, 0x27, 0xff, 0x57, 0x44, 0x27, 0xff,
    0x57, 0x44, 0x27, 0xff, 0x57, 0x44, 0x27, 0xff, 0x57, 0x44, 0x27, 0xff,
    0x57, 0x44, 0x27, 0xff, 0x57, 0x44, 0x27, 0xff, 0x57, 0x44, 0x27, 0xff,
    0x57, 0x44, 0x27, 0xff, 0x57, 0x44, 0x27, 0xff, 0x57, 0x44, 0x27, 0xff,
    0x57, 0x44, 0x27, 0xff, 0x57, 0x44, 0x27, 0xff, 0x57, 0x44, 0x27, 0xff,
    0x57, 0x44, 0x27, 0xff, 0x57, 0x44, 0x27, 0xff, 0x57, 0x44, 0x27, 0xff,
    0x57, 0x44, 0x27, 0xff, 0x57, 0x44, 0x27, 0xff, 0x57, 0x44, 0x27, 0xff,
    0x57, 0x44, 0x27, 0xff, 0x57, 0x44, 0x27, 0xff, 0x57, 0x44, 0x27, 0xff,
    0x57, 0x44, 0x27, 0xff, 0x57, 0x44, 0x27, 0xff, 0x57, 0x44, 0x27, 0xff,
    0x57, 0x44, 0x27, 0xff, 0x57, 0x44, 0x27, 0xff, 0x57, 0x44, 0x27, 0xff,
    0x57, 0x44, 0x27, 0xff, 0x57, 0x44, 0x27, 0xff, 0x57, 0x44, 0x27, 0xff,
    0x57, 0x44, 0x27, 0xff, 0x57, 0x44, 0x27, 0xff, 0x57, 0x44, 0x27, 0xff,
    0x57, 0x44, 0x27, 0xff, 0x57, 0x44, 0x27, 0xff, 0x57, 0x44, 0x27, 0xff,
    0x57, 0x44, 0x27, 0xff, 0x57, 0x44, 0x27, 0xff, 0x57, 0x44, 0x27, 0xff,
    0x57, 0x44, 0x27, 0xff, 0x57, 0x44, 0x27, 0xff, 0x3f, 0x31, 0x1c, 0xff,
    0x3f, 0x31, 0x1c, 0xff, 0x41, 0x33, 0x1f, 0xff, 0x78, 0x69, 0x52, 0xff,
    0x65, 0x53, 0x39, 0xff, 0x59, 0x46, 0x29, 0xff, 0x57, 0x44, 0x27, 0xff,
    0x57, 0x44, 0x27, 0xff, 0x57, 0x44, 0x27, 0xff, 0x57, 0x44, 0x27, 0xff,
    0x57, 0x44, 0x27, 0xff, 0x57, 0x44, 0x27, 0xff, 0x57, 0x44, 0x27, 0xff,
    0x57, 0x44, 0x27, 0xff, 0x57, 0x44, 0x27, 0xff, 0x57, 0x44, 0x27, 0xff,
    0x57, 0x44, 0x27, 0xff, 0x57, 0x44, 0x27, 0xff, 0x57, 0x44, 0x27, 0xff,
    0x57, 0x44, 0x27, 0xff, 0x57, 0x44, 0x27, 0xff, 0x57, 0x44, 0x27, 0xff,
    0x57, 0x44, 0x27, 0xff, 0x57, 0x44, 0x27, 0xff, 0x57, 0x44, 0x27, 0xff,
    0x57, 0x44, 0x27, 0xff, 0x57, 0x44, 0x27, 0xff, 0x57, 0x44, 0x27, 0xff,
    0x57, 0x44, 0x27, 0xff, 0x57, 0x44, 0x27, 0xff, 0x57, 0x44, 0x27, 0xff,
    0x57, 0x44, 0x27, 0xff, 0x57, 0x44, 0x27, 0xff, 0x57, 0x44, 0x27, 0xff,
    0x57, 0x44, 0x27, 0xff, 0x57, 0x44, 0x27, 0xff, 0x57, 0x44, 0x27, 0xff,
    0x57, 0x44, 0x27, 0xff, 0x57, 0x44, 0x27, 0xff, 0x57, 0x44, 0x27, 0xff,
    0x57, 0x44, 0x27, 0xff, 0x57, 0x44, 0x27, 0xff, 0x57, 0x44, 0x27, 0xff,
    0x57, 0x44, 0x27, 0xff, 0x57, 0x44, 0x27, 0xff, 0x57, 0x44, 0x27, 0xff,
    0x57, 0x44, 0x27, 0xff, 0x57, 0x44, 0x27, 0xff, 0x57, 0x44, 0x27, 0xff,
    0x57, 0x44, 0x27, 0xff, 0x3f, 0x31, 0x1c, 0xff, 0x3f, 0x31, 0x1c, 0xff,
    0x41, 0x33, 0x1f, 0xff, 0x78, 0x69, 0x52, 0xff, 0x65, 0x53, 0x39, 0xff,
    0x59, 0x46, 0x29, 0xff, 0x57, 0x44, 0x27, 0xff, 0x57, 0x44, 0x27, 0xff,
    0x57, 0x44, 0x27, 0xff, 0x57, 0x44, 0x27, 0xff, 0x57, 0x44, 0x27, 0xff,
    0x57, 0x44, 0x27, 0xff, 0x57, 0x44, 0x27, 0xff, 0x57, 0x44, 0x27, 0xff,
    0x57, 0x44, 0x27, 0xff, 0x57, 0x44, 0x27, 0xff, 0x57, 0x44, 0x27, 0xff,
    0x57, 0x44, 0x27, 0xff, 0x57, 0x44, 0x27, 0xff, 0x57, 0x44, 0x27, 0xff,
    0x57, 0x44, 0x27, 0xff, 0x57, 0x44, 0x27, 0xff, 0x57, 0x44, 0x27, 0xff,
    0x57, 0x44, 0x27, 0xff, 0x57, 0x44, 0x27, 0xff, 0x57, 0x44, 0x27, 0xff,
    0x57, 0x44, 0x27, 0xff, 0x57, 0x44, 0x27, 0xff, 0x57, 0x44, 0x27, 0xff,
    0x57, 0x44, 0x27, 0xff, 0x57, 0x44, 0x27, 0xff, 0x57, 0x44, 0x27, 0xff,
    0x57, 0x44, 0x27, 0xff, 0x57, 0x44, 0x27, 0xff, 0x57, 0x44, 0x27, 0xff,
    0x57, 0x44, 0x27, 0xff, 0x57, 0x44, 0x27, 0xff, 0x57, 0x44, 0x27, 0xff,
    0x57, 0x44, 0x27, 0xff, 0x57, 0x44, 0x27, 0xff, 0x57, 0x44, 0x27, 0xff,
    0x57, 0x44, 0x27, 0xff, 0x57, 0x44, 0x27, 0xff, 0x57, 0x44, 0x27, 0xff,
    0x57, 0x44, 0x27, 0xff, 0x57, 0x44, 0x27, 0xff, 0x57, 0x44, 0x27, 0xff,
    0x57, 0x44, 0x27, 0xff, 0x57, 0x44, 0x27, 0xff, 0x57, 0x44, 0x27, 0xff,
    0x3f, 0x31, 0x1c, 0xff, 0x3f, 0x31, 0x1c, 0xff, 0x41, 0x33, 0x1f, 0xff,
    0x78, 0x69, 0x52, 0xff, 0x65, 0x53, 0x39, 0xff, 0x59, 0x46, 0x29, 0xff,
    0x57, 0x44, 0x27, 0xff, 0x57, 0x44, 0x27, 0xff, 0x57, 0x44, 0x27, 0xff,
    0x57, 0x44, 0x27, 0xff, 0x57, 0x44, 0x27, 0xff, 0x57, 0x44, 0x27, 0xff,
    0x57, 0x44, 0x27, 0xff, 0x57, 0x44, 0x27, 0xff, 0x57, 0x44, 0x27, 0xff,
    0x57, 0x44, 0x27, 0xff, 0x57, 0x44, 0x27, 0xff, 0x57, 0x44, 0x27, 0xff,
    0x57, 0x44, 0x27, 0xff, 0x57, 0x44, 0x27, 0xff, 0x57, 0x44, 0x27, 0xff,
    0x57, 0x44, 0x27, 0xff, 0x57, 0x44, 0x27, 0xff, 0x57, 0x44, 0x27, 0xff,
    0x57, 0x44, 0x27, 0xff, 0x57, 0x44, 0x27, 0xff, 0x57, 0x44, 0x27, 0xff,
    0x57, 0x44, 0x27, 0xff, 0x57, 0x44, 0x27, 0xff, 0x57, 0x44, 0x27, 0xff,
    0x57, 0x44, 0x27, 0xff, 0x57, 0x44, 0x27, 0xff, 0x57, 0x44, 0x27, 0xff,
    0x57, 0x44, 0x27, 0xff, 0x57, 0x44, 0x27, 0xff, 0x57, 0x44, 0x27, 0xff,
    0x57, 0x44, 0x27, 0xff, 0x57, 0x44, 0x27, 0xff, 0x57, 0x44, 0x27, 0xff,
    0x57, 0x44, 0x27, 0xff, 0x57, 0x44, 0x27, 0xff, 0x57, 0x44, 0x27, 0xff,
    0x57, 0x44, 0x27, 0xff, 0x57, 0x44, 0x27, 0xff, 0x57, 0x44, 0x27, 0xff,
    0x57, 0x44, 0x27, 0xff, 0x57, 0x44, 0x27, 0xff, 0x57, 0x44, 0x27, 0xff,
    0x57, 0x44, 0x27, 0xff, 0x57, 0x44, 0x27, 0xff, 0x3f, 0x31, 0x1c, 0xff,
    0x3f, 0x31, 0x1c, 0xff, 0x41, 0x33, 0x1f, 0xff, 0x79, 0x6a, 0x52, 0xef,
    0x64, 0x53, 0x39, 0xff, 0x59, 0x46, 0x29, 0xff, 0x57, 0x44, 0x27, 0xff,
    0x57, 0x44, 0x27, 0xff, 0x57, 0x44, 0x27, 0xff, 0x57, 0x44, 0x27, 0xff,
    0x57, 0x44, 0x27, 0xff, 0x57, 0x44, 0x27, 0xff, 0x57, 0x44, 0x27, 0xff,
    0x57, 0x44, 0x27, 0xff, 0x57, 0x44, 0x27, 0xff, 0x57, 0x44, 0x27, 0xff,
    0x57, 0x44, 0x27, 0xff, 0x57, 0x44, 0x27, 0xff, 0x57, 0x44, 0x27, 0xff,
    0x57, 0x44, 0x27, 0xff, 0x57, 0x44, 0x27, 0xff, 0x57, 0x44, 0x27, 0xff,
    0x57, 0x44, 0x27, 0xff, 0x57, 0x44, 0x27, 0xff, 0x57, 0x44, 0x27, 0xff,
    0x57, 0x44, 0x27, 0xff, 0x57, 0x44, 0x27, 0xff, 0x57, 0x44, 0x27, 0xff,
    0x57, 0x44, 0x27, 0xff, 0x57, 0x44, 0x27, 0xff, 0x57, 0x44, 0x27, 0xff,
    0x57, 0x44, 0x27, 0xff, 0x57, 0x44, 0x27, 0xff, 0x57, 0x44, 0x27, 0xff,
    0x57, 0x44, 0x27, 0xff, 0x57, 0x44, 0x27, 0xff, 0x57, 0x44, 0x27, 0xff,
    0x57, 0x44, 0x27, 0xff, 0x57, 0x44, 0x27, 0xff, 0x57, 0x44, 0x27, 0xff,
    0x57, 0x44, 0x27, 0xff, 0x57, 0x44, 0x27, 0xff, 0x57, 0x44, 0x27, 0xff,
    0x57, 0x44, 0x27, 0xff, 0x57, 0x44, 0x27, 0xff, 0x57, 0x44, 0x27, 0xff,
    0x57, 0x44, 0x27, 0xff, 0x57, 0x44, 0x27, 0xff, 0x57, 0x44, 0x27, 0xff,
    0x57, 0x44, 0x27, 0xff, 0x3f, 0x31, 0x1c, 0xff, 0x3f, 0x31, 0x1c, 0xff,
    0x41, 0x33, 0x1f, 0xff, 0x79, 0x69, 0x52, 0xdf, 0x65, 0x54, 0x39, 0xff,
    0x59, 0x46, 0x29, 0xff, 0x57, 0x44, 0x27, 0xff, 0x57, 0x44, 0x27, 0xff,
    0x57, 0x44, 0x27, 0xff, 0x57, 0x44, 0x27, 0xff, 0x57, 0x44, 0x27, 0xff,
    0x57, 0x44, 0x27, 0xff, 0x57, 0x44, 0x27, 0xff, 0x57, 0x44, 0x27, 0xff,
    0x57, 0x44, 0x27, 0xff, 0x57, 0x44, 0x27, 0xff, 0x57, 0x44, 0x27, 0xff,
    0x57, 0x44, 0x27, 0xff, 0x57, 0x44, 0x27, 0xff, 0x57, 0x44, 0x27, 0xff,
    0x57, 0x44, 0x27, 0xff, 0x57, 0x44, 0x27, 0xff, 0x57, 0x44, 0x27, 0xff,
    0x57, 0x44, 0x27, 0xff, 0x57, 0x44, 0x27, 0xff, 0x57, 0x44, 0x27, 0xff,
    0x57, 0x44, 0x27, 0xff, 0x57, 0x44, 0x27, 0xff, 0x57, 0x44, 0x27, 0xff,
    0x57, 0x44, 0x27, 0xff, 0x57, 0x44, 0x27, 0xff, 0x57, 0x44, 0x27, 0xff,
    0x57, 0x44, 0x27, 0xff, 0x57, 0x44, 0x27, 0xff, 0x57, 0x44, 0x27, 0xff,
    0x57, 0x44, 0x27, 0xff, 0x57, 0x44, 0x27, 0xff, 0x57, 0x44, 0x27, 0xff,
    0x57, 0x44, 0x27, 0xff, 0x57, 0x44, 0x27, 0xff, 0x57, 0x44, 0x27, 0xff,
    0x57, 0x44, 0x27, 0xff, 0x57, 0x44, 0x27, 0xff, 0x57, 0x44, 0x27, 0xff,
    0x57, 0x44, 0x27, 0xff, 0x57, 0x44, 0x27, 0xff, 0x57, 0x44, 0x27, 0xff,
    0x57, 0x44, 0x27, 0xff, 0x57, 0x44, 0x27, 0xff, 0x54, 0x42, 0x26, 0xff,
    0x3f, 0x31, 0x1c, 0xff, 0x3f, 0x31, 0x1c, 0xff, 0x41, 0x32, 0x1e, 0xdf,
    0x7b, 0x6c, 0x55, 0xcf, 0x69, 0x57, 0x3d, 0xff, 0x5a, 0x47, 0x2b, 0xff,
    0x57, 0x44, 0x27, 0xff, 0x57, 0x44, 0x27, 0xff, 0x57, 0x44, 0x27, 0xff,
    0x57, 0x44, 0x27, 0xff, 0x57, 0x44, 0x27, 0xff, 0x57, 0x44, 0x27, 0xff,
    0x57, 0x44, 0x27, 0xff, 0x57, 0x44, 0x27, 0xff, 0x57, 0x44, 0x27, 0xff,
    0x57, 0x44, 0x27, 0xff, 0x57, 0x44, 0x27, 0xff, 0x57, 0x44, 0x27, 0xff,
    0x57, 0x44, 0x27, 0xff, 0x57, 0x44, 0x27, 0xff, 0x57, 0x44, 0x27, 0xff,
    0x57, 0x44, 0x27, 0xff, 0x57, 0x44, 0x27, 0xff, 0x57, 0x44, 0x27, 0xff,
    0x57, 0x44, 0x27, 0xff, 0x57, 0x44, 0x27, 0xff, 0x57, 0x44, 0x27, 0xff,
    0x57, 0x44, 0x27, 0xff, 0x57, 0x44, 0x27, 0xff, 0x57, 0x44, 0x27, 0xff,
    0x57, 0x44, 0x27, 0xff, 0x57, 0x44, 0x27, 0xff, 0x57, 0x44, 0x27, 0xff,
    0x57, 0x44, 0x27, 0xff, 0x57, 0x44, 0x27, 0xff, 0x57, 0x44, 0x27, 0xff,
    0x57, 0x44, 0x27, 0xff, 0x57, 0x44, 0x27, 0xff, 0x57, 0x44, 0x27, 0xff,
    0x57, 0x44, 0x27, 0xff, 0x57, 0x44, 0x27, 0xff, 0x57, 0x44, 0x27, 0xff,
    0x57, 0x44, 0x27, 0xff, 0x57, 0x44, 0x27, 0xff, 0x57, 0x44, 0x27, 0xff,
    0x57, 0x44, 0x27, 0xff, 0x57, 0x44, 0x27, 0xff, 0x57, 0x44, 0x27, 0xff,
    0x57, 0x44, 0x27, 0xff, 0x51, 0x3f, 0x24, 0xff, 0x3f, 0x31, 0x1c, 0xff,
    0x3f, 0x31, 0x1c, 0xff, 0x41, 0x33, 0x1f, 0xbf, 0x7d, 0x6f, 0x57, 0x8f,
    0x6d, 0x5d, 0x44, 0xff, 0x5d, 0x4a, 0x2f, 0xff, 0x57, 0x44, 0x27, 0xff,
    0x57, 0x44, 0x27, 0xff, 0x57, 0x44, 0x27, 0xff, 0x57, 0x44, 0x27, 0xff,
    0x57, 0x44, 0x27, 0xff, 0x57, 0x44, 0x27, 0xff, 0x57, 0x44, 0x27, 0xff,
    0x57, 0x44, 0x27, 0xff, 0x57, 0x44, 0x27, 0xff, 0x57, 0x44, 0x27, 0xff,
    0x57, 0x44, 0x27, 0xff, 0x57, 0x44, 0x27, 0xff, 0x57, 0x44, 0x27, 0xff,
    0x57, 0x44, 0x27, 0xff, 0x57, 0x44, 0x27, 0xff, 0x57, 0x44, 0x27, 0xff,
    0x57, 0x44, 0x27, 0xff, 0x57, 0x44, 0x27, 0xff, 0x57, 0x44, 0x27, 0xff,
    0x57, 0x44, 0x27, 0xff, 0x57, 0x44, 0x27, 0xff, 0x57, 0x44, 0x27, 0xff,
    0x57, 0x44, 0x27, 0xff, 0x57, 0x44, 0x27, 0xff, 0x57, 0x44, 0x27, 0xff,
    0x57, 0x44, 0x27, 0xff, 0x57, 0x44, 0x27, 0xff, 0x57, 0x44, 0x27, 0xff,
    0x57, 0x44, 0x27, 0xff, 0x57, 0x44, 0x27, 0xff, 0x57, 0x44, 0x27, 0xff,
    0x57, 0x44, 0x27, 0xff, 0x57, 0x44, 0x27, 0xff, 0x57, 0x44, 0x27, 0xff,
    0x57, 0x44, 0x27, 0xff, 0x57, 0x44, 0x27, 0xff, 0x57, 0x44, 0x27, 0xff,
    0x57, 0x44, 0x27, 0xff, 0x57, 0x44, 0x27, 0xff, 0x57, 0x44, 0x27, 0xff,
    0x57, 0x44, 0x27, 0xff, 0x57, 0x44, 0x27, 0xff, 0x57, 0x44, 0x27, 0xff,
    0x4c, 0x3b, 0x22, 0xff, 0x3f, 0x31, 0x1c, 0xff, 0x40, 0x32, 0x1d, 0xff,
    0x42, 0x35, 0x20, 0x8f, 0x7d, 0x70, 0x58, 0x60, 0x71, 0x61, 0x49, 0xff,
    0x60, 0x4f, 0x33, 0xff, 0x58, 0x45, 0x28, 0xff, 0x57, 0x44, 0x27, 0xff,
    0x57, 0x44, 0x27, 0xff, 0x57, 0x44, 0x27, 0xff, 0x57, 0x44, 0x27, 0xff,
    0x57, 0x44, 0x27, 0xff, 0x57, 0x44, 0x27, 0xff, 0x57, 0x44, 0x27, 0xff,
    0x57, 0x44, 0x27, 0xff, 0x57, 0x44, 0x27, 0xff, 0x57, 0x44, 0x27, 0xff,
    0x57, 0x44, 0x27, 0xff, 0x57, 0x44, 0x27, 0xff, 0x57, 0x44, 0x27, 0xff,
    0x57, 0x44, 0x27, 0xff, 0x57, 0x44, 0x27, 0xff, 0x57, 0x44, 0x27, 0xff,
    0x57, 0x44, 0x27, 0xff, 0x57, 0x44, 0x27, 0xff, 0x57, 0x44, 0x27, 0xff,
    0x57, 0x44, 0x27, 0xff, 0x57, 0x44, 0x27, 0xff, 0x57, 0x44, 0x27, 0xff,
    0x57, 0x44, 0x27, 0xff, 0x57, 0x44, 0x27, 0xff, 0x57, 0x44, 0x27, 0xff,
    0x57, 0x44, 0x27, 0xff, 0x57, 0x44, 0x27, 0xff, 0x57, 0x44, 0x27, 0xff,
    0x57, 0x44, 0x27, 0xff, 0x57, 0x44, 0x27, 0xff, 0x57, 0x44, 0x27, 0xff,
    0x57, 0x44, 0x27, 0xff, 0x57, 0x44, 0x27, 0xff, 0x57, 0x44, 0x27, 0xff,
    0x57, 0x44, 0x27, 0xff, 0x57, 0x44, 0x27, 0xff, 0x57, 0x44, 0x27, 0xff,
    0x57, 0x44, 0x27, 0xff, 0x57, 0x44, 0x27, 0xff, 0x57, 0x44, 0x27, 0xff,
    0x57, 0x44, 0x27, 0xff, 0x57, 0x44, 0x27, 0xff, 0x48, 0x38, 0x20, 0xff,
    0x3f, 0x31, 0x1c, 0xff, 0x40, 0x32, 0x1d, 0xff, 0x45, 0x38, 0x22, 0x60,
    0x7f, 0x70, 0x58, 0x20, 0x75, 0x66, 0x4e, 0xff, 0x63, 0x51, 0x36, 0xff,
    0x59, 0x46, 0x2a, 0xff, 0x57, 0x44, 0x27, 0xff, 0x57, 0x44, 0x27, 0xff,
    0x57, 0x44, 0x27, 0xff, 0x57, 0x44, 0x27, 0xff, 0x57, 0x44, 0x27, 0xff,
    0x57, 0x44, 0x27, 0xff, 0x57, 0x44, 0x27, 0xff, 0x57, 0x44, 0x27, 0xff,
    0x57, 0x44, 0x27, 0xff, 0x57, 0x44, 0x27, 0xff, 0x57, 0x44, 0x27, 0xff,
    0x57, 0x44, 0x27, 0xff, 0x57, 0x44, 0x27, 0xff, 0x57, 0x44, 0x27, 0xff,
    0x57, 0x44, 0x27, 0xff, 0x57, 0x44, 0x27, 0xff, 0x57, 0x44, 0x27, 0xff,
    0x57, 0x44, 0x27, 0xff, 0x57, 0x44, 0x27, 0xff, 0x57, 0x44, 0x27, 0xff,
    0x57, 0x44, 0x27, 0xff, 0x57, 0x44, 0x27, 0xff, 0x57, 0x44, 0x27, 0xff,
    0x57, 0x44, 0x27, 0xff, 0x57, 0x44, 0x27, 0xff, 0x57, 0x44, 0x27, 0xff,
    0x57, 0x44, 0x27, 0xff, 0x57, 0x44, 0x27, 0xff, 0x57, 0x44, 0x27, 0xff,
    0x57, 0x44, 0x27, 0xff, 0x57, 0x44, 0x27, 0xff, 0x57, 0x44, 0x27, 0xff,
    0x57, 0x44, 0x27, 0xff, 0x57, 0x44, 0x27, 0xff, 0x57, 0x44, 0x27, 0xff,
    0x57, 0x44, 0x27, 0xff, 0x57, 0x44, 0x27, 0xff, 0x57, 0x44, 0x27, 0xff,
    0x57, 0x44, 0x27, 0xff, 0x57, 0x44, 0x27, 0xff, 0x57, 0x44, 0x27, 0xff,
    0x57, 0x44, 0x27, 0xff, 0x42, 0x33, 0x1e, 0xff, 0x3f, 0x31, 0x1c, 0xff,
    0x42, 0x34, 0x1f, 0xff, 0x40, 0x38, 0x28, 0x20, 0x00, 0x00, 0x00, 0x00,
    0x7a, 0x6a, 0x53, 0xdf, 0x67, 0x56, 0x3c, 0xff, 0x5b, 0x48, 0x2c, 0xff,
    0x57, 0x44, 0x27, 0xff, 0x57, 0x44, 0x27, 0xff, 0x57, 0x44, 0x27, 0xff,
    0x57, 0x44, 0x27, 0xff, 0x57, 0x44, 0x27, 0xff, 0x57, 0x44, 0x27, 0xff,
    0x57, 0x44, 0x27, 0xff, 0x57, 0x44, 0x27, 0xff, 0x57, 0x44, 0x27, 0xff,
    0x57, 0x44, 0x27, 0xff, 0x57, 0x44, 0x27, 0xff, 0x57, 0x44, 0x27, 0xff,
    0x57, 0x44, 0x27, 0xff, 0x57, 0x44, 0x27, 0xff, 0x57, 0x44, 0x27, 0xff,
    0x57, 0x44, 0x27, 0xff, 0x57, 0x44, 0x27, 0xff, 0x57, 0x44, 0x27, 0xff,
    0x57, 0x44, 0x27, 0xff, 0x57, 0x44, 0x27, 0xff, 0x57, 0x44, 0x27, 0xff,
    0x57, 0x44, 0x27, 0xff, 0x57, 0x44, 0x27, 0xff, 0x57, 0x44, 0x27, 0xff,
    0x57, 0x44, 0x27, 0xff, 0x57, 0x44, 0x27, 0xff, 0x57, 0x44, 0x27, 0xff,
    0x57, 0x44, 0x27, 0xff, 0x57, 0x44, 0x27, 0xff, 0x57, 0x44, 0x27, 0xff,
    0x57, 0x44, 0x27, 0xff, 0x57, 0x44, 0x27, 0xff, 0x57, 0x44, 0x27, 0xff,
    0x57, 0x44, 0x27, 0xff, 0x57, 0x44, 0x27, 0xff, 0x57, 0x44, 0x27, 0xff,
    0x57, 0x44, 0x27, 0xff, 0x57, 0x44, 0x27, 0xff, 0x57, 0x44, 0x27, 0xff,
    0x57, 0x44, 0x27, 0xff, 0x57, 0x44, 0x27, 0xff, 0x54, 0x41, 0x26, 0xff,
    0x3f, 0x31, 0x1c, 0xff, 0x3f, 0x31, 0x1c, 0xff, 0x43, 0x36, 0x20, 0xdf,
    0x00, 0x00, 0x00, 0x00, 0x00, 0x00, 0x00, 0x00, 0x7b, 0x6e, 0x56, 0x80,
    0x6f, 0x5e, 0x46, 0xff, 0x5e, 0x4c, 0x30, 0xff, 0x57, 0x45, 0x28, 0xff,
    0x57, 0x44, 0x27, 0xff, 0x57, 0x44, 0x27, 0xff, 0x57, 0x44, 0x27, 0xff,
    0x57, 0x44, 0x27, 0xff, 0x57, 0x44, 0x27, 0xff, 0x57, 0x44, 0x27, 0xff,
    0x57, 0x44, 0x27, 0xff, 0x57, 0x44, 0x27, 0xff, 0x57, 0x44, 0x27, 0xff,
    0x57, 0x44, 0x27, 0xff, 0x57, 0x44, 0x27, 0xff, 0x57, 0x44, 0x27, 0xff,
    0x57, 0x44, 0x27, 0xff, 0x57, 0x44, 0x27, 0xff, 0x57, 0x44, 0x27, 0xff,
    0x57, 0x44, 0x27, 0xff, 0x57, 0x44, 0x27, 0xff, 0x57, 0x44, 0x27, 0xff,
    0x57, 0x44, 0x27, 0xff, 0x57, 0x44, 0x27, 0xff, 0x57, 0x44, 0x27, 0xff,
    0x57, 0x44, 0x27, 0xff, 0x57, 0x44, 0x27, 0xff, 0x57, 0x44, 0x27, 0xff,
    0x57, 0x44, 0x27, 0xff, 0x57, 0x44, 0x27, 0xff, 0x57, 0x44, 0x27, 0xff,
    0x57, 0x44, 0x27, 0xff, 0x57, 0x44, 0x27, 0xff, 0x57, 0x44, 0x27, 0xff,
    0x57, 0x44, 0x27, 0xff, 0x57, 0x44, 0x27, 0xff, 0x57, 0x44, 0x27, 0xff,
    0x57, 0x44, 0x27, 0xff, 0x57, 0x44, 0x27, 0xff, 0x57, 0x44, 0x27, 0xff,
    0x57, 0x44, 0x27, 0xff, 0x57, 0x44, 0x27, 0xff, 0x57, 0x44, 0x27, 0xff,
    0x57, 0x44, 0x27, 0xff, 0x4c, 0x3b, 0x22, 0xff, 0x3f, 0x31, 0x1c, 0xff,
    0x40, 0x32, 0x1d, 0xff, 0x44, 0x37, 0x22, 0x8f, 0x00, 0x00, 0x00, 0x00,
    0x00, 0x00, 0x00, 0x00, 0x7f, 0x70, 0x50, 0x10, 0x76, 0x66, 0x4e, 0xff,
    0x64, 0x52, 0x37, 0xff, 0x59, 0x46, 0x2a, 0xff, 0x57, 0x44, 0x27, 0xff,
    0x57, 0x44, 0x27, 0xff, 0x57, 0x44, 0x27, 0xff, 0x57, 0x44, 0x27, 0xff,
    0x57, 0x44, 0x27, 0xff, 0x57, 0x44, 0x27, 0xff, 0x57, 0x44, 0x27, 0xff,
    0x57, 0x44, 0x27, 0xff, 0x57, 0x44, 0x27, 0xff, 0x57, 0x44, 0x27, 0xff,
    0x57, 0x44, 0x27, 0xff, 0x57, 0x44, 0x27, 0xff, 0x57, 0x44, 0x27, 0xff,
    0x57, 0x44, 0x27, 0xff, 0x57, 0x44, 0x27, 0xff, 0x57, 0x44, 0x27, 0xff,
    0x57, 0x44, 0x27, 0xff, 0x57, 0x44, 0x27, 0xff, 0x57, 0x44, 0x27, 0xff,
    0x57, 0x44, 0x27, 0xff, 0x57, 0x44, 0x27, 0xff, 0x57, 0x44, 0x27, 0xff,
    0x57, 0x44, 0x27, 0xff, 0x57, 0x44, 0x27, 0xff, 0x57, 0x44, 0x27, 0xff,
    0x57, 0x44, 0x27, 0xff, 0x57, 0x44, 0x27, 0xff, 0x57, 0x44, 0x27, 0xff,
    0x57, 0x44, 0x27, 0xff, 0x57, 0x44, 0x27, 0xff, 0x57, 0x44, 0x27, 0xff,
    0x57, 0x44, 0x27, 0xff, 0x57, 0x44, 0x27, 0xff, 0x57, 0x44, 0x27, 0xff,
    0x57, 0x44, 0x27, 0xff, 0x57, 0x44, 0x27, 0xff, 0x57, 0x44, 0x27, 0xff,
    0x57, 0x44, 0x27, 0xff, 0x57, 0x44, 0x27, 0xff, 0x57, 0x44, 0x27, 0xff,
    0x42, 0x33, 0x1e, 0xff, 0x3f, 0x31, 0x1c, 0xff, 0x42, 0x34, 0x1f, 0xff,
    0x40, 0x38, 0x28, 0x20, 0x00, 0x00, 0x00, 0x00, 0x00, 0x00, 0x00, 0x00,
    0x00, 0x00, 0x00, 0x00, 0x7b, 0x6c, 0x54, 0xbf, 0x6b, 0x5a, 0x41, 0xff,
    0x5d, 0x4a, 0x2e, 0xff, 0x57, 0x44, 0x27, 0xff, 0x57, 0x44, 0x27, 0xff,
    0x57, 0x44, 0x27, 0xff, 0x57, 0x44, 0x27, 0xff, 0x57, 0x44, 0x27, 0xff,
    0x57, 0x44, 0x27, 0xff, 0x57, 0x44, 0x27, 0xff, 0x57, 0x44, 0x27, 0xff,
    0x57, 0x44, 0x27, 0xff, 0x57, 0x44, 0x27, 0xff, 0x57, 0x44, 0x27, 0xff,
    0x57, 0x44, 0x27, 0xff, 0x57, 0x44, 0x27, 0xff, 0x57, 0x44, 0x27, 0xff,
    0x57, 0x44, 0x27, 0xff, 0x57, 0x44, 0x27, 0xff, 0x57, 0x44, 0x27, 0xff,
    0x57, 0x44, 0x27, 0xff, 0x57, 0x44, 0x27, 0xff, 0x57, 0x44, 0x27, 0xff,
    0x57, 0x44, 0x27, 0xff, 0x57, 0x44, 0x27, 0xff, 0x57, 0x44, 0x27, 0xff,
    0x57, 0x44, 0x27, 0xff, 0x57, 0x44, 0x27, 0xff, 0x57, 0x44, 0x27, 0xff,
    0x57, 0x44, 0x27, 0xff, 0x57, 0x44, 0x27, 0xff, 0x57, 0x44, 0x27, 0xff,
    0x57, 0x44, 0x27, 0xff, 0x57, 0x44, 0x27, 0xff, 0x57, 0x44, 0x27, 0xff,
    0x57, 0x44, 0x27, 0xff, 0x57, 0x44, 0x27, 0xff, 0x57, 0x44, 0x27, 0xff,
    0x57, 0x44, 0x27, 0xff, 0x57, 0x44, 0x27, 0xff, 0x57, 0x44, 0x27, 0xff,
    0x57, 0x44, 0x27, 0xff, 0x4e, 0x3c, 0x23, 0xff, 0x3f, 0x31, 0x1c, 0xff,
    0x40, 0x32, 0x1d, 0xff, 0x43, 0x35, 0x20, 0x9f, 0x00, 0x00, 0x00, 0x00,
    0x00, 0x00, 0x00, 0x00, 0x00, 0x00, 0x00, 0x00, 0x00, 0x00, 0x00, 0x00,
    0x7b, 0x70, 0x58, 0x40, 0x74, 0x64, 0x4c, 0xff, 0x63, 0x51, 0x37, 0xff,
    0x59, 0x46, 0x2a, 0xff, 0x57, 0x44, 0x27, 0xff, 0x57, 0x44, 0x27, 0xff,
    0x57, 0x44, 0x27, 0xff, 0x57, 0x44, 0x27, 0xff, 0x57, 0x44, 0x27, 0xff,
    0x57, 0x44, 0x27, 0xff, 0x57, 0x44, 0x27, 0xff, 0x57, 0x44, 0x27, 0xff,
    0x57, 0x44, 0x27, 0xff, 0x57, 0x44, 0x27, 0xff, 0x57, 0x44, 0x27, 0xff,
    0x57, 0x44, 0x27, 0xff, 0x57, 0x44, 0x27, 0xff, 0x57, 0x44, 0x27, 0xff,
    0x57, 0x44, 0x27, 0xff, 0x57, 0x44, 0x27, 0xff, 0x57, 0x44, 0x27, 0xff,
    0x57, 0x44, 0x27, 0xff, 0x57, 0x44, 0x27, 0xff, 0x57, 0x44, 0x27, 0xff,
    0x57, 0x44, 0x27, 0xff, 0x57, 0x44, 0x27, 0xff, 0x57, 0x44, 0x27, 0xff,
    0x57, 0x44, 0x27, 0xff, 0x57, 0x44, 0x27, 0xff, 0x57, 0x44, 0x27, 0xff,
    0x57, 0x44, 0x27, 0xff, 0x57, 0x44, 0x27, 0xff, 0x57, 0x44, 0x27, 0xff,
    0x57, 0x44, 0x27, 0xff, 0x57, 0x44, 0x27, 0xff, 0x57, 0x44, 0x27, 0xff,
    0x57, 0x44, 0x27, 0xff, 0x57, 0x44, 0x27, 0xff, 0x57, 0x44, 0x27, 0xff,
    0x57, 0x44, 0x27, 0xff, 0x57, 0x44, 0x27, 0xff, 0x57, 0x44, 0x27, 0xff,
    0x42, 0x33, 0x1e, 0xff, 0x3f, 0x31, 0x1c, 0xff, 0x42, 0x34, 0x1f, 0xff,
    0x40, 0x38, 0x28, 0x20, 0x00, 0x00, 0x00, 0x00, 0x00, 0x00, 0x00, 0x00,
    0x00, 0x00, 0x00, 0x00, 0x00, 0x00, 0x00, 0x00, 0x00, 0x00, 0x00, 0x00,
    0x7a, 0x6a, 0x54, 0xaf, 0x6c, 0x5b, 0x42, 0xff, 0x5e, 0x4b, 0x30, 0xff,
    0x57, 0x44, 0x28, 0xff, 0x57, 0x44, 0x27, 0xff, 0x57, 0x44, 0x27, 0xff,
    0x57, 0x44, 0x27, 0xff, 0x57, 0x44, 0x27, 0xff, 0x57, 0x44, 0x27, 0xff,
    0x57, 0x44, 0x27, 0xff, 0x57, 0x44, 0x27, 0xff, 0x57, 0x44, 0x27, 0xff,
    0x57, 0x44, 0x27, 0xff, 0x57, 0x44, 0x27, 0xff, 0x57, 0x44, 0x27, 0xff,
    0x57, 0x44, 0x27, 0xff, 0x57, 0x44, 0x27, 0xff, 0x57, 0x44, 0x27, 0xff,
    0x57, 0x44, 0x27, 0xff, 0x57, 0x44, 0x27, 0xff, 0x57, 0x44, 0x27, 0xff,
    0x57, 0x44, 0x27, 0xff, 0x57, 0x44, 0x27, 0xff, 0x57, 0x44, 0x27, 0xff,
    0x57, 0x44, 0x27, 0xff, 0x57, 0x44, 0x27, 0xff, 0x57, 0x44, 0x27, 0xff,
    0x57, 0x44, 0x27, 0xff, 0x57, 0x44, 0x27, 0xff, 0x57, 0x44, 0x27, 0xff,
    0x57, 0x44, 0x27, 0xff, 0x57, 0x44, 0x27, 0xff, 0x57, 0x44, 0x27, 0xff,
    0x57, 0x44, 0x27, 0xff, 0x57, 0x44, 0x27, 0xff, 0x57, 0x44, 0x27, 0xff,
    0x57, 0x44, 0x27, 0xff, 0x57, 0x44, 0x27, 0xff, 0x57, 0x44, 0x27, 0xff,
    0x57, 0x44, 0x27, 0xff, 0x4e, 0x3c, 0x23, 0xff, 0x3f, 0x31, 0x1c, 0xff,
    0x40, 0x32, 0x1d, 0xff, 0x45, 0x36, 0x22, 0x9f, 0x00, 0x00, 0x00, 0x00,
    0x00, 0x00, 0x00, 0x00, 0x00, 0x00, 0x00, 0x00, 0x00, 0x00, 0x00, 0x00,
    0x00, 0x00, 0x00, 0x00, 0x00, 0x00, 0x00, 0x00, 0x7f, 0x70, 0x58, 0x20,
    0x75, 0x66, 0x4f, 0xef, 0x66, 0x55, 0x3a, 0xff, 0x5a, 0x48, 0x2c, 0xff,
    0x57, 0x44, 0x27, 0xff, 0x57, 0x44, 0x27, 0xff, 0x57, 0x44, 0x27, 0xff,
    0x57, 0x44, 0x27, 0xff, 0x57, 0x44, 0x27, 0xff, 0x57, 0x44, 0x27, 0xff,
    0x57, 0x44, 0x27, 0xff, 0x57, 0x44, 0x27, 0xff, 0x57, 0x44, 0x27, 0xff,
    0x57, 0x44, 0x27, 0xff, 0x57, 0x44, 0x27, 0xff, 0x57, 0x44, 0x27, 0xff,
    0x57, 0x44, 0x27, 0xff, 0x57, 0x44, 0x27, 0xff, 0x57, 0x44, 0x27, 0xff,
    0x57, 0x44, 0x27, 0xff, 0x57, 0x44, 0x27, 0xff, 0x57, 0x44, 0x27, 0xff,
    0x57, 0x44, 0x27, 0xff, 0x57, 0x44, 0x27, 0xff, 0x57, 0x44, 0x27, 0xff,
    0x57, 0x44, 0x27, 0xff, 0x57, 0x44, 0x27, 0xff, 0x57, 0x44, 0x27, 0xff,
    0x57, 0x44, 0x27, 0xff, 0x57, 0x44, 0x27, 0xff, 0x57, 0x44, 0x27, 0xff,
    0x57, 0x44, 0x27, 0xff, 0x57, 0x44, 0x27, 0xff, 0x57, 0x44, 0x27, 0xff,
    0x57, 0x44, 0x27, 0xff, 0x57, 0x44, 0x27, 0xff, 0x57, 0x44, 0x27, 0xff,
    0x57, 0x44, 0x27, 0xff, 0x57, 0x44, 0x27, 0xff, 0x54, 0x41, 0x26, 0xff,
    0x42, 0x33, 0x1e, 0xff, 0x40, 0x31, 0x1c, 0xff, 0x42, 0x35, 0x20, 0xdf,
    0x48, 0x38, 0x28, 0x20, 0x00, 0x00, 0x00, 0x00, 0x00, 0x00, 0x00, 0x00,
    0x00, 0x00, 0x00, 0x00, 0x00, 0x00, 0x00, 0x00, 0x00, 0x00, 0x00, 0x00,
    0x00, 0x00, 0x00, 0x00, 0x00, 0x00, 0x00, 0x00, 0x7d, 0x6d, 0x56, 0x70,
    0x71, 0x61, 0x48, 0xff, 0x62, 0x50, 0x34, 0xff, 0x59, 0x46, 0x2a, 0xff,
    0x57, 0x44, 0x27, 0xff, 0x57, 0x44, 0x27, 0xff, 0x57, 0x44, 0x27, 0xff,
    0x57, 0x44, 0x27, 0xff, 0x57, 0x44, 0x27, 0xff, 0x57, 0x44, 0x27, 0xff,
    0x57, 0x44, 0x27, 0xff, 0x57, 0x44, 0x27, 0xff, 0x57, 0x44, 0x27, 0xff,
    0x57, 0x44, 0x27, 0xff, 0x57, 0x44, 0x27, 0xff, 0x57, 0x44, 0x27, 0xff,
    0x57, 0x44, 0x27, 0xff, 0x57, 0x44, 0x27, 0xff, 0x57, 0x44, 0x27, 0xff,
    0x57, 0x44, 0x27, 0xff, 0x57, 0x44, 0x27, 0xff, 0x57, 0x44, 0x27, 0xff,
    0x57, 0x44, 0x27, 0xff, 0x57, 0x44, 0x27, 0xff, 0x57, 0x44, 0x27, 0xff,
    0x57, 0x44, 0x27, 0xff, 0x57, 0x44, 0x27, 0xff, 0x57, 0x44, 0x27, 0xff,
    0x57, 0x44, 0x27, 0xff, 0x57, 0x44, 0x27, 0xff, 0x57, 0x44, 0x27, 0xff,
    0x57, 0x44, 0x27, 0xff, 0x57, 0x44, 0x27, 0xff, 0x57, 0x44, 0x27, 0xff,
    0x57, 0x44, 0x27, 0xff, 0x57, 0x44, 0x27, 0xff, 0x57, 0x44, 0x27, 0xff,
    0x57, 0x44, 0x27, 0xff, 0x48, 0x38, 0x20, 0xff, 0x3f, 0x31, 0x1c, 0xff,
    0x42, 0x34, 0x1f, 0xff, 0x45, 0x38, 0x25, 0x60, 0x00, 0x00, 0x00, 0x00,
    0x00, 0x00, 0x00, 0x00, 0x00, 0x00, 0x00, 0x00, 0x00, 0x00, 0x00, 0x00,
    0x00, 0x00, 0x00, 0x00, 0x00, 0x00, 0x00, 0x00, 0x00, 0x00, 0x00, 0x00,
    0x00, 0x00, 0x00, 0x00, 0x00, 0x00, 0x00, 0x00, 0x78, 0x68, 0x51, 0x90,
    0x6d, 0x5c, 0x43, 0xff, 0x5f, 0x4d, 0x31, 0xff, 0x59, 0x46, 0x29, 0xff,
    0x57, 0x44, 0x27, 0xff, 0x57, 0x44, 0x27, 0xff, 0x57, 0x44, 0x27, 0xff,
    0x57, 0x44, 0x27, 0xff, 0x57, 0x44, 0x27, 0xff, 0x57, 0x44, 0x27, 0xff,
    0x57, 0x44, 0x27, 0xff, 0x57, 0x44, 0x27, 0xff, 0x57, 0x44, 0x27, 0xff,
    0x57, 0x44, 0x27, 0xff, 0x57, 0x44, 0x27, 0xff, 0x57, 0x44, 0x27, 0xff,
    0x57, 0x44, 0x27, 0xff, 0x57, 0x44, 0x27, 0xff, 0x57, 0x44, 0x27, 0xff,
    0x57, 0x44, 0x27, 0xff, 0x57, 0x44, 0x27, 0xff, 0x57, 0x44, 0x27, 0xff,
    0x57, 0x44, 0x27, 0xff, 0x57, 0x44, 0x27, 0xff, 0x57, 0x44, 0x27, 0xff,
    0x57, 0x44, 0x27, 0xff, 0x57, 0x44, 0x27, 0xff, 0x57, 0x44, 0x27, 0xff,
    0x57, 0x44, 0x27, 0xff, 0x57, 0x44, 0x27, 0xff, 0x57, 0x44, 0x27, 0xff,
    0x57, 0x44, 0x27, 0xff, 0x57, 0x44, 0x27, 0xff, 0x57, 0x44, 0x27, 0xff,
    0x57, 0x44, 0x27, 0xff, 0x57, 0x44, 0x27, 0xff, 0x4d, 0x3b, 0x22, 0xff,
    0x3f, 0x31, 0x1c, 0xff, 0x41, 0x33, 0x1e, 0xff, 0x44, 0x37, 0x24, 0x8f,
    0x00, 0x00, 0x00, 0x00, 0x00, 0x00, 0x00, 0x00, 0x00, 0x00, 0x00, 0x00,
    0x00, 0x00, 0x00, 0x00, 0x00, 0x00, 0x00, 0x00, 0x00, 0x00, 0x00, 0x00,
    0x00, 0x00, 0x00, 0x00, 0x00, 0x00, 0x00, 0x00, 0x00, 0x00, 0x00, 0x00,
    0x00, 0x00, 0x00, 0x00, 0x00, 0x00, 0x00, 0x00, 0x77, 0x69, 0x51, 0xcf,
    0x6a, 0x59, 0x40, 0xff, 0x5e, 0x4c, 0x30, 0xff, 0x58, 0x45, 0x29, 0xff,
    0x57, 0x44, 0x27, 0xff, 0x57, 0x44, 0x27, 0xff, 0x57, 0x44, 0x27, 0xff,
    0x57, 0x44, 0x27, 0xff, 0x57, 0x44, 0x27, 0xff, 0x57, 0x44, 0x27, 0xff,
    0x57, 0x44, 0x27, 0xff, 0x57, 0x44, 0x27, 0xff, 0x57, 0x44, 0x27, 0xff,
    0x57, 0x44, 0x27, 0xff, 0x57, 0x44, 0x27, 0xff, 0x57, 0x44, 0x27, 0xff,
    0x57, 0x44, 0x27, 0xff, 0x57, 0x44, 0x27, 0xff, 0x57, 0x44, 0x27, 0xff,
    0x57, 0x44, 0x27, 0xff, 0x57, 0x44, 0x27, 0xff, 0x57, 0x44, 0x27, 0xff,
    0x57, 0x44, 0x27, 0xff, 0x57, 0x44, 0x27, 0xff, 0x57, 0x44, 0x27, 0xff,
    0x57, 0x44, 0x27, 0xff, 0x57, 0x44, 0x27, 0xff, 0x57, 0x44, 0x27, 0xff,
    0x57, 0x44, 0x27, 0xff, 0x57, 0x44, 0x27, 0xff, 0x57, 0x44, 0x27, 0xff,
    0x57, 0x44, 0x27, 0xff, 0x57, 0x44, 0x27, 0xff, 0x57, 0x44, 0x27, 0xff,
    0x53, 0x40, 0x25, 0xff, 0x3f, 0x31, 0x1c, 0xff, 0x41, 0x33, 0x1e, 0xff,
    0x46, 0x39, 0x24, 0xcf, 0x00, 0x00, 0x00, 0x00, 0x00, 0x00, 0x00, 0x00,
    0x00, 0x00, 0x00, 0x00, 0x00, 0x00, 0x00, 0x00, 0x00, 0x00, 0x00, 0x00,
    0x00, 0x00, 0x00, 0x00, 0x00, 0x00, 0x00, 0x00, 0x00, 0x00, 0x00, 0x00,
    0x00, 0x00, 0x00, 0x00, 0x00, 0x00, 0x00, 0x00, 0x00, 0x00, 0x00, 0x00,
    0x00, 0x00, 0x00, 0x00, 0x7f, 0x70, 0x50, 0x10, 0x76, 0x67, 0x50, 0xcf,
    0x69, 0x59, 0x3f, 0xff, 0x5e, 0x4c, 0x30, 0xff, 0x58, 0x45, 0x29, 0xff,
    0x57, 0x44, 0x27, 0xff, 0x57, 0x44, 0x27, 0xff, 0x57, 0x44, 0x27, 0xff,
    0x57, 0x44, 0x27, 0xff, 0x57, 0x44, 0x27, 0xff, 0x57, 0x44, 0x27, 0xff,
    0x57, 0x44, 0x27, 0xff, 0x57, 0x44, 0x27, 0xff, 0x57, 0x44, 0x27, 0xff,
    0x57, 0x44, 0x27, 0xff, 0x57, 0x44, 0x27, 0xff, 0x57, 0x44, 0x27, 0xff,
    0x57, 0x44, 0x27, 0xff, 0x57, 0x44, 0x27, 0xff, 0x57, 0x44, 0x27, 0xff,
    0x57, 0x44, 0x27, 0xff, 0x57, 0x44, 0x27, 0xff, 0x57, 0x44, 0x27, 0xff,
    0x57, 0x44, 0x27, 0xff, 0x57, 0x44, 0x27, 0xff, 0x57, 0x44, 0x27, 0xff,
    0x57, 0x44, 0x27, 0xff, 0x57, 0x44, 0x27, 0xff, 0x57, 0x44, 0x27, 0xff,
    0x57, 0x44, 0x27, 0xff, 0x57, 0x44, 0x27, 0xff, 0x57, 0x44, 0x27, 0xff,
    0x57, 0x44, 0x27, 0xff, 0x53, 0x40, 0x25, 0xff, 0x41, 0x32, 0x1d, 0xff,
    0x41, 0x33, 0x1e, 0xff, 0x46, 0x39, 0x24, 0xcf, 0x50, 0x40, 0x30, 0x10,
    0x00, 0x00, 0x00, 0x00, 0x00, 0x00, 0x00, 0x00, 0x00, 0x00, 0x00, 0x00,
    0x00, 0x00, 0x00, 0x00, 0x00, 0x00, 0x00, 0x00, 0x00, 0x00, 0x00, 0x00,
    0x00, 0x00, 0x00, 0x00, 0x00, 0x00, 0x00, 0x00, 0x00, 0x00, 0x00, 0x00,
    0x00, 0x00, 0x00, 0x00, 0x00, 0x00, 0x00, 0x00, 0x00, 0x00, 0x00, 0x00,
    0x00, 0x00, 0x00, 0x00, 0x7f, 0x70, 0x50, 0x10, 0x76, 0x67, 0x4f, 0xcf,
    0x6a, 0x59, 0x3f, 0xff, 0x5f, 0x4d, 0x31, 0xff, 0x59, 0x46, 0x29, 0xff,
    0x57, 0x44, 0x27, 0xff, 0x57, 0x44, 0x27, 0xff, 0x57, 0x44, 0x27, 0xff,
    0x57, 0x44, 0x27, 0xff, 0x57, 0x44, 0x27, 0xff, 0x57, 0x44, 0x27, 0xff,
    0x57, 0x44, 0x27, 0xff, 0x57, 0x44, 0x27, 0xff, 0x57, 0x44, 0x27, 0xff,
    0x57, 0x44, 0x27, 0xff, 0x57, 0x44, 0x27, 0xff, 0x57, 0x44, 0x27, 0xff,
    0x57, 0x44, 0x27, 0xff, 0x57, 0x44, 0x27, 0xff, 0x57, 0x44, 0x27, 0xff,
    0x57, 0x44, 0x27, 0xff, 0x57, 0x44, 0x27, 0xff, 0x57, 0x44, 0x27, 0xff,
    0x57, 0x44, 0x27, 0xff, 0x57, 0x44, 0x27, 0xff, 0x57, 0x44, 0x27, 0xff,
    0x57, 0x44, 0x27, 0xff, 0x57, 0x44, 0x27, 0xff, 0x57, 0x44, 0x27, 0xff,
    0x57, 0x44, 0x27, 0xff, 0x57, 0x44, 0x27, 0xff, 0x53, 0x40, 0x25, 0xff,
    0x41, 0x32, 0x1d, 0xff, 0x41, 0x33, 0x1f, 0xff, 0x47, 0x3a, 0x26, 0xcf,
    0x50, 0x40, 0x30, 0x10, 0x00, 0x00, 0x00, 0x00, 0x00, 0x00, 0x00, 0x00,
    0x00, 0x00, 0x00, 0x00, 0x00, 0x00, 0x00, 0x00, 0x00, 0x00, 0x00, 0x00,
    0x00, 0x00, 0x00, 0x00, 0x00, 0x00, 0x00, 0x00, 0x00, 0x00, 0x00, 0x00,
    0x00, 0x00, 0x00, 0x00, 0x00, 0x00, 0x00, 0x00, 0x00, 0x00, 0x00, 0x00,
    0x00, 0x00, 0x00, 0x00, 0x00, 0x00, 0x00, 0x00, 0x00, 0x00, 0x00, 0x00,
    0x00, 0x00, 0x00, 0x00, 0x00, 0x00, 0x00, 0x00, 0x75, 0x65, 0x50, 0x90,
    0x6d, 0x5c, 0x43, 0xff, 0x61, 0x50, 0x34, 0xff, 0x5a, 0x48, 0x2b, 0xff,
    0x57, 0x44, 0x27, 0xff, 0x57, 0x44, 0x27, 0xff, 0x57, 0x44, 0x27, 0xff,
    0x57, 0x44, 0x27, 0xff, 0x57, 0x44, 0x27, 0xff, 0x57, 0x44, 0x27, 0xff,
    0x57, 0x44, 0x27, 0xff, 0x57, 0x44, 0x27, 0xff, 0x57, 0x44, 0x27, 0xff,
    0x57, 0x44, 0x27, 0xff, 0x57, 0x44, 0x27, 0xff, 0x57, 0x44, 0x27, 0xff,
    0x57, 0x44, 0x27, 0xff, 0x57, 0x44, 0x27, 0xff, 0x57, 0x44, 0x27, 0xff,
    0x57, 0x44, 0x27, 0xff, 0x57, 0x44, 0x27, 0xff, 0x57, 0x44, 0x27, 0xff,
    0x57, 0x44, 0x27, 0xff, 0x57, 0x44, 0x27, 0xff, 0x57, 0x44, 0x27, 0xff,
    0x57, 0x44, 0x27, 0xff, 0x57, 0x44, 0x27, 0xff, 0x57, 0x44, 0x27, 0xff,
    0x4d, 0x3b, 0x22, 0xff, 0x40, 0x32, 0x1d, 0xff, 0x43, 0x35, 0x21, 0xff,
    0x47, 0x39, 0x25, 0x8f, 0x00, 0x00, 0x00, 0x00, 0x00, 0x00, 0x00, 0x00,
    0x00, 0x00, 0x00, 0x00, 0x00, 0x00, 0x00, 0x00, 0x00, 0x00, 0x00, 0x00,
    0x00, 0x00, 0x00, 0x00, 0x00, 0x00, 0x00, 0x00, 0x00, 0x00, 0x00, 0x00,
    0x00, 0x00, 0x00, 0x00, 0x00, 0x00, 0x00, 0x00, 0x00, 0x00, 0x00, 0x00,
    0x00, 0x00, 0x00, 0x00, 0x00, 0x00, 0x00, 0x00, 0x00, 0x00, 0x00, 0x00,
    0x00, 0x00, 0x00, 0x00, 0x00, 0x00, 0x00, 0x00, 0x00, 0x00, 0x00, 0x00,
    0x00, 0x00, 0x00, 0x00, 0x00, 0x00, 0x00, 0x00, 0x78, 0x68, 0x50, 0x60,
    0x70, 0x60, 0x47, 0xdf, 0x66, 0x55, 0x3a, 0xff, 0x5d, 0x4b, 0x2f, 0xff,
    0x59, 0x46, 0x29, 0xff, 0x57, 0x44, 0x27, 0xff, 0x57, 0x44, 0x27, 0xff,
    0x57, 0x44, 0x27, 0xff, 0x57, 0x44, 0x27, 0xff, 0x57, 0x44, 0x27, 0xff,
    0x57, 0x44, 0x27, 0xff, 0x57, 0x44, 0x27, 0xff, 0x57, 0x44, 0x27, 0xff,
    0x57, 0x44, 0x27, 0xff, 0x57, 0x44, 0x27, 0xff, 0x57, 0x44, 0x27, 0xff,
    0x57, 0x44, 0x27, 0xff, 0x57, 0x44, 0x27, 0xff, 0x57, 0x44, 0x27, 0xff,
    0x57, 0x44, 0x27, 0xff, 0x57, 0x44, 0x27, 0xff, 0x57, 0x44, 0x27, 0xff,
    0x57, 0x44, 0x27, 0xff, 0x57, 0x44, 0x27, 0xff, 0x57, 0x44, 0x27, 0xff,
    0x56, 0x43, 0x26, 0xff, 0x4a, 0x39, 0x21, 0xff, 0x41, 0x33, 0x1f, 0xff,
    0x45, 0x39, 0x24, 0xef, 0x49, 0x3b, 0x29, 0x70, 0x00, 0x00, 0x00, 0x00,
    0x00, 0x00, 0x00, 0x00, 0x00, 0x00, 0x00, 0x00, 0x00, 0x00, 0x00, 0x00,
    0x00, 0x00, 0x00, 0x00, 0x00, 0x00, 0x00, 0x00, 0x00, 0x00, 0x00, 0x00,
    0x00, 0x00, 0x00, 0x00, 0x00, 0x00, 0x00, 0x00, 0x00, 0x00, 0x00, 0x00,
    0x00, 0x00, 0x00, 0x00, 0x00, 0x00, 0x00, 0x00, 0x00, 0x00, 0x00, 0x00,
    0x00, 0x00, 0x00, 0x00, 0x00, 0x00, 0x00, 0x00, 0x00, 0x00, 0x00, 0x00,
    0x00, 0x00, 0x00, 0x00, 0x00, 0x00, 0x00, 0x00, 0x00, 0x00, 0x00, 0x00,
    0x00, 0x00, 0x00, 0x00, 0x00, 0x00, 0x00, 0x00, 0x77, 0x68, 0x50, 0x20,
    0x73, 0x63, 0x4b, 0x9f, 0x6c, 0x5b, 0x42, 0xff, 0x62, 0x51, 0x36, 0xff,
    0x5c, 0x4a, 0x2e, 0xff, 0x59, 0x46, 0x29, 0xff, 0x57, 0x44, 0x27, 0xff,
    0x57, 0x44, 0x27, 0xff, 0x57, 0x44, 0x27, 0xff, 0x57, 0x44, 0x27, 0xff,
    0x57, 0x44, 0x27, 0xff, 0x57, 0x44, 0x27, 0xff, 0x57, 0x44, 0x27, 0xff,
    0x57, 0x44, 0x27, 0xff, 0x57, 0x44, 0x27, 0xff, 0x57, 0x44, 0x27, 0xff,
    0x57, 0x44, 0x27, 0xff, 0x57, 0x44, 0x27, 0xff, 0x57, 0x44, 0x27, 0xff,
    0x57, 0x44, 0x27, 0xff, 0x57, 0x44, 0x27, 0xff, 0x57, 0x44, 0x27, 0xff,
    0x57, 0x44, 0x27, 0xff, 0x50, 0x3f, 0x24, 0xff, 0x45, 0x36, 0x20, 0xff,
    0x45, 0x38, 0x23, 0xff, 0x4a, 0x3d, 0x29, 0xaf, 0x48, 0x40, 0x28, 0x20,
    0x00, 0x00, 0x00, 0x00, 0x00, 0x00, 0x00, 0x00, 0x00, 0x00, 0x00, 0x00,
    0x00, 0x00, 0x00, 0x00, 0x00, 0x00, 0x00, 0x00, 0x00, 0x00, 0x00, 0x00,
    0x00, 0x00, 0x00, 0x00, 0x00, 0x00, 0x00, 0x00, 0x00, 0x00, 0x00, 0x00,
    0x00, 0x00, 0x00, 0x00, 0x00, 0x00, 0x00, 0x00, 0x00, 0x00, 0x00, 0x00,
    0x00, 0x00, 0x00, 0x00, 0x00, 0x00, 0x00, 0x00, 0x00, 0x00, 0x00, 0x00,
    0x00, 0x00, 0x00, 0x00, 0x00, 0x00, 0x00, 0x00, 0x00, 0x00, 0x00, 0x00,
    0x00, 0x00, 0x00, 0x00, 0x00, 0x00, 0x00, 0x00, 0x00, 0x00, 0x00, 0x00,
    0x00, 0x00, 0x00, 0x00, 0x00, 0x00, 0x00, 0x00, 0x00, 0x00, 0x00, 0x00,
    0x77, 0x68, 0x50, 0x20, 0x70, 0x62, 0x48, 0x9f, 0x6b, 0x5a, 0x41, 0xff,
    0x63, 0x52, 0x37, 0xff, 0x5e, 0x4b, 0x30, 0xff, 0x5a, 0x48, 0x2b, 0xff,
    0x59, 0x46, 0x29, 0xff, 0x57, 0x44, 0x27, 0xff, 0x57, 0x44, 0x27, 0xff,
    0x57, 0x44, 0x27, 0xff, 0x57, 0x44, 0x27, 0xff, 0x57, 0x44, 0x27, 0xff,
    0x57, 0x44, 0x27, 0xff, 0x57, 0x44, 0x27, 0xff, 0x57, 0x44, 0x27, 0xff,
    0x57, 0x44, 0x27, 0xff, 0x57, 0x44, 0x27, 0xff, 0x57, 0x44, 0x27, 0xff,
    0x57, 0x44, 0x28, 0xff, 0x53, 0x41, 0x27, 0xff, 0x49, 0x3a, 0x23, 0xff,
    0x47, 0x3a, 0x25, 0xff, 0x4b, 0x3d, 0x2b, 0xbf, 0x4c, 0x40, 0x30, 0x40,
    0x00, 0x00, 0x00, 0x00, 0x00, 0x00, 0x00, 0x00, 0x00, 0x00, 0x00, 0x00,
    0x00, 0x00, 0x00, 0x00, 0x00, 0x00, 0x00, 0x00, 0x00, 0x00, 0x00, 0x00,
    0x00, 0x00, 0x00, 0x00, 0x00, 0x00, 0x00, 0x00, 0x00, 0x00, 0x00, 0x00,
    0x00, 0x00, 0x00, 0x00, 0x00, 0x00, 0x00, 0x00, 0x00, 0x00, 0x00, 0x00,
    0x00, 0x00, 0x00, 0x00, 0x00, 0x00, 0x00, 0x00, 0x00, 0x00, 0x00, 0x00,
    0x00, 0x00, 0x00, 0x00, 0x00, 0x00, 0x00, 0x00, 0x00, 0x00, 0x00, 0x00,
    0x00, 0x00, 0x00, 0x00, 0x00, 0x00, 0x00, 0x00, 0x00, 0x00, 0x00, 0x00,
    0x00, 0x00, 0x00, 0x00, 0x00, 0x00, 0x00, 0x00, 0x00, 0x00, 0x00, 0x00,
    0x00, 0x00, 0x00, 0x00, 0x00, 0x00, 0x00, 0x00, 0x00, 0x00, 0x00, 0x00,
    0x00, 0x00, 0x00, 0x00, 0x77, 0x68, 0x50, 0x20, 0x72, 0x62, 0x49, 0x8f,
    0x6e, 0x5d, 0x43, 0xdf, 0x68, 0x57, 0x3d, 0xff, 0x63, 0x51, 0x36, 0xff,
    0x5f, 0x4d, 0x31, 0xff, 0x5d, 0x4a, 0x2e, 0xff, 0x5b, 0x48, 0x2c, 0xff,
    0x59, 0x47, 0x2b, 0xff, 0x59, 0x46, 0x29, 0xff, 0x59, 0x46, 0x29, 0xff,
    0x59, 0x46, 0x29, 0xff, 0x59, 0x46, 0x29, 0xff, 0x59, 0x47, 0x2a, 0xff,
    0x58, 0x46, 0x2b, 0xff, 0x51, 0x41, 0x29, 0xff, 0x4a, 0x3b, 0x27, 0xff,
    0x4b, 0x3f, 0x2a, 0xdf, 0x4c, 0x40, 0x2e, 0x7f, 0x50, 0x40, 0x30, 0x10,
    0x00, 0x00, 0x00, 0x00, 0x00, 0x00, 0x00, 0x00, 0x00, 0x00, 0x00, 0x00,
    0x00, 0x00, 0x00, 0x00, 0x00, 0x00, 0x00, 0x00, 0x00, 0x00, 0x00, 0x00,
    0x00, 0x00, 0x00, 0x00, 0x00, 0x00, 0x00, 0x00, 0x00, 0x00, 0x00, 0x00,
    0x00, 0x00, 0x00, 0x00, 0x00, 0x00, 0x00, 0x00, 0x00, 0x00, 0x00, 0x00,
    0x00, 0x00, 0x00, 0x00, 0x00, 0x00, 0x00, 0x00, 0x00, 0x00, 0x00, 0x00,
    0x00, 0x00, 0x00, 0x00, 0x00, 0x00, 0x00, 0x00, 0x00, 0x00, 0x00, 0x00,
    0x00, 0x00, 0x00, 0x00, 0x00, 0x00, 0x00, 0x00, 0x00, 0x00, 0x00, 0x00,
    0x00, 0x00, 0x00, 0x00, 0x00, 0x00, 0x00, 0x00, 0x00, 0x00, 0x00, 0x00,
    0x00, 0x00, 0x00, 0x00, 0x00, 0x00, 0x00, 0x00, 0x00, 0x00, 0x00, 0x00,
    0x00, 0x00, 0x00, 0x00, 0x00, 0x00, 0x00, 0x00, 0x00, 0x00, 0x00, 0x00,
    0x00, 0x00, 0x00, 0x00, 0x00, 0x00, 0x00, 0x00, 0x00, 0x00, 0x00, 0x00,
    0x77, 0x68, 0x50, 0x20, 0x70, 0x60, 0x48, 0x60, 0x6d, 0x5d, 0x44, 0x8f,
    0x6b, 0x59, 0x40, 0xbf, 0x68, 0x58, 0x3e, 0xdf, 0x66, 0x55, 0x3b, 0xff,
    0x63, 0x52, 0x38, 0xff, 0x61, 0x51, 0x36, 0xff, 0x5c, 0x4d, 0x34, 0xef,
    0x58, 0x49, 0x32, 0xdf, 0x52, 0x46, 0x31, 0xcf, 0x50, 0x42, 0x30, 0x8f,
    0x50, 0x42, 0x32, 0x60, 0x50, 0x48, 0x30, 0x20, 0x00, 0x00, 0x00, 0x00,
    0x00, 0x00, 0x00, 0x00, 0x00, 0x00, 0x00, 0x00, 0x00, 0x00, 0x00, 0x00,
    0x00, 0x00, 0x00, 0x00, 0x00, 0x00, 0x00, 0x00, 0x00, 0x00, 0x00, 0x00,
    0x00, 0x00, 0x00, 0x00, 0x00, 0x00, 0x00, 0x00, 0x00, 0x00, 0x00, 0x00,
    0x00, 0x00, 0x00, 0x00, 0x00, 0x00, 0x00, 0x00, 0x00, 0x00, 0x00, 0x00,
    0x00, 0x00, 0x00, 0x00, 0x00, 0x00, 0x00, 0x00, 0x00, 0x00, 0x00, 0x00,
    0x00, 0x00, 0x00, 0x00, 0x00, 0x00, 0x00, 0x00
};
